arabic,arabic_romanization,hebrew,hebrew_romanization,pansemitic,layers
אלי,ʔilā,אֶל,el,ʔila,shared_borrowing_source
יעקוב,yaʕqūb,יַעֲקֹב,yaʿaqóv,yaʕaqaw,shared_borrowing_source
יעקוב,yaʕqūb,עֵקֶב,ékev,yaʕaqaw,lemma_promoted
יעקוב,yaʕqūb,עָקֵב,akév,yaʕaqaw,lemma_promoted
יעקוב,yaʕqūb,עָקַב,akáv,yaʕaqaw,lemma_promoted
מג׳נון,majnūn,מַגְ׳נוּן,majnún,majnun,shared_borrowing_source
עִפְֿׄרִיתּ֔,ʕifrīt,עִפְרִית,ʿifrīt,ʕiprit,shared_borrowing_source
קלב,qalb,לִבֵּב,libév,libb,shared_borrowing_source
קלב,qalb,לֵב,lev,libb,shared_borrowing_source
קלב,qalb,לֵבָב,leváv,libb,shared_borrowing_source
آب,ʔāb,אָב,áv,ʔabum,shared_borrowing_source
آب # آبَ,ʔāba,אָב,áv,ʔabum,shared_borrowing_source
آبَ,ʔāba,אָב,áv,ʔabum,shared_borrowing_source
آتَى,ʔātā,נָאוֹת,na'ót,naʔata,direct_cognate_he→ar
آخِر,ʔāḵir,אַחֲרִית,akharít,ʔaxirit,root_family
آخِر,ʔāḵir,אַחֲרוֹן,akharón,ʔaxiran,root_family
آخِر,ʔāḵir,אַחֶרֶת,akhéret,ʔaxirit,root_family
آخِر,ʔāḵir,מְאֻחָר,m'ukhár,miʔaxir,root_family
آخِرَة,ʔāḵira,אַחֶרֶת,akhéret,ʔaxirit,root_family
آدَم,ʔādam,אָדָם,adám,ʔadam,shared_borrowing_source
آدَم,ʔādam,דָּם,dam,dam,shared_borrowing_source
آذَار,ʔāḏār,אֲדָר,adár,ʔaddarum,shared_borrowing_source
آزَر,ʔāzar,אֱלִיעֶזֶר,Eli'ézer,ʔiliʕizir,shared_borrowing_source
آس,ʔās,הֲדַס,haḏás,ʔasum,direct_cognate_he→ar;shared_borrowing_source
آسٍ,ʔāsin,הֲדַס,haḏás,ʔasum,shared_borrowing_source
آشُور,ʔāšūr,אַשּׁוּר,ashúr,ʔaššur,shared_borrowing_source
آكَلَ,ʔākala,אֲכִילָה,akhilá,kaxila,root_family
آكَلَ,ʔākala,אִכֵּל,ikél,kaxla,root_family
آكَلَ,ʔākala,אָכַל,akhál,kaxla,root_family
آكَلَ,ʔākala,אׇכְלָה,okhlá,kaxla,root_family
آكَلَ,ʔākala,מַאֲכָל,ma'akhál,makaxla,root_family
آكَلَ,ʔākala,נֶאֱכַל,ne'ekhál,ʔikala,root_family
آمَنَ,ʔāmana,הֶאֱמִין,he'emín,šaʔimana,direct_cognate_ar→he;direct_cognate_he→ar
آمُون,ʔāmūn,אָמוֹן,amon,yamanuw,shared_borrowing_source
آمُون,ʔāmūn,יָמִין,yamín,yamin,shared_borrowing_source
آمِر,ʔāmir,אָמוּר,amúr,ʔamir,root_family
آن,ʔān,אָנָה,'ána,ʔan,direct_cognate_ar→he
آنَثَ,ʔānaṯa,אִשָּׁה,ishá,nasa,root_family
آنِسَة,ʔānisa,אִשָּׁה,ishá,ʔanisa,root_family
آه,,אֲהָהּ,ăhā́h,,direct_cognate_he→ar
آية,ʔāya,אוֹת,ot,ʔawayat,direct_cognate_ar→he;direct_cognate_he→ar;shared_borrowing_source
آيَة,ʔāya,אוֹת,ot,ʔawayat,direct_cognate_ar→he;shared_borrowing_source
أَب,ʔab,אֵב,év,ʔabw,lemma_promoted
أَب,ʔab,אַב,av,ʔabw,direct_cognate_he→ar;shared_borrowing_source;lemma_promoted
أَب,ʔab,אַבָּא,ába,ʔabw,shared_borrowing_source
أَب,ʔab,אָב,áv,ʔabw,direct_cognate_ar→he;direct_cognate_he→ar;shared_borrowing_source;lemma_promoted
أَب,ʔab,אָבִיב,avív,ʔabiw,lemma_promoted
أَب,ʔab,בָּאוֹבַּבּ,baobáb,ʔab,shared_borrowing_source
أَبَا,ʔabā,אַב,av,ʔaba,root_family
أَبَار,ʔabār,אֵבֶר,'éver,ʔabar,direct_cognate_ar→he
أَبَاسْخِيرُون,ʔabāsḵīrūn,אֵב,év,ʔabw,lemma_promoted
أَبَاسْخِيرُون,ʔabāsḵīrūn,אַב,av,ʔabw,shared_borrowing_source
أَبَاسْخِيرُون,ʔabāsḵīrūn,אַבָּא,ába,ʔabbaʔ,shared_borrowing_source
أَبَاسْخِيرُون,ʔabāsḵīrūn,אָב,áv,ʔabw,shared_borrowing_source;lemma_promoted
أَبَاسْخِيرُون,ʔabāsḵīrūn,בָּאוֹבַּבּ,baobáb,ʔabw,shared_borrowing_source
أَبَاسْخِيرُون,ʔabāsḵīrūn,צָב,tsáv,ṣabb,shared_borrowing_source
أَبَقَ,ʔabaqa,נֶאֱבַק,ne'evák,ʔabaqa,direct_cognate_he→ar
أَبَى,ʔabā,אָבָה,avá,ʔabay,direct_cognate_he→ar;shared_borrowing_source
أَبَّ,ʔabba,אֵב,év,ʔabba,lemma_promoted
أَبَّ,ʔabba,אַב,av,ʔabba,direct_cognate_he→ar;lemma_promoted
أَبَّ,ʔabba,אָב,áv,ʔabba,direct_cognate_he→ar;lemma_promoted
أَبَّ,ʔabba,אָבִיב,avív,ʔabbaw,lemma_promoted
أَبُو ظَبْي,ʔabū ẓaby,אַבּוּ דַאבִּי,abu dábi,ʔabu ṣaby,shared_borrowing_source
أَبّ,ʔabb,אֵב,év,ʔabba,direct_cognate_he→ar;lemma_promoted
أَبّ,ʔabb,אַב,av,ʔabba,direct_cognate_he→ar
أَبّ,ʔabb,אָב,áv,ʔabba,direct_cognate_he→ar;lemma_promoted
أَبّ,ʔabb,אָבִיב,avív,ʔabbaw,direct_cognate_he→ar
أَبْجَد,ʔabjad,אַבְגָּדִי,avgadí,ʔabjad,direct_cognate_he→ar
أَبْرَقَ,ʔabraqa,בָּרָק,barák,baraqa,root_family
أَبْرَك,ʔabrak,בָּרוּךְ,barúkh,ʔabrak,root_family
أَبْرِيل,ʔabrīl,אֶסְתֵּר,estér,ʔištar,shared_borrowing_source
أَبْرِيل,ʔabrīl,אַפְּרִיל,apríl,ʔaprilis,shared_borrowing_source
أَبْطَلَ,ʔabṭala,בִּטֵּל,bitél,biṭala,root_family
أَبْكَى,ʔabkā,בִּכָּה,biká,bika,root_family
أَبْكَى,ʔabkā,בֶּכִי,békhi,bika,root_family
أَبْكَى,ʔabkā,בָּכָה,bakhá,baka,root_family
أَبْلَعَ,ʔablaʕa,הִבְלִיעַ,hivlía,šablaʕa,root_family
أَبْنُوس,ʔabnūs,הׇבְנֶה,hovné,hibni,shared_borrowing_source
أَبْهَل,ʔabhal,בְּרוֹשׁ,brósh,hamprsa,shared_borrowing_source
أَبْهَمَ,ʔabhama,בֹּהֶן,bóhen,bahama,lemma_promoted
أَتَان,ʔatān,אָתוֹן,atón,ʔatan,direct_cognate_ar→he;direct_cognate_he→ar;shared_borrowing_source
أَتَمَّ,ʔatamma,תֹּם,tóm,tamma,root_family
أَتَمّ,ʔatamm,תָּמִים,tamím,ʔatamm,root_family
أَتْقَنَ,ʔatqana,תִּיקָן,tikán,tiqana,direct_cognate_ar→he
أَثَر,ʔaṯar,אֲשֶׁר,ashér,ʔasar,direct_cognate_ar→he;direct_cognate_he→ar;shared_borrowing_source
أَثَر,ʔaṯar,אֲתָר,atár,ʔasar,shared_borrowing_source
أَثَر,ʔaṯar,אִתֵּר,'itér,ʔasar,shared_borrowing_source
أَثَر,ʔaṯar,אֶתֶר,eter,ʔasar,shared_borrowing_source
أَثَر,ʔaṯar,אֻתַּר,utár,ʔasar,shared_borrowing_source
أَثَر,ʔaṯar,אתר,,ʔasar,shared_borrowing_source
أَثِمَ,ʔaṯima,אַשְׁמָה,ashmá,ʔasima,lemma_promoted
أَثِير,ʔaṯīr,אֲתָר,atár,ʔaitir,shared_borrowing_source
أَثِير,ʔaṯīr,אִתֵּר,'itér,ʔaitir,shared_borrowing_source
أَثِير,ʔaṯīr,אֶתֶר,eter,ʔaitir,shared_borrowing_source
أَثِير,ʔaṯīr,אֻתַּר,utár,ʔaitir,shared_borrowing_source
أَثِير,ʔaṯīr,אתר,,ʔaitir,shared_borrowing_source
أَثِينَا,ʔaṯīnā,אָתוּנָה,atúna,ʔatinai,shared_borrowing_source
أَثْقَل,ʔaṯqal,שָׁקוּל,shakúl,ʔasqal,root_family
أَثْل,ʔaṯl,אֵשֶׁל,éshel,ʔasil,direct_cognate_ar→he
أَجَرَ,ʔajara,אָגַר,agár,ʔagara,direct_cognate_ar→he
أَجَمَة,ʔajama,אֲגַם,agám,ʔagammum,direct_cognate_ar→he;direct_cognate_he→ar;shared_borrowing_source
أَجْنَبِيّ,ʔajnabiyy,גָּנוּב,ganúv,ʔajnab,root_family
أَجْوَف,ʔajwaf,גּוּף,guf,ʔajwaf,lemma_promoted
أَحَادِيث,ʔaḥādīṯ,חֲדָשׁוֹת,khadashót,ʔaxadis,direct_cognate_he→ar
أَحَادِيث,ʔaḥādīṯ,חִדֵּשׁ,khidésh,ʔaxadis,lemma_promoted
أَحَادِيث,ʔaḥādīṯ,חַדֵּשׁ,khadésh,ʔaxadis,lemma_promoted
أَحَادِيث,ʔaḥādīṯ,חָדָשׁ,khadásh,ʔaxadis,lemma_promoted
أَحَبَّ,ʔaḥabba,חִבָּה,khibá,xabba,root_family
أَحَد,ʔaḥad,אִחֵד,ikhéd,ʔaxad,shared_borrowing_source;lemma_promoted
أَحَد,ʔaḥad,אֶחָד,ekhád,ʔaxad,direct_cognate_ar→he;shared_borrowing_source;lemma_promoted
أَحَد,ʔaḥad,אַחַת,akhát,ʔaxad,shared_borrowing_source;lemma_promoted
أَحَد,ʔaḥad,אָחִיד,akhíd,ʔaxad,root_family
أَحَد,ʔaḥad,אֻחַד,ukhád,ʔaxad,shared_borrowing_source;lemma_promoted
أَحَد,ʔaḥad,חַד,khad-,ʔaxad,shared_borrowing_source;lemma_promoted
أَحَد,ʔaḥad,מְאֻחָד,m'ukhád,ʔaxad,root_family
أَحَدَّ,ʔaḥadda,אִחֵד,ikhéd,ʔaxad,lemma_promoted
أَحَدَّ,ʔaḥadda,אֶחָד,ekhád,ʔaxad,lemma_promoted
أَحَدَّ,ʔaḥadda,אַחַת,akhát,ʔaxad,lemma_promoted
أَحَدَّ,ʔaḥadda,אֻחַד,ukhád,ʔaxad,lemma_promoted
أَحَدَّ,ʔaḥadda,הִתְחַדֵּד,hitkhadéd,xaddad,root_family
أَحَدَّ,ʔaḥadda,חִדֵּד,khidéd,xaddad,root_family
أَحَدَّ,ʔaḥadda,חַד,khad-,ʔaxad,lemma_promoted
أَحَدَّ,ʔaḥadda,מְחַדֵּד,mekhadéd,mixaddad,root_family
أَحَدّ,ʔaḥadd,אִחֵד,ikhéd,ʔaxad,lemma_promoted
أَحَدّ,ʔaḥadd,אֶחָד,ekhád,ʔaxad,lemma_promoted
أَحَدّ,ʔaḥadd,אַחַת,akhát,ʔaxad,lemma_promoted
أَحَدّ,ʔaḥadd,אֻחַד,ukhád,ʔaxad,lemma_promoted
أَحَدّ,ʔaḥadd,חַד,khad-,ʔaxad,lemma_promoted
أَحَسَّ,ʔaḥassa,חָשׁ,khásh,xassa,root_family
أَحَقَّ,ʔaḥaqqa,מָחַק,makhák,maxaqqa,lemma_promoted
أَحَقّ,ʔaḥaqq,מָחַק,makhák,ʔaxaqq,lemma_promoted
أَحَمّ,ʔaḥamm,חַם,kham,xam,shared_borrowing_source
أَحْلَى,ʔaḥlā,אַחְלָה,ákhla,ʔaxla,shared_borrowing_source
أَحْنَكَ,ʔaḥnaka,הִתְחַנֵּךְ,hitkhanékh,xanaka,root_family
أَحْنَكَ,ʔaḥnaka,חוּנַּךְ,khunákh,xunaka,root_family
أَحْوَر,ʔaḥwar,חָרִיף,kharíf,ʔaxwar,root_family
أَحْيَا,ʔaḥyā,הֶחֱיָה,hekheyá,šaxiya,direct_cognate_ar→he
أَحْيَا,ʔaḥyā,חִיּוּת,khiyút,xiyat,root_family
أَحْيَا,ʔaḥyā,חַיָּה,khayá,xaya,root_family
أَحْيَا,ʔaḥyā,תְּחִיָּה,t'khiyá,txiya,root_family
أَخ,ʔaḵ,אָח,ákh,ʔaxw,shared_borrowing_source;lemma_promoted
أَخ,ʔaḵ,אָחִי,akhí,ʔaxi,direct_cognate_he→ar
أَخَذَ,ʔaḵaḏa,אָחַז,akház,ʔaxaza,direct_cognate_ar→he;direct_cognate_he→ar
أَخَذَ,ʔaḵaḏa,אָחָז,akház,ʔaxaza,direct_cognate_he→ar
أَخَلَّ,ʔaḵalla,חִלֵּל,khilél,xallal,root_family
أَخَّرَ,ʔaḵḵara,אַחַר,achár,ʔaxara,direct_cognate_ar→he
أَخِير,ʔaḵīr,אַחֲרוֹן,akharón,ʔaxiran,root_family
أَخِير,ʔaḵīr,מְאֻחָר,m'ukhár,miʔaxir,root_family
أَخْطَأَ,ʔaḵṭaʔa,הֶחְטִיא,hekhtí',šaxṭaʔa,root_family
أَخْطَأَ,ʔaḵṭaʔa,חֵטְא,khet,xṭaʔa,root_family
أَخْطَأَ,ʔaḵṭaʔa,חַטָּאת,khatát,xaṭaʔa,root_family
أَخْطَأَ,ʔaḵṭaʔa,חוֹטֵא,khoté,xṭaʔa,root_family
أَدَقّ,ʔadaqq,דַּק,dak,ʔadaqq,root_family
أَدَقّ,ʔadaqq,דַּקּוֹת,dakót,ʔadaqq,root_family
أَدْرَكَ,ʔadraka,דֶּרֶךְ,dérekh,daraka,direct_cognate_he→ar
أَدْرَكَ,ʔadraka,דָּרַךְ,darákh,daraka,direct_cognate_he→ar
أَذَرْبَيْجَان,ʔaḏarbayjān,אָזֶרְבַּיְגָ׳ן,azerbayján,ʔazarbayjan,shared_borrowing_source
أَذِنَ,ʔaḏina,אֹזֶן,ózen,ʔazina,root_family
أَذْكَرَ,ʔaḏkara,הִזְכִּיר,hizkír,šazkara,direct_cognate_ar→he
أَذْكَرَ,ʔaḏkara,הֻזְכַּר,huzkár,huzkara,root_family
أَذْكَرَ,ʔaḏkara,זִכָּרוֹן,zikarón,zikaran,root_family
أَذْكَرَ,ʔaḏkara,מַזְכֶּרֶת,mazkéret,mazkarat,root_family
أَذْكَرَ,ʔaḏkara,נִזְכַּר,nizkár,zkara,root_family
أَرَاحَ,ʔarāḥa,רְוָחָה,revakhá,riwaxa,root_family
أَرَزَّ,ʔarazza,אֶרֶז,érez,ʔarza,shared_borrowing_source
أَرَزَّ,ʔarazza,אָרַז,aráz,ʔarza,shared_borrowing_source
أَرَم,ʔaram,אֲרַם,arám,ʔaram,direct_cognate_ar→he
أَرَى,ʔarā,הֶרְאָה,her'á,šahirʔa,direct_cognate_ar→he
أَرَّخَ,ʔarraḵa,תַּאֲרִיךְ,ta'aríkh,taʔrix,lemma_promoted
أَرُزّ,ʔaruzz,אֶרֶז,érez,ʔaryzda,shared_borrowing_source;lemma_promoted
أَرُزّ,ʔaruzz,אָרַז,aráz,ʔaryzda,shared_borrowing_source;lemma_promoted
أَرُزّ,ʔaruzz,אֹרֶז,órez,ʔaryzda,shared_borrowing_source
أَرُزّ,ʔaruzz,אוֹרֵז,orez,ʔaryzda,shared_borrowing_source;lemma_promoted
أَرِسْطَاطَالِيس,ʔarisṭāṭālīs,אֲרִיסְטוֹ,arísto,ʔaristatilis,shared_borrowing_source
أَرِسْطُو,ʔarisṭū,אֲרִיסְטוֹ,arísto,ʔarisṭu,shared_borrowing_source
أَرِسْطُوطَالِيس,ʔarisṭūṭālīs,אֲרִיסְטוֹ,arísto,ʔaristatilis,shared_borrowing_source
أَرِيزُونَا,ʔarīzūnā,אָרִיזוֹנָה,arizóna,ʔarizauna,shared_borrowing_source
أَرْبَعَة,ʔarbaʕa,אַרְבַּע,arbá',ʔarbaʕ,shared_borrowing_source
أَرْبَعَة,ʔarbaʕa,אַרְבָּעָה,arba'á,ʔarbaʕ,shared_borrowing_source;lemma_promoted
أَرْبَعَةَ عَشَرَ,ʔarbaʕata ʕašara,אַרְבָּעָה,arba'á,ʔarbaʕataʕašara,root_family
أَرْبَعَةَ عَشَرَ,ʔarbaʕata ʕašara,רְבִיעִיָּה,r'vi'iyá,ʔarbaʕataʕašara,root_family
أَرْحَم,ʔarḥam,רַחוּם,rakhúm,ʔarxam,root_family
أَرْخ,ʔarḵ,תַּאֲרִיךְ,ta'aríkh,taʔrix,lemma_promoted
أَرْخَبِيل,ʔarḵabīl,אַרְכִיפֶּלָג,arkhipélag,ʔaršipilaga,shared_borrowing_source
أَرْز,ʔarz,אֶרֶז,érez,ʔarza,direct_cognate_ar→he;direct_cognate_he→ar;shared_borrowing_source
أَرْز,ʔarz,אָרַז,aráz,ʔarza,shared_borrowing_source
أَرْض,ʔarḍ,אֶרֶץ,érets,ʔarṣ,direct_cognate_ar→he;shared_borrowing_source
أَرْضَى,ʔarḍā,רִצָּה,ritsá,raṣa,root_family
أَرْضِي ّ شَوْكِيّ,ʔarḍiyy šawkiyy,אַרְטִישׁוֹק,artishók,ʔartišakka,shared_borrowing_source
أَرْضِي ّ شَوْكِيّ,ʔarḍiyy šawkiyy,חֻרְשָׁף,khursháf,xaršup,shared_borrowing_source
أَرْمَلَة,ʔarmala,אַלְמָנָה,almaná,ʔarmala,direct_cognate_he→ar
أَرْنَب,ʔarnab,אַרְנֶבֶת,arnévet,ʔarnab,direct_cognate_he→ar;shared_borrowing_source
أَرْنَب,ʔarnab,אַרְנָב,arnáv,ʔarnab,direct_cognate_ar→he;direct_cognate_he→ar;shared_borrowing_source
أَرْوَح,ʔarwaḥ,רוֹוֵחַ,rovéakh,ʔarawiax,root_family
أَرْوَح,ʔarwaḥ,רוּחָנִי,rukhaní,ʔaruwax,root_family
أَزَرَ,ʔazara,עָזַר,'azár,ʔazara,direct_cognate_ar→he;lemma_promoted
أَزَّرَ,ʔazzara,עָזַר,'azár,ʔazara,direct_cognate_ar→he;lemma_promoted
أَزْر,ʔazr,עָזַר,'azár,ʔazara,direct_cognate_ar→he
أَزْعَر,ʔazʕar,זָעִיר,za'ir,ʔazʕar,direct_cognate_he→ar
أَسَرَ,ʔasara,אָסַר,asár,ʔasar,direct_cognate_he→ar;shared_borrowing_source;lemma_promoted
أَسَرَّ,ʔasarra,אָסַר,asár,ʔasar,lemma_promoted
أَسِير,ʔasīr,אָסִיר,asír,ʔasir,shared_borrowing_source
أَسْر,ʔasr,אָסַר,asár,ʔasar,shared_borrowing_source
أَسْقَى,ʔasqā,הִשְׁקָה,hishká,šahisqa,direct_cognate_ar→he;direct_cognate_he→ar
أَسْكَنَ,ʔaskana,שָׁכַן,shakhán,sakana,root_family
أَسْلَم,ʔaslam,אִסְלָאם,islám,ʔislam,lemma_promoted
أَسْلَمَ,ʔaslama,אִסְלָאם,islám,ʔislam,lemma_promoted
أَسْمَنَ,ʔasmana,הִשְׁמִין,hishmín,šasmana,root_family
أَشَلّ,ʔašall,שְׁלִילִי,sh'lilí,ʔašlall,root_family
أَصَرَّ,ʔaṣarra,אָצַר,atsár,ʔaṣarra,direct_cognate_he→ar
أَصِيص,ʔaṣīṣ,עָצִיץ,atsíts,ʔaṣiṣ,direct_cognate_ar→he
أَصِيل,ʔaṣīl,אַצִּיל,atsil,ʔaṣil,direct_cognate_he→ar
أَصِيل,ʔaṣīl,אָצִיל,atsíl,ʔaṣil,direct_cognate_ar→he;direct_cognate_he→ar
أَصْغَر,ʔaṣḡar,צְעִירָה,ts'irá,ʔaṣgar,root_family
أَصْغَر,ʔaṣḡar,צָעִיר,tsa'ír,ʔaṣgar,root_family
أَصْفَر,ʔaṣfar,מִסְפָּרִי,misparí,ʔaṣpar,root_family
أَصْفَر,ʔaṣfar,סִפְרָה,sifrá,ʔaṣifar,lemma_promoted
أَصْفَرَ,ʔaṣfara,סִפְרָה,sifrá,ṣifara,lemma_promoted
أَصْفَهَان,ʔaṣfahān,אֶסְפָהָאן,esfahan,ʔisfahan,shared_borrowing_source
أَصْلَحَ,ʔaṣlaḥa,הִצְלִיחַ,hitslíakh,šaṣliaxa,direct_cognate_ar→he
أَصْهَب,ʔaṣhab,צָהֹב,tsahóv,ʔaṣhab,direct_cognate_ar→he
أَضْحَك,ʔaḍḥak,מַצְחִיק,matskhík,ʔaṣxak,root_family
أَطَرَ,ʔaṭara,אָטַר,atár,ʔaṭara,direct_cognate_he→ar
أَعْزَب,ʔaʕzab,עָזוּב,azúv,ʔaʕzab,root_family
أَعْلَى,ʔaʕlā,הֶעֱלָה,he'elá,šaʕila,root_family
أَعْلَى,ʔaʕlā,מְעֻלֶּה,m'ulé,maʕala,root_family
أَعْلَى,ʔaʕlā,נַעֲלֶה,na'alé,ʕaʔala,root_family
أَعْلَى,ʔaʕlā,עֲלִיָּה,aliyá,ʕalay,root_family
أَعْلَى,ʔaʕlā,עֶלְיוֹן,'elyón,ʕilyan,root_family
أَغُسْطُس,ʔaḡusṭus,אוֹגוּסְט,ogúst,ʔaugustus,shared_borrowing_source
أَغُسْطُس,ʔaḡusṭus,סֶפְּטֶמְבֶּר,septémber,ʔaugustus,shared_borrowing_source
أَغْوَى,ʔaḡwā,עִוָּה,ʿiva,giwa,direct_cognate_he→ar
أَفَقَ,ʔafaqa,אֹפֶק,ófek,ʔupuq,lemma_promoted
أَفُوكَادُو,ʔafūkādū,אָבוֹקָדוֹ,avokádo,ʔawaka,shared_borrowing_source
أَفْعًى,ʔafʕan,אֶפְעֶה,ef'é,ʔapʕaw,direct_cognate_he→ar;shared_borrowing_source
أَقَامَ,ʔaqāma,הֲקָמָה,hakamá,haqama,root_family
أَقَامَ,ʔaqāma,הִתְקוֹמֵם,hitkomem,qamam,root_family
أَقَامَ,ʔaqāma,הֵקִים,hekím,šaqama,direct_cognate_ar→he
أَقَامَ,ʔaqāma,הוּקַם,hukám,huqama,root_family
أَقَامَ,ʔaqāma,מָקוֹם,makóm,maqama,lemma_promoted
أَقْبَرَ,ʔaqbara,נִקְבַּר,nikbár,qbara,root_family
أَقْدَم,ʔaqdam,מִתְקַדֵּם,mitkadém,ʔatqadam,root_family
أَقْدَم,ʔaqdam,מֻקְדָּם,muqdɔm,ʔaqdam,root_family
أَقْدَم,ʔaqdam,קַדְמוֹן,kadmón,ʔaqdam,root_family
أَقْدَم,ʔaqdam,קַדְמוֹנִי,qaḏmōnî,ʔaqdami,root_family
أَقْدَم,ʔaqdam,קָדוּם,kadúm,ʔaqdam,root_family
أَقْصَر,ʔaqṣar,קָצָר,katsár,ʔaqṣar,root_family
أَقْصَى,ʔaqṣā,קִיצוֹנִי,kitsoní,qiṣan,root_family
أَكَادِيمِيَّة,ʔakādīmiyya,אָקָדֶמְיָה,akadémya,ʔakadimia,shared_borrowing_source
أَكَلَ,ʔakala,אֲכִילָה,akhilá,ʔakala,root_family
أَكَلَ,ʔakala,אִכֵּל,ikél,ʔakal,direct_cognate_he→ar;shared_borrowing_source;lemma_promoted
أَكَلَ,ʔakala,אָכְלָה,akhlá,ʔakal,shared_borrowing_source
أَكَلَ,ʔakala,אָכַל,akhál,ʔakal,direct_cognate_he→ar;shared_borrowing_source;lemma_promoted
أَكَلَ,ʔakala,אֹֽכֶל,ókhel,ʔakal,direct_cognate_he→ar;lemma_promoted
أَكَلَ,ʔakala,אֹכַל,okhál,ʔakal,lemma_promoted
أَكَلَ,ʔakala,אֻכַּל,ukál,ʔakal,direct_cognate_he→ar;shared_borrowing_source;lemma_promoted
أَكَلَ,ʔakala,אׇכְלָה,okhlá,ʔakala,root_family
أَكَلَ,ʔakala,אוֹכֵל,okhél,ʔakal,lemma_promoted
أَكَلَ,ʔakala,אוּכַל,ukhál,ʔakal,lemma_promoted
أَكَلَ,ʔakala,מַאֲכָל,ma'akhál,maʔakala,root_family
أَكَلَ,ʔakala,נֶאֱכַל,ne'ekhál,ʔakala,root_family
أَكَلَّ,ʔakalla,אָכַל,akhál,ʔakal,lemma_promoted
أَكَلَّ,ʔakalla,אֹֽכֶל,ókhel,ʔakal,direct_cognate_he→ar;lemma_promoted
أَكَلَّ,ʔakalla,אֹכַל,okhál,ʔakal,lemma_promoted
أَكَلَّ,ʔakalla,אוֹכֵל,okhél,ʔakal,lemma_promoted
أَكَلَّ,ʔakalla,אוּכַל,ukhál,ʔakal,lemma_promoted
أَكَّار,ʔakkār,אִכָּר,ikár,ʔikkara,shared_borrowing_source
أَكَّلَ,ʔakkala,אָכַל,akhál,ʔakal,lemma_promoted
أَكَّلَ,ʔakkala,אֹֽכֶל,ókhel,ʔakal,direct_cognate_he→ar;lemma_promoted
أَكَّلَ,ʔakkala,אֹכַל,okhál,ʔakal,lemma_promoted
أَكَّلَ,ʔakkala,אוֹכֵל,okhél,ʔakal,lemma_promoted
أَكَّلَ,ʔakkala,אוּכַל,ukhál,ʔakal,lemma_promoted
أَكِلَ,ʔakila,אָכַל,akhál,ʔakal,lemma_promoted
أَكِلَ,ʔakila,אֹֽכֶל,ókhel,ʔakal,direct_cognate_he→ar;lemma_promoted
أَكِلَ,ʔakila,אֹכַל,okhál,ʔakal,lemma_promoted
أَكِلَ,ʔakila,אוֹכֵל,okhél,ʔakal,lemma_promoted
أَكِلَ,ʔakila,אוּכַל,ukhál,ʔakal,lemma_promoted
أَكْتَبَ,ʔaktaba,הִכְתִּיב,hikhtív,šaktaba,root_family
أَكْحَل,ʔakḥal,כְּחַלְחַל,k'khalkhál,ʔakalxal,root_family
أَكْل,ʔakl,אֲכִילָה,akhilá,ʔakala,root_family
أَكْل,ʔakl,אָכַל,akhál,ʔakal,shared_borrowing_source
أَكْل,ʔakl,אֹֽכֶל,ókhel,ʔakal,direct_cognate_he→ar;lemma_promoted
أَكْل,ʔakl,אֹכַל,okhál,ʔakal,lemma_promoted
أَكْل,ʔakl,אׇכְלָה,okhlá,ʔakala,root_family
أَكْل,ʔakl,אוֹכֵל,okhél,ʔakal,lemma_promoted
أَكْل,ʔakl,אוּכַל,ukhál,ʔakal,lemma_promoted
أَكْل,ʔakl,מַאֲכָל,ma'akhál,maʔakala,root_family
أَكْل,ʔakl,נֶאֱכַל,ne'ekhál,ʔakala,root_family
أَلَاسْكَا,ʔalāskā,אָלָסְקָה,aláska,ʔalaska,shared_borrowing_source
أَلَم,ʔalam,אַלְמָנָה,almaná,ʔaliman,direct_cognate_he→ar
أَلَّفَ,ʔallafa,אִלֵּף,iléf,ʔallp,lemma_promoted
أَلَّفَ,ʔallafa,אִלּוּף,ilúf,ʔalafa,lemma_promoted
أَلَّفَ,ʔallafa,אֶלֶף,élef,ʔalp,direct_cognate_he→ar;lemma_promoted
أَلَّفَ,ʔallafa,אַלּוּף,alúf,ʔalafa,lemma_promoted
أَلَّفَ,ʔallafa,אָלֶף,álef,ʔalp,lemma_promoted
أَلَّهَ,ʔallaha,אֱיָל,eyal,ʔil,lemma_promoted
أَلَّهَ,ʔallaha,אֱלוֹהַּ,elóah,ʔil,shared_borrowing_source
أَلَّهَ,ʔallaha,אֲללַּהּ,alláh,ʔil,shared_borrowing_source
أَلَّهَ,ʔallaha,אֵל,el,ʔil,shared_borrowing_source
أَلَّهَ,ʔallaha,אַיִל,áyil,ʔil,lemma_promoted
أَلَّهَ,ʔallaha,אַיָּל,ayál,ʔil,lemma_promoted
أَلَّهَ,ʔallaha,א־ל,ʾ-l,ʔil,shared_borrowing_source
أَلِف,ʔalif,אִלֵּף,iléf,ʔlp,shared_borrowing_source;lemma_promoted
أَلِف,ʔalif,אִלּוּף,ilúf,ʔalif,lemma_promoted
أَلِف,ʔalif,אֶלֶף,élef,ʔlp,direct_cognate_he→ar;shared_borrowing_source;lemma_promoted
أَلِف,ʔalif,אַלּוּף,alúf,ʔalif,lemma_promoted
أَلِف,ʔalif,אָלֶף,álef,ʔlp,shared_borrowing_source;lemma_promoted
أَلِف,ʔalif,אָלֶ״ף,álef,ʔalif,direct_cognate_he→ar
أَلِفَ,ʔalifa,אִלֵּף,iléf,ʔalp,lemma_promoted
أَلِفَ,ʔalifa,אִלּוּף,ilúf,ʔalifa,lemma_promoted
أَلِفَ,ʔalifa,אֶלֶף,élef,ʔalp,direct_cognate_he→ar;lemma_promoted
أَلِفَ,ʔalifa,אַלּוּף,alúf,ʔalifa,lemma_promoted
أَلِفَ,ʔalifa,אָלֶף,álef,ʔalp,lemma_promoted
أَلِكْسَنْدَرُوس,ʔaliksandarūs,אָלֶכְּסָנְדֶר,aleksánder,ʔaliksandras,shared_borrowing_source
أَلِمَ,ʔalima,אַלְמָנָה,almaná,ʔaliman,lemma_promoted
أَلِيم,ʔalīm,אַלִּים,alím,ʔalim,root_family
أَلْبُوم,ʔalbūm,אַלְבּוֹם,albóm,ʔalbam,shared_borrowing_source
أَلْف,ʔalf,אֲלָפִים,alafím,ʔalifa,root_family
أَلْف,ʔalf,אִלֵּף,iléf,ʔalp,shared_borrowing_source
أَلْف,ʔalf,אִלּוּף,ilúf,ʔalifa,lemma_promoted
أَلْف,ʔalf,אֶלֶף,élef,ʔalp,direct_cognate_he→ar;shared_borrowing_source
أَلْف,ʔalf,אַלְפַּיִם,alpáyim,ʔalifa,root_family
أَلْف,ʔalf,אַלּוּף,alúf,ʔalifa,lemma_promoted
أَلْف,ʔalf,אָלֶף,álef,ʔalp,shared_borrowing_source
أَلْوَة,ʔalwa,אִהֵל,ihél,ʔakil,shared_borrowing_source
أَلْوَة,ʔalwa,אָהַל,ahál,ʔakil,shared_borrowing_source
أَلْوَة,ʔalwa,אָהָל,ahál,ʔakil,shared_borrowing_source
أَلْوَة,ʔalwa,אֹהֶל,óhel,ʔakil,shared_borrowing_source
أَلْيَة,ʔalya,אַלְיָה,'alyá,ʔalyat,direct_cognate_ar→he;shared_borrowing_source
أَمَاتَ,ʔamāta,הֵמִית,hemít,šamata,direct_cognate_ar→he
أَمَة,ʔama,אָמָה,amá,ʔamat,shared_borrowing_source
أَمَرَ,ʔamara,אִמֵּר,imér,ʔamara,direct_cognate_ar→he;direct_cognate_he→ar
أَمَرَ,ʔamara,אָמַר,amár,ʔamara,direct_cognate_ar→he;direct_cognate_he→ar
أَمَرَ,ʔamara,אֹמֶר,'ómer,ʔamara,direct_cognate_ar→he;direct_cognate_he→ar
أَمَرَ,ʔamara,אוֹמֵר,omér,ʔamara,lemma_promoted
أَمَرّ,ʔamarr,מַר,mar,ʔamarr,root_family
أَمَرّ,ʔamarr,מָרִיר,marír,ʔamrarr,root_family
أَمِرَ,ʔamira,אִמֵּר,imér,ʔamira,direct_cognate_ar→he
أَمِرَ,ʔamira,אָמַר,amár,ʔamira,direct_cognate_ar→he
أَمِرَ,ʔamira,אֹמֶר,'ómer,ʔamira,direct_cognate_ar→he
أَمِرَ,ʔamira,אוֹמֵר,omér,ʔamira,lemma_promoted
أَمْثَل,ʔamṯal,מֶמְשַׁלְתִּי,memshaltí,ʔamsalt,root_family
أَمْس,ʔams,אֶמֶשׁ,émesh,mušy,direct_cognate_he→ar;shared_borrowing_source
أَمْنَى,ʔamnā,מָנֶה,mané,mana,root_family
أَمْيَل,ʔamyal,מִיל,míl,ʔamyal,lemma_promoted
أَنَا,ʔana,אֲנִי,aní,ʔanaku,direct_cognate_ar→he;shared_borrowing_source
أَنَا,ʔana,אֳנִי,oní,ʔana,direct_cognate_ar→he
أَنَا,ʔana,אָנֹכִי,anokhí,ʔanaku,shared_borrowing_source
أَنَا,ʔana,אָנוֹכִי,anokhí,ʔanaku,shared_borrowing_source;lemma_promoted
أَنَاخَ,ʔanāḵa,נָח,nákh,naxa,direct_cognate_ar→he;direct_cognate_he→ar
أَنَاخَ,ʔanāḵa,נֹחַ,nóakh,naxa,direct_cognate_he→ar
أَنَاخَ,ʔanāḵa,נוֹחַ,nóakh,naxa,lemma_promoted
أَنَاخَ,ʔanāḵa,נוח,nokh,naxa,lemma_promoted
أَنَارَ,ʔanāra,מְנוֹרָה,m'norá,minara,root_family
أَنَانَاس,ʔanānās,אָנָנָס,ananás,nana,shared_borrowing_source
أَنَّسَ,ʔannasa,אֱנוֹשִׁיּוּת,enoshiút,ʔanasaut,root_family
أَنِمِي,ʔanimī,אָנִימֶה,ánime,ʔanimi,shared_borrowing_source
أَنْبَج,ʔanbaj,עַמְבָּה,'ámba,ʔamba,shared_borrowing_source
أَنْتَ,ʔanta,אַתָּה,atá,ʔanta,direct_cognate_he→ar;shared_borrowing_source
أَنْتُمْ,ʔantum,אֵת,et,ʔantum,lemma_promoted
أَنْتُمْ,ʔantum,אַתְּ,át,ʔantum,lemma_promoted
أَنْتُمْ,ʔantum,אַתֶּם,atém,ʔantum,shared_borrowing_source
أَنْتُمْ,ʔantum,אֹת,ot,ʔantum,lemma_promoted
أَنْتُمْ,ʔantum,אתם,,ʔantum,direct_cognate_ar→he;shared_borrowing_source
أَنْتُنَّ,ʔantunna,אַתֶּן,atén,ʔantin,shared_borrowing_source
أَنْتِ,ʔanti,אַתְּ,át,ʔanti,shared_borrowing_source
أَنْجَل,ʔanjal,נֶכֶד,nékhed,ʔanijal,lemma_promoted
أَنْجَل,ʔanjal,נַגָּר,nagár,ʔangal,lemma_promoted
أَنْجُدَان,ʔanjudān,קוֹד,kód,gitu,shared_borrowing_source
أَنْسَى,ʔansā,נִשָּׁה,nishá,nisa,root_family
أَنْف,ʔanf,אַף,af,ʔanp,direct_cognate_ar→he;shared_borrowing_source
أَنْقَى,ʔanqā,נִקָּה,niká,niqa,root_family
أَنْقَى,ʔanqā,נִקָּיוֹן,nikayón,niqayan,root_family
أَهَل,ʔahal,אֹהֶל,óhel,ʔahl,shared_borrowing_source
أَهَلَ,ʔahala,אֹהֶל,óhel,ʔahl,shared_borrowing_source;lemma_promoted
أَهَلَّ,ʔahalla,אֹהֶל,óhel,ʔahl,lemma_promoted
أَهَّلَ,ʔahhala,אֹהֶל,óhel,ʔahl,shared_borrowing_source;lemma_promoted
أَهِلَ,ʔahila,אֹהֶל,óhel,ʔahl,shared_borrowing_source;lemma_promoted
أَهْل,ʔahl,אֹהֶל,óhel,ʔahl,shared_borrowing_source;lemma_promoted
أَهْلًا,ʔahlan,אַהְלָן,áhlan,ʔahlan,shared_borrowing_source
أَوَى,ʔawā,אִי,í,ʔawa,direct_cognate_he→ar
أَوَّى,ʔawwā,אִי,í,ʔawa,direct_cognate_he→ar
أَوْ,ʔaw,אוֹ,'o,ʔaw,direct_cognate_ar→he;direct_cognate_he→ar;shared_borrowing_source
أَوْحَد,ʔawḥad,אָחִיד,akhíd,ʔawxad,root_family
أَوْحَد,ʔawḥad,חַד,khad-,ʔawxad,root_family
أَوْحَد,ʔawḥad,מְאֻחָד,m'ukhád,ʔawuxad,root_family
أَوْرَانِيَا,ʔawrāniyā,אוּרַנְיָה,uránya,ʔurania,shared_borrowing_source
أَوْرَثَ,ʔawraṯa,הוֹרִישׁ,horish,šawarasa,direct_cognate_ar→he
أَوْرَثَ,ʔawraṯa,יְרֻשָּׁה,y'rushá,wirasa,root_family
أَوْرَثَ,ʔawraṯa,יָרַשׁ,yarásh,warasa,root_family
أَوْرَثَ,ʔawraṯa,תּוֹרָשָׁה,torashá,warasa,root_family
أَوْصَى,ʔawṣā,מִצְוָה,mitsvá,wiṣwa,root_family
أَوْصَى,ʔawṣā,צַו,tsáv,wṣaw,root_family
أَوْصَى,ʔawṣā,צַוָּאָה,tzava'á,waṣaʔ,root_family
أَوْقَعَ,ʔawqaʕa,הוֹקִיעַ,hokía,šawqaʕia,direct_cognate_he→ar
أَوْل,ʔawl,אֱיָל,eyal,ʔil,lemma_promoted
أَوْل,ʔawl,אֱלוֹהַּ,elóah,ʔil,shared_borrowing_source
أَوْل,ʔawl,אֲללַּהּ,alláh,ʔil,shared_borrowing_source
أَوْل,ʔawl,אֵל,el,ʔil,shared_borrowing_source
أَوْل,ʔawl,אַיִל,áyil,ʔil,lemma_promoted
أَوْل,ʔawl,אַיָּל,ayál,ʔil,lemma_promoted
أَوْل,ʔawl,א־ל,ʾ-l,ʔil,shared_borrowing_source
أَوْلَدَ,ʔawlada,לֵדָה,leydá,wilada,root_family
أَوْلَدَ,ʔawlada,נוֹלַד,nolád,walada,root_family
أَيَّار,ʔayyār,אִיֵּר,iyér,ʔayyarum,lemma_promoted
أَيَّار,ʔayyār,אִיָּר,iyár,ʔayyarum,shared_borrowing_source
أَيَّل,ʔayyal,אֱיָל,eyal,ʔayyal,shared_borrowing_source
أَيَّل,ʔayyal,אַיִל,áyil,ʔayyal,shared_borrowing_source
أَيَّل,ʔayyal,אַיָּל,ayál,ʔayyal,shared_borrowing_source
أَيُّوب,ʔayyūb,אִיּוֹב,iyóv,ʔiyaw,shared_borrowing_source
أَيِسَ,ʔayisa,הִתְיָאֵשׁ,hitya'ésh,ʔayʔisa,root_family
أَيِسَ,ʔayisa,יֵאֵשׁ,ye'ésh,ʔayiʔisa,root_family
أَيّ,ʔayy,אֵיזֶה,éize,ʔayy,shared_borrowing_source
أَيّ,ʔayy,אֵימָתַי,'eimatáy,ʔayy,shared_borrowing_source
أَيّ,ʔayy,אֵיפֹה,efó,ʔayy,shared_borrowing_source
أَيّ,ʔayy,אַי,ay,ʔayy,shared_borrowing_source
أَيّ,ʔayy,אַיֵּה,ayé,ʔayy,shared_borrowing_source
أَيّ,ʔayy,אַיָּה,ayá,ʔayy,shared_borrowing_source
أَيّ,ʔayy,הֵיכָן,hekhán,ʔayy,shared_borrowing_source
أَيّ,ʔayy,כֵּיצַד,ketsád,ʔayy,shared_borrowing_source
أَيْئَسَ,ʔayʔasa,הִתְיָאֵשׁ,hitya'ésh,yaʔasa,root_family
أَيْئَسَ,ʔayʔasa,יֵאֵשׁ,ye'ésh,yiʔasa,root_family
أَيْتَمَ,ʔaytama,יָתוֹם,yatóm,yatama,root_family
أَيْلُول,ʔaylūl,אֱלוּל,'elúl,ʔiluli,shared_borrowing_source
أُتُوبُوس,ʔotobūs,אוֹטוֹבּוּס,ótobus,ʔatabus,direct_cognate_he→ar
أُتُوبِيس,ʔotobīs,אוֹטוֹבּוּס,ótobus,ʔatabys,shared_borrowing_source
أُحُد,ʔuḥud,אִחֵד,ikhéd,ʔaxad,lemma_promoted
أُحُد,ʔuḥud,אֶחָד,ekhád,ʔaxad,lemma_promoted
أُحُد,ʔuḥud,אַחַת,akhát,ʔaxad,lemma_promoted
أُحُد,ʔuḥud,אֻחַד,ukhád,ʔaxad,lemma_promoted
أُحُد,ʔuḥud,חַד,khad-,ʔaxad,lemma_promoted
أُخُوَّة,ʔuḵuwwa,אַחֲוָה,akhavá,ʔuxuwwa,direct_cognate_he→ar
أُخْت,ʔuḵt,אָחוֹת,akhót,ʔaxwat,direct_cognate_he→ar;shared_borrowing_source
أُذُن,ʔuḏun,אֹזֶן,ózen,ʔuzn,shared_borrowing_source;lemma_promoted
أُرْثُوذُكْس,ʔurṯūḏuks,אוֹרְתּוֹדוֹקְּסִי,ortodóksi,ʔartadaksas,shared_borrowing_source
أُرْثُوذُكْسِيّ,ʔurṯūḏuksiyy,אוֹרְתּוֹדוֹקְּסִי,ortodóksi,ʔartadaksas,lemma_promoted
أُسَر,ʔusar,אָסַר,asár,ʔasar,lemma_promoted
أُسِرَ,ʔusira,אָסַר,asár,ʔasar,shared_borrowing_source;lemma_promoted
أُسّ,ʔuss,יְסוֹד,yesód,yiʔuss,direct_cognate_ar→he
أُسّ,ʔuss,שָׁת,shat,ʔuss,direct_cognate_ar→he
أُسْبُوع,ʔusbūʕ,שְׁבוּעוֹן,shvuón,ʔusbuaʕ,root_family
أُسْبُوع,ʔusbūʕ,שָׁבוּעַ,shavúa',ʔusabuaʕ,root_family
أُسْر,ʔusr,אָסַר,asár,ʔasar,shared_borrowing_source;lemma_promoted
أُسْطُورَة,ʔusṭūra,הִיסְטוֹרְיָה,história,histaria,shared_borrowing_source
أُسْطُورِيّ,ʔusṭūriyy,הִיסְטוֹרְיָה,história,histaria,shared_borrowing_source
أُسْطُول,ʔusṭūl,טַלִּית,talit,stil,shared_borrowing_source
أُسْقُف,ʔusquf,בִּישׁוֹף,bishóf,ʔipiskapas,shared_borrowing_source
أُفُق,ʔufuq,אֹפֶק,ófek,ʔupuq,shared_borrowing_source
أُكَّاف,ʔukkāf,אֻכָּף,ukáf,ʔukkaf,direct_cognate_ar→he
أُكُل,ʔukul,אָכַל,akhál,ʔakal,shared_borrowing_source;lemma_promoted
أُكُل,ʔukul,אֹֽכֶל,ókhel,ʔakal,direct_cognate_he→ar;lemma_promoted
أُكُل,ʔukul,אֹכַל,okhál,ʔakal,lemma_promoted
أُكُل,ʔukul,אוֹכֵל,okhél,ʔakal,lemma_promoted
أُكُل,ʔukul,אוּכַל,ukhál,ʔakal,lemma_promoted
أُكْتُوبِر,ʔuktūbir,אוֹקְטוֹבֶּר,október,ʔaktabir,shared_borrowing_source
أُكْسِجِين,ʔuksijīn,גֶ׳נוֹסַיְד,jénosayd,ginas,shared_borrowing_source
أُكْسِجِين,ʔuksijīn,זַן,zan,ginhas,shared_borrowing_source
أُكْسِجِين,ʔuksijīn,זָן,zan,ginhas,shared_borrowing_source
أُكْلَال,ʔuklāl,יוקולילי,yukuleyli,yukalili,shared_borrowing_source
أُكْلَة,ʔukla,אׇכְלָה,okhlá,ʔukla,direct_cognate_he→ar
أُلُوف,ʔulūf,אִלּוּף,ilúf,ʔuluf,direct_cognate_he→ar
أُلُوف,ʔulūf,אַלּוּף,alúf,ʔuluf,direct_cognate_he→ar
أُلُوهِيَّة,ʔulūhiyya,אֵל,el,ʔuluhiyy,root_family
أُلُوهِيَّة,ʔulūhiyya,אֵלָה,elá,ʔuluhiyya,root_family
أُمَّة,ʔumma,אֻמָּה,'umá,ʔumma,direct_cognate_he→ar
أُمَّة,ʔumma,אוֹמָה,omá,ʔumma,lemma_promoted
أُمُومَة,ʔumūma,אִימָּהוּת,imahút,ʔammahut,root_family
أُمُومَة,ʔumūma,אִמָּהִי,imahi,ʔammah,root_family
أُمُومَة,ʔumūma,אֵם,em,ʔamma,root_family
أُمّ,ʔumm,אִימָּהוּת,imahút,ʔummahut,root_family
أُمّ,ʔumm,אִם,im,ʔumm,direct_cognate_ar→he
أُمّ,ʔumm,אִמָּא,'íma,ʔimm,shared_borrowing_source
أُمّ,ʔumm,אִמָּהִי,imahi,ʔummah,root_family
أُمّ,ʔumm,אֵם,em,ʔimm,direct_cognate_ar→he;shared_borrowing_source
أُنَاس,ʔunās,אֱנוֹשׁ,enósh,ʔinaš,shared_borrowing_source
أُنَاس,ʔunās,אָנוּשׁ,anúsh,ʔinaš,shared_borrowing_source
أُنْبُوب,ʔunbūb,אַבּוּב,abúv,ʔibbubum,direct_cognate_he→ar;shared_borrowing_source
أُنْثَى,ʔunṯā,אֱנוֹשִׁי,enoshí,ʔunasa,root_family
أُنْثَى,ʔunṯā,אִשָּׁה,ishá,ʔans-at,direct_cognate_ar→he;direct_cognate_he→ar;shared_borrowing_source
أُهِلَ,ʔuhila,אֹהֶל,óhel,ʔahl,shared_borrowing_source;lemma_promoted
أُوبِرَا,ʔobira,אוֹפֵּרָה,ópera,ʔapira,shared_borrowing_source
أُورَانُوس,ʔūrānūs,אוּרָנוּס,uránus,ʔuranas,shared_borrowing_source
أُورْكِسْتْرَا,ʔorkestrā,קַרְיוֹקִי,karyóki,ʔarkistra,shared_borrowing_source
أُوسَاكَا,ʔūsākā,אוֹסָקָה,ósaka,ʔasaka,shared_borrowing_source
أُوقِيَّة,ʔūqiyya,אִינְץ׳,ínch,ʔuqiyyš,shared_borrowing_source
أُوقْيَانُوس,ʔūqyānūs,אוֹקְיָנוֹס,okyános,ʔakianas,shared_borrowing_source;lemma_promoted
أُوكْسِيتَانِيَا,ʔūksītāniyā,אוֹקְסִיטַנְיָה,oksitánya,ʔattšitania,shared_borrowing_source
أُولَاءِ,ʾulāʾi,אֵלֶּה,éle,ʔulaʔi,direct_cognate_he→ar
أُولَاءِ,ʾulāʾi,זֶה,ze,ʔulaʔi,lemma_promoted
أُونْسَة,ʔunsa,אִינְץ׳,ínch,ʔuns,shared_borrowing_source
أُونْصَة,ʔunṣa,אִינְץ׳,ínch,ʔunṣ,shared_borrowing_source
أُوَار,ʔuwār,אוֹר,'ór,ʔuwar,direct_cognate_ar→he;direct_cognate_he→ar
إسْكَنْدَر,ʔiskandar,אָלֶכְּסָנְדֶר,aleksánder,ʔaliksandras,shared_borrowing_source
إِبْزِيم,ʔibzīm,אַבְזָם,avzám,ʔibzim,shared_borrowing_source
إِبْهَام,ʔibhām,בֹּהֶן,bóhen,ʔabahama,direct_cognate_ar→he
إِثْم,ʔiṯm,אַשְׁמָה,ashmá,ʔasima,direct_cognate_ar→he;direct_cognate_he→ar
إِجَّاص,ʔijjāṣ,אַגָּס,agás,ʔagas,direct_cognate_ar→he;shared_borrowing_source
إِحْدَى,ʔiḥdā,אִחֵד,ikhéd,ʔaxad,lemma_promoted
إِحْدَى,ʔiḥdā,אֶחָד,ekhád,ʔaxad,shared_borrowing_source;lemma_promoted
إِحْدَى,ʔiḥdā,אַחַת,akhát,ʔaxad,shared_borrowing_source
إِحْدَى,ʔiḥdā,אֻחַד,ukhád,ʔaxad,lemma_promoted
إِحْدَى,ʔiḥdā,חַד,khad-,ʔaxad,shared_borrowing_source
إِذَا,ʔiḏā,אָז,az,ʔiza,direct_cognate_ar→he
إِذْ,ʔiḏ,אָז,az,ʔiz,direct_cognate_he→ar
إِرْبِيَان,ʔirbiyān,אַרְבֶּה,arbé,ʔirbay,shared_borrowing_source
إِرْث,ʔirṯ,יְרֻשָּׁה,y'rushá,warisa,root_family
إِرْث,ʔirṯ,יָרַשׁ,yarásh,warisa,root_family
إِرْث,ʔirṯ,מוֹרָשָׁה,morashá,warisa,root_family
إِرْث,ʔirṯ,תּוֹרָשָׁה,torashá,warisa,root_family
إِرْمِيَا,ʔirmiyā,יִרְמְיָה,yirm'yá,yirmya,shared_borrowing_source
إِزَار,ʔizār,אֵזוֹר,ezór,ʔizar,direct_cognate_he→ar
إِزْمِيل,ʔizmīl,אִזְמֵל,izmél,zmili,shared_borrowing_source
إِسْتَاد,ʔistād,אִצְטַדְיוֹן,itstadyón,stadian,shared_borrowing_source
إِسْتَاد,ʔistād,סְטָטוּס,státus,stix,shared_borrowing_source
إِسْحَاق,ʔisḥāq,יִצְחָק,yitskhák,yiṣxak,shared_borrowing_source
إِسْرَائِيل,ʔisrāʔīl,יִשְׂרָאֵל,yisra'él,yisraʔil,shared_borrowing_source
إِسْرَائِيل,ʔisrāʔīl,פָּלֶשְׂתִּינָה,palestína,yisraʔil,shared_borrowing_source
إِسْرَائِيل,ʔisrāʔīl,פָלַסְטִין,falastín,yisraʔil,shared_borrowing_source
إِسْرِنْج,ʔisrinj,זַ׳רְגּוֹן,zhargón,zarqun,shared_borrowing_source
إِسْرِنْج,ʔisrinj,כְּלוֹר,klór,gilʕ,shared_borrowing_source
إِسْطَبْل,ʔisṭabl,אִצְטַדְיוֹן,itstadyón,stix,shared_borrowing_source
إِسْطَبْل,ʔisṭabl,סְטָטוּס,státus,stix,shared_borrowing_source
إِسْفَانَاخ,ʔisfānāḵ,פִּין,pin,spiy,shared_borrowing_source
إِسْفَانَاخ,ʔisfānāḵ,שְׁפִּיץ,shpits,spiy,shared_borrowing_source
إِسْفَنْج,ʔisfanj,סְפוֹג,sfog,spangas,shared_borrowing_source
إِسْفَنْج,ʔisfanj,סָפַג,safág,spangas,shared_borrowing_source
إِسْفَنْج,ʔisfanj,סֻפְגָּנִיָּה,sufganiyá,spangas,shared_borrowing_source
إِسْكِدُنْيَا,ʔiskidunyā,שֶׁסֶק,shések,ʔiskidunya,direct_cognate_he→ar
إِسْلَام,ʔislām,אִסְלָאם,islám,ʔislam,shared_borrowing_source
إِسْمَاعِيل,ʔismāʕīl,יִשְׁמָעֵאל,yishma'él,yišmaʔil,shared_borrowing_source
إِصْبَع,ʔiṣbaʕ,אֶצְבַּע,étsba,ʔiṣbaʕ,shared_borrowing_source
إِصْطَبْل,ʔiṣṭabl,אִצְטַדְיוֹן,itstadyón,stix,shared_borrowing_source
إِصْطَبْل,ʔiṣṭabl,סְטָטוּס,státus,stix,shared_borrowing_source
إِطْرِيَة,ʔiṭriya,אִטְרִיָּה,itriyá,ʔitrian,shared_borrowing_source
إِعْزَاْز,ʔiʕzāz,מָעֹז,ma'óz,ʔiʕzaʔaz,root_family
إِعْزَاْز,ʔiʕzāz,עֹז,óz,ʔiʕzaz,root_family
إِقْدَام,ʔiqdām,הִתְקַדְּמוּת,hitkadmút,ʔatqdamat,root_family
إِقْدَام,ʔiqdām,הִתְקַדֵּם,hitkadém,ʔaqdama,root_family
إِقْدَام,ʔiqdām,הַקְדָּמָה,hakdamá,ʔaqdama,root_family
إِقْدَام,ʔiqdām,קִדֵּם,kidém,ʔaqdama,root_family
إِقْلِيد,ʔiqlīd,קְלִיד,k'lid,qlidaʔ,shared_borrowing_source
إِقْلِيد,ʔiqlīd,קְלָאוּסְטְרוֹפוֹבְּיָה,klaustrofóbya,klixu,shared_borrowing_source
إِقْلِيم,ʔiqlīm,אַקְלִים,aklím,ʔiqlim,shared_borrowing_source
إِلَاهَة,ʔilāha,אֱיָל,eyal,ʔil,lemma_promoted
إِلَاهَة,ʔilāha,אֱלוֹהַּ,elóah,ʔil,shared_borrowing_source
إِلَاهَة,ʔilāha,אֲללַּהּ,alláh,ʔil,shared_borrowing_source
إِلَاهَة,ʔilāha,אֵל,el,ʔil,shared_borrowing_source
إِلَاهَة,ʔilāha,אַיִל,áyil,ʔil,lemma_promoted
إِلَاهَة,ʔilāha,אַיָּל,ayál,ʔil,lemma_promoted
إِلَاهَة,ʔilāha,א־ל,ʾ-l,ʔil,shared_borrowing_source
إِلَى,ʔilā,אֶל,el,ʔila,direct_cognate_he→ar;shared_borrowing_source
إِلَّا,ʔillā,אֶלָּא,elá,ʔilla,direct_cognate_ar→he;direct_cognate_he→ar
إِلّ,ʔill,אֱיָל,eyal,ʔil,lemma_promoted
إِلّ,ʔill,אֱלֹהִים,elohím,ʔil,shared_borrowing_source
إِلّ,ʔill,אֱלוֹהַּ,elóah,ʔil,shared_borrowing_source;lemma_promoted
إِلّ,ʔill,אֲללַּהּ,alláh,ʔil,shared_borrowing_source
إِلّ,ʔill,אֵל,el,ʔil,direct_cognate_he→ar;shared_borrowing_source
إِلّ,ʔill,אֶל,el,la,shared_borrowing_source
إِلّ,ʔill,אַיִל,áyil,ʔil,lemma_promoted
إِلّ,ʔill,אַיָּל,ayál,ʔil,lemma_promoted
إِلّ,ʔill,א־ל,ʾ-l,ʔil,shared_borrowing_source
إِلٰه,ʔilāh,אֱיָל,eyal,ʔil,lemma_promoted
إِلٰه,ʔilāh,אֱלוֹהַּ,elóah,ʔil,direct_cognate_he→ar;shared_borrowing_source;lemma_promoted
إِلٰه,ʔilāh,אֲללַּהּ,alláh,ʔil,shared_borrowing_source;lemma_promoted
إِلٰه,ʔilāh,אֵל,el,ʔil,shared_borrowing_source;lemma_promoted
إِلٰه,ʔilāh,אֵלָה,elá,ʔilah,root_family
إِلٰه,ʔilāh,אַיִל,áyil,ʔil,lemma_promoted
إِلٰه,ʔilāh,אַיָּל,ayál,ʔil,lemma_promoted
إِلٰه,ʔilāh,א־ל,ʾ-l,ʔil,shared_borrowing_source;lemma_promoted
إِمَام,ʔimām,אִימָאם,imám,ʔimam,shared_borrowing_source
إِمَّر,ʔimmar,אִמֵּר,imér,ʔimmirum,shared_borrowing_source
إِمَّر,ʔimmar,אָמוּר,amúr,ʔimmar,root_family
إِن,ʔin,אִם,im,šim,shared_borrowing_source
إِنَاء,ʔināʔ,אֳנִיָּה,oniyá,ʔinaʔ,direct_cognate_ar→he;direct_cognate_he→ar
إِنَاس,ʔinās,אֱנוֹשׁ,enósh,ʔinaš,shared_borrowing_source
إِنَّ,ʔinna,הִנֵּה,hiné,ʔinna,direct_cognate_ar→he;direct_cognate_he→ar
إِنْ,ʔin,אֵין,en,ʔin,direct_cognate_ar→he;direct_cognate_he→ar
إِنْ,ʔin,אַיִן,áyin,ʔin,direct_cognate_ar→he;direct_cognate_he→ar
إِنْ شَاءَ ٱللّٰهُ,ʔin šāʔa llāhu,אינשאללה,inshála,ʔin šaʔa llah,shared_borrowing_source
إِنْتَرْنَت,ʔintarnat,אִינְטֶרְנֶט,ínternet,ʔintanit,shared_borrowing_source
إِنْتَرْنَت,ʔintarnat,הָאִינְטֶרְנֶט,ha'ínternet,ʔintanit,shared_borrowing_source
إِنْسَان,ʔinsān,אֱנוֹשִׁי,enoshí,ʔinasan,root_family
إِنْسَان,ʔinsān,אֱנוֹשִׁיּוּת,enoshiút,ʔinasaun,root_family
إِنْسَان,ʔinsān,אֱנוֹשׁ,enósh,ʔinaš,shared_borrowing_source
إِنْسَان,ʔinsān,אֱנוֹשׁוּת,enoshút,ʔinasan,root_family
إِنْسَان,ʔinsān,אִשָּׁה,ishá,ʔinsan,root_family
إِنْسَان,ʔinsān,אָנוּשׁ,anúsh,ʔinaš,shared_borrowing_source
إِنْعَام,ʔinʕām,אֲחִינֹעַם,akhinó'am,ʔaxinaʕama,root_family
إِنْعَام,ʔinʕām,נְעִימוּת,n'imút,ʔanʕamat,root_family
إِنْعَام,ʔinʕām,נֹעַם,nó'am,ʔanaʕama,root_family
إِنْعَام,ʔinʕām,נׇעֳמִי,no'omí,ʔanʕama,root_family
إِوَزّ,ʔiwazz,אֲוָז,aváz,ʔiwazz,direct_cognate_ar→he;direct_cognate_he→ar
إِيدْز,ʔīdz,אֵיְדְּס,éyds,ʔidz,shared_borrowing_source
إِيوَان,ʔīwān,יוֹחָנָן,yokhanán,yaxanan,shared_borrowing_source
التَّلْمُود,at-talmūd,תַּלְמוּד,talmúd,talmud,shared_borrowing_source
التَّوْرَاة,at-tawrāh,תּוֹרָה,torá,tara,shared_borrowing_source
الدَّار الْبَيْضَاء,ad-dār al-bayḍāʔ,קָזַבְּלַנְקָה,kazablánka,dar albayṣaʔ,shared_borrowing_source
الرَّبّ,ar-rabb,רַב,ráv,rabb,direct_cognate_ar→he
السَّبْت,as-sabt,שַׁבָּת,shabát,šabat,shared_borrowing_source
السَّبْت,as-sabt,שָׁבַת,shavát,šapattum,shared_borrowing_source
السَّلَامُ عَلَيْكُمْ,as-salāmu ʕalaykum,שָׁלוֹם עֲלֵיכֶם,shalóm alekhém,salamu ʕalaykum,direct_cognate_ar→he;direct_cognate_he→ar
السُّعُودِيَّة,as-suʕūdiyya,סָעוּדְיָה,sa'údya,suʕudiyya,shared_borrowing_source
السِّنْد,as-sind,הֹדּוּ,hódu,sindu,shared_borrowing_source
السِّنْد,as-sind,הוֹדָה,hodá,sinduš,lemma_promoted
السِّنْد,as-sind,הוֹדוּ,hodú,sinduš,shared_borrowing_source
الشَّام,aš-šām,שְׂמֹאל,s'mól,samal,direct_cognate_ar→he
الصِّين,aṣ-ṣīn,סִין,sin,ṣin,shared_borrowing_source
الفَاسِخ,al-fāsiḵ,פֶּסַח,pésakh,pasix,direct_cognate_ar→he
اللّٰه,allāh,אֱיָל,eyal,ʔil,lemma_promoted
اللّٰه,allāh,אֱלֹהִים,elohím,ʔil,shared_borrowing_source
اللّٰه,allāh,אֱלוֹהַּ,elóah,ʔil,direct_cognate_ar→he;shared_borrowing_source;lemma_promoted
اللّٰه,allāh,אֲללַּהּ,alláh,ʔallah,shared_borrowing_source
اللّٰه,allāh,אֵל,el,ʔil,shared_borrowing_source
اللّٰه,allāh,אַיִל,áyil,ʔil,lemma_promoted
اللّٰه,allāh,אַיָּל,ayál,ʔil,lemma_promoted
اللّٰه,allāh,א־ל,ʾ-l,ʔil,shared_borrowing_source
المُحْيِي,al-muḥyī,חַיָּה,khayá,muxay,root_family
الناتو,an-nātū,נָאט״וֹ,"nát""o",nitau,shared_borrowing_source
النَّقَب,an-naqab,נֶגֶב,négev,nigiw,shared_borrowing_source
النِّيل,an-nīl,נִילוּס,nilus,nilas,shared_borrowing_source
النِّيل,an-nīl,נָהַר,nahár,nahar,shared_borrowing_source
النِّيل,an-nīl,נָהָר,nahár,nahar,shared_borrowing_source
الْأُرْدُن,al-ʔurdun,יַרְדֵּן,yardén,ʔurdun,direct_cognate_ar→he
الْإِسْكَنْدَر,al-ʔiskandar,אָלֶכְּסָנְדֶר,aleksánder,ʔaliksandras,shared_borrowing_source
الْإِسْكَنْدَرِيَّة,al-ʔiskandariyya,אֲלֶכְּסַנְדְּרִיָּה,aleksandríya,ʔaliksandria,shared_borrowing_source
الْبَحْرَيْن,al-baḥrayn,בַּחְרֵיְן,bakhréyn,baxrayn,shared_borrowing_source
الْعِبْرِيَّة,al-ʕibriyya,עִבְרִי,ivrí,ʔiwrit,lemma_promoted
الْعِبْرِيَّة,al-ʕibriyya,עִבְרִית,ivrít,ʔiwrit,shared_borrowing_source
الْعِرَاق,al-ʕirāq,עיראק,'irák,ʕiraq,shared_borrowing_source
الْفُرَات,al-furāt,פְּרָת,p'rát,purattu,direct_cognate_he→ar;shared_borrowing_source
الْقَاهِرَة,al-qāhira,קָהִיר,kahír,qahira,shared_borrowing_source
الْقَنْتْ,al-qant,ראשת,rasht,liwk,shared_borrowing_source
الْقُرْآن,al-qurʔān,קֻרְאָן,kur'án,qurʔan,shared_borrowing_source
الْقِرِم,al-qirim,קְרִים,krim,qurum,shared_borrowing_source
الْكَنْك,al-kank,גיי,gey,ging,shared_borrowing_source
الْكُوَيْت,al-kuwayt,קוֹטֶג׳,kótej,kati,shared_borrowing_source
الْمَكْسِيك,al-maksīk,מֶקְסִיקוֹ,méksiko,mixika,shared_borrowing_source
الْمُشْتَرِي,al-muštarī,יָשָׁר,yashár,muštari,direct_cognate_ar→he
الْهِنْد,al-hind,הֹדּוּ,hódu,hiduš,shared_borrowing_source
الْهِنْد,al-hind,הוֹדָה,hodá,hiduš,lemma_promoted
الْهِنْد,al-hind,הוֹדוּ,hodú,hiduš,shared_borrowing_source
الْيَابَان,al-yābān,יַפָּן,yapán,yapan,shared_borrowing_source
اَلتَّنَاخ,at-tanāḵ,תָּנָ״ךְ,tanákh,tanax,shared_borrowing_source
اَلرَّحْمٰن,ar-raḥmān,הָרַחֲמָן,haraḥaman,hal raxaman,direct_cognate_he→ar
اَللّٰهُمَّ,allāhumma,אֱיָל,eyal,ʔil,lemma_promoted
اَللّٰهُمَّ,allāhumma,אֱלֹהִים,elohím,ʔilahim,shared_borrowing_source
اَللّٰهُمَّ,allāhumma,אֱלוֹהַּ,elóah,ʔilahim,shared_borrowing_source;lemma_promoted
اَللّٰهُمَّ,allāhumma,אֵל,el,ʔil,shared_borrowing_source
اَللّٰهُمَّ,allāhumma,אַיִל,áyil,ʔil,lemma_promoted
اَللّٰهُمَّ,allāhumma,אַיָּל,ayál,ʔil,lemma_promoted
اَلمُخَا,al-muḵā,מוֹקָה,móka,muxa,shared_borrowing_source
اَلمُخَا,al-muḵā,מוח׳א,mokha,muxa,shared_borrowing_source
اَلنُّرْوِيج,an-nurwīj,נוֹרְבֶגְיָה,norvégya,narwigia,shared_borrowing_source
اَلْ,al-,אֱיָל,eyal,ʔiyal,lemma_promoted
اَلْ,al-,אֵל,el,ʔal,direct_cognate_ar→he
اَلْ,al-,אַ־,a-,ʔal-,shared_borrowing_source
اَلْ,al-,אַיִל,áyil,ʔayil,lemma_promoted
اَلْ,al-,אַיָּל,ayál,ʔayal,lemma_promoted
اَلْ,al-,אַל־,'ál,ʔal-,lemma_promoted
اَلْ,al-,ד׳,d.,ʔal-,lemma_promoted
اَلْ,al-,הַ־,ha-,ʔal,direct_cognate_he→ar
اَلْ,al-,ס׳,simán,ʔal-,lemma_promoted
اَلْ,al-,ת׳,ta-,ʔal-,lemma_promoted
اَلْمِشْنَاه,al-mišnāh,מִשְׁנָה,mishná,mišni,shared_borrowing_source
اَلْيُونَان,al-yūnān,יָוָן,yaván,ʔian,shared_borrowing_source
اِئْتَكَلَ,iʔtakala,אִכֵּל,ikél,ʔiʔtakala,root_family
اِئْتَكَلَ,iʔtakala,אֻכַּל,ukál,ʔiʔtakala,root_family
اِبْتَلَعَ,ibtalaʕa,הִבְלִיעַ,hivlía,ʔibtalaʕa,root_family
اِبْن,ibn,אִבְּן,ibn,ʔibn,shared_borrowing_source
اِبْن,ibn,בֵּן,bén,bin,shared_borrowing_source
اِبْن,ibn,בַּר,bar,bin,shared_borrowing_source
اِبْن,ibn,בַּר מִינַן,bár minán,bin,shared_borrowing_source
اِبْن,ibn,בָּר,bar,bin,shared_borrowing_source
اِبْن,ibn,ב־ן,b-n,bin,shared_borrowing_source
اِبْن,ibn,ן׳,,ʔibn,shared_borrowing_source
اِبْنَة,ibna,בַּת,bat,bint,shared_borrowing_source;lemma_promoted
اِبْنَة,ibna,בָּנוֹת,banót,bint,shared_borrowing_source
اِتَّأَسَ,ittaʔasa,הִתְיָאֵשׁ,hitya'ésh,ʔittaʔasa,root_family
اِتَّأَسَ,ittaʔasa,יֵאֵשׁ,ye'ésh,ʔittaʔasa,root_family
اِتَّبَسَ,ittabasa,הִתְיַבֵּשׁ,hityabésh,ʔittabasa,root_family
اِتَّبَسَ,ittabasa,יִבֵּשׁ,yibésh,ʔittabasa,root_family
اِتَّحَدَ,ittaḥada,אִחֵד,ikhéd,ʔittaxada,root_family
اِتَّحَدَ,ittaḥada,אֻחַד,ukhád,ʔittaxada,root_family
اِتَّحَدَ,ittaḥada,הִתְאַחֵד,hit'akhéd,ʔittaxada,root_family
اِتَّحَدَ,ittaḥada,הֶאֱחִיד,he'ekhíd,ʔittaxada,root_family
اِتِّحَاد,ittiḥād,אִחֵד,ikhéd,ʔittaxada,root_family
اِتِّحَاد,ittiḥād,אִחוּד,ikhúd,ʔittaxada,root_family
اِتِّحَاد,ittiḥād,אֻחַד,ukhád,ʔittaxada,root_family
اِثْنَا عَشَرَ,iṯnā ʕašara,שְׁנַייִם,sh'náyim,ʔisnaʕašara,root_family
اِثْنَان,iṯnān,שְׁנֵי,shnei,sin,lemma_promoted
اِثْنَان,iṯnān,שְׁנַייִם,sh'náyim,sin,shared_borrowing_source;lemma_promoted
اِثْنَان,iṯnān,שְׁתֵּי,shtéi,sin,lemma_promoted
اِثْنَان,iṯnān,שְׁתַּיִם,shtáyim,sin-t-ani ~ *isn-at-ani,lemma_promoted
اِثْنَتَانِ,iṯnatāni,שְׁנֵי,shnei,sin,shared_borrowing_source
اِثْنَتَانِ,iṯnatāni,שְׁנַייִם,sh'náyim,sin,lemma_promoted
اِثْنَتَانِ,iṯnatāni,שְׁתֵּי,shtéi,sin,shared_borrowing_source
اِثْنَتَانِ,iṯnatāni,שְׁתַּיִם,shtáyim,sin-t-ani ~ *isn-at-ani,shared_borrowing_source
اِحْتَسَبَ,iḥtasaba,הִתְחַשֵּׁב,hitkhashév,ʔixtasaba,root_family
اِذَّكَرَ,iḏḏakara,הִזְכִּיר,hizkír,ʔizzakara,root_family
اِذَّكَرَ,iḏḏakara,הֻזְכַּר,huzkár,ʔizzakara,root_family
اِذَّكَرَ,iḏḏakara,מַזְכֶּרֶת,mazkéret,ʔizzakarat,root_family
اِذَّكَرَ,iḏḏakara,נִזְכַּר,nizkár,ʔizzakara,root_family
اِرْتَضَى,irtaḍā,רִצָּה,ritsá,ʔirtaṣa,root_family
اِرْتَعَدَ,irtaʕada,רְעִידָה,r'ida,ʔirtaʕada,root_family
اِرْتَعَدَ,irtaʕada,רָעַד,ra'ád,ʔirtaʕada,root_family
اِزْدَوَجَ,izdawaja,זוּג,zúg,ʔizdawaga,root_family
اِزْدِوَاج,izdiwāj,זוּג,zúg,ʔizdawaga,root_family
اِسْت,ist,שֵׁת,shet,ʔisat,direct_cognate_ar→he;direct_cognate_he→ar
اِسْت,ist,שָׁת,shat,ʔisat,direct_cognate_he→ar
اِسْتَأَمَّ,istaʔamma,אִימָּהוּת,imahút,ʔistaʔamma,root_family
اِسْتَأَمَّ,istaʔamma,אֵם,em,ʔistaʔamma,root_family
اِسْتَبَى,istabā,נִשְׁבָּה,nishbá,ʔistaba,root_family
اِسْتَبَى,istabā,שָׁבָה,shavá,ʔistaba,root_family
اِسْتَبَى,istabā,שָׁבוּי,shavúy,ʔistabay,root_family
اِسْتَحْيَا,istaḥyā,הִשְׁתַּחֲוָה,hishtakhavá,ʔistaxaya,direct_cognate_ar→he
اِسْتَحْيَا,istaḥyā,הֶחֱיָה,hekheyá,ʔistaxya,root_family
اِسْتَذْكَرَ,istaḏkara,הִזְכִּיר,hizkír,ʔistazkara,root_family
اِسْتَذْكَرَ,istaḏkara,הֻזְכַּר,huzkár,ʔistazkara,root_family
اِسْتَذْكَرَ,istaḏkara,זִכָּרוֹן,zikarón,ʔistazkaran,root_family
اِسْتَذْكَرَ,istaḏkara,מַזְכֶּרֶת,mazkéret,ʔistazkarat,root_family
اِسْتَذْكَرَ,istaḏkara,נִזְכַּר,nizkár,ʔistazkara,root_family
اِسْتَرْضَى,istarḍā,רִצָּה,ritsá,ʔistarṣa,root_family
اِسْتَسْأَلَ,istasʔala,נִשְׁאַל,nish'ál,ʔistasʔala,root_family
اِسْتَسْأَلَ,istasʔala,שְׁאִילְתָה,sh'ílta,ʔistasʔala,root_family
اِسْتَسْأَلَ,istasʔala,שָׁאַל,sha'ál,ʔistasʔala,root_family
اِسْتَصْبَرَ,istaṣbara,הִצְטַבֵּר,hitstabér,ʔistaṣbara,root_family
اِسْتَعْبَدَ,istaʕbada,עַבְדוּת,avdút,ʔistaʕbada,root_family
اِسْتَعْبَدَ,istaʕbada,שִׁעְבּוּד,shibúd,ʔistaʕbada,root_family
اِسْتَعْرَبَ,istaʕraba,הִסְתַּעֲרֵב,hista'arév,ʔistaʕraba,shared_borrowing_source
اِسْتَعْرَبَ,istaʕraba,מִסְתַּעֲרֵב,mista'arév,ʔistaʕraba,shared_borrowing_source
اِسْتَعْلَى,istaʕlā,הִתְעַלָּה,hit'alá,ʔistaʕla,root_family
اِسْتَعْلَى,istaʕlā,הֶעֱלָה,he'elá,ʔistaʕla,root_family
اِسْتَعْلَى,istaʕlā,עֲלִיָּה,aliyá,ʔistaʕla,root_family
اِسْتَقَاءَ,istaqāʔa,הֵקִיא,hekí,ʔistaqaʔa,root_family
اِسْتَقَامَ,istaqāma,הִתְקוֹמֵם,hitkomem,ʔistaqama,root_family
اِسْتَقَامَ,istaqāma,הֵקִים,hekím,ʔistaqama,root_family
اِسْتَقْدَمَ,istaqdama,הִקְדִּים,hiqdīm,ʔistaqdama,root_family
اِسْتَقْدَمَ,istaqdama,הִתְקַדֵּם,hitkadém,ʔistaqdama,root_family
اِسْتَقْدَمَ,istaqdama,קִדֵּם,kidém,ʔistaqdama,root_family
اِسْتَقْدَمَ,istaqdama,קַדְמוֹן,kadmón,ʔistaqdama,root_family
اِسْتَقْطَبَ,istaqṭaba,קִיטֵּב,kitév,ʔistaqṭaba,root_family
اِسْتَكْتَبَ,istaktaba,הִכְתִּיב,hikhtív,ʔistaktaba,root_family
اِسْتَكْتَبَ,istaktaba,נִכְתַּב,nikhtáv,ʔistaktaba,root_family
اِسْتَمَرَّ,istamarra,מָרָה,mará,ʔistamarra,root_family
اِسْتَنَارَ,istanāra,מְנוֹרָה,m'norá,ʔistanara,root_family
اِسْتَيْئَسَ,istayʔasa,הִתְיָאֵשׁ,hitya'ésh,ʔistayʔasa,root_family
اِسْتَيْئَسَ,istayʔasa,יֵאֵשׁ,ye'ésh,ʔistayiʔasa,root_family
اِسْم,ism,שֵׁם,shem,šim,direct_cognate_ar→he;direct_cognate_he→ar;shared_borrowing_source
اِسْم,ism,שָׁם,sham,ʔisim,direct_cognate_ar→he
اِسْم,ism,שָׂם,sam,ʔisim,direct_cognate_ar→he
اِشْتِيَاق,ištiyāq,תְּשׁוּקָה,tshuká,ʔištaqa,root_family
اِصْطَادَ,iṣṭāda,צַיִד,tsáyid,ʔiṣṭada,root_family
اِصْطَادَ,iṣṭāda,צַיָּד,tsayád,ʔiṣṭada,root_family
اِصْطَادَ,iṣṭāda,צָד,tsad,ʔiṣṭada,root_family
اِصْطَامَ,iṣṭāma,צָם,tsám,ʔiṣṭama,root_family
اِصْطَامَ,iṣṭāma,צוֹם,tsom,ʔiṣṭama,root_family
اِعْتَزَّ,iʕtazza,הֵעֵז,he'ez,ʔiʕtazza,root_family
اِعْتَزَّ,iʕtazza,עֹז,óz,ʔiʕtazza,root_family
اِعْتَلَى,iʕtalā,הֶעֱלָה,he'elá,ʔiʕtala,root_family
اِعْتَلَى,iʕtalā,עֲלִיָּה,aliyá,ʔiʕtala,root_family
اِعْتَمَدَ,iʕtamada,עָמַד,amád,ʔiʕtamada,root_family
اِعْتَمَلَ,iʕtamala,הִתְעַמֵּל,hitamél,ʔiʕtamala,direct_cognate_he→ar
اِعْلَوْلَى,iʕlawlā,הֶעֱלָה,he'elá,ʔiʕlawla,root_family
اِعْلَوْلَى,iʕlawlā,עֲלִיָּה,aliyá,ʔiʕlawla,root_family
اِغْبَرَّ,iḡbarra,עָפָר,afár,ʔigbarra,root_family
اِفْتَدَى,iftadā,פִּדְיוֹן,pidyón,ʔiftada,root_family
اِفْتَدَى,iftadā,פָּדָה,padá,ʔiftada,root_family
اِقْتَطَفَ,iqtaṭafa,קָטַף,katáf,ʔiqtaṭafa,root_family
اِقْتَنَى,iqtanā,קָנָה,kaná,ʔiqtana,direct_cognate_ar→he
اِكْتَتَبَ,iktataba,כְּתֹבֶת,k'tóvet,ʔiktataba,root_family
اِكْتَتَبَ,iktataba,נִכְתַּב,nikhtáv,ʔiktataba,root_family
اِلْتَهَبَ,iltahaba,לַהַב,láhav,ʔiltahaba,root_family
اِلْتِهَاب,iltihāb,הִתְלַהֲבוּת,hitlahavút,ʔiltahabat,root_family
اِلْتِهَاب,iltihāb,לַהַב,láhav,ʔiltahaba,root_family
اِمَّحَقَ,immaḥaqa,נִמְחַק,nimkhák,naʔimmaxaqa,root_family
اِمْتَنَعَ,imtanaʕa,מָנַע,maná',ʔimtanaʕa,root_family
اِمْتَنَعَ,imtanaʕa,נִמְנַע,nimná,ʔimtanaʕa,root_family
اِمْرَأَة,imraʔa,נָשִׁים,nashím,naʔimraʔ,direct_cognate_ar→he;lemma_promoted
اِمْرَأَة,imraʔa,נָשִׂים,nasím,naʔimraʔ,direct_cognate_ar→he;lemma_promoted
اِمْرَأَة,imraʔa,שֵׁם,shem,ʔimraʔ,lemma_promoted
اِمْرَأَة,imraʔa,שָׁם,sham,ʔimraʔ,lemma_promoted
اِمْرَأَة,imraʔa,שָׂם,sam,ʔimraʔ,lemma_promoted
اِنْبَلَعَ,inbalaʕa,הִבְלִיעַ,hivlía,ʔanbalaʕa,root_family
اِنْتَفَخَ,intafaḵa,הִתְנַפֵּחַ,hitnapéakh,ʔintapiaxa,root_family
اِنْتَفَخَ,intafaḵa,נִפֵּחַ,nipéakh,ʔintafaxa,root_family
اِنْتَقَمَ,intaqama,נְקָמָה,nekamá,ʔintaqama,lemma_promoted
اِنْتَقَمَ,intaqama,נָקַם,nakám,ʔintaqama,direct_cognate_he→ar
اِنْتِفَاضَة,intifāḍa,אִנְתִּיפָדָה,intifáda,ʔintipaṣa,shared_borrowing_source
اِنْتِقَام,intiqām,נְקָמָה,nekamá,ʔintaqama,direct_cognate_ar→he;direct_cognate_he→ar
اِنْقِبَاض,inqibāḍ,קִבּוּץ,kibútz,ʔinqabaṣa,root_family
اِنْكَفَّ,inkaffa,הִתְכּוֹפֵף,hitkofef,kaffaf,root_family
بارون,bārōn,פַּרְוֶה,párve,bara,shared_borrowing_source
بارون,bārōn,פרווה,parvá,bara,shared_borrowing_source
بالُون,bālūn,בָּלוֹן,balón,bala,shared_borrowing_source
بالُون,bālūn,לָמָה,láma,bil,shared_borrowing_source
بالُون,bālūn,פּוֹלְמוֹס,polmós,pil,shared_borrowing_source
بالُون,bālūn,פוּל,ful,pil,shared_borrowing_source
بستو,pestō,פֶּסְטוֹ,pésto,pista,shared_borrowing_source
بيك,bēg,אֲבַגְתָא,avagtá,bagah,shared_borrowing_source
بيكُم,bēgum,אֲבַגְתָא,avagtá,bagah,shared_borrowing_source
بَأْسَاء,baʔsāʔ,בָּאסָה,bása,baʔsaʔ,shared_borrowing_source
بَاءَ,bāʔa,בָּא,ba,baʔa,direct_cognate_ar→he;direct_cognate_he→ar
بَابُونَج,bābūnaj,בַּבּוֹנָג,babonág,babunaj,shared_borrowing_source
بَابِل,bābil,בָּבֶל,bavél,babilim,shared_borrowing_source
بَادَ,bāda,אָבַד,avád,ʔabada,direct_cognate_ar→he
بَار,bār,בַּר,bar,bar,shared_borrowing_source
بَار,bār,בָּאר,bár,bar,shared_borrowing_source
بَار,bār,בָּר,bar,bar,shared_borrowing_source
بَار,bār,בּוֹר,bór,bir,shared_borrowing_source
بَار,bār,גִּזְבָּר,gizbár,bir,shared_borrowing_source
بَار,bār,פַּרְוֶה,párve,bar,shared_borrowing_source
بَار,bār,פרווה,parvá,bar,shared_borrowing_source
بَارَكَ,bāraka,בְּרָכָה,b'rakhá,baraka,root_family
بَارَكَ,bāraka,בֵּרֵךְ,berékh,baraka,direct_cognate_ar→he;direct_cognate_he→ar
بَارَكَ,bāraka,בָּרוּךְ,barúkh,baraka,lemma_promoted
بَارَكَ,bāraka,בֹּרַךְ,borákh,baraka,root_family
بَارِيز,bārīz,בְּרִיטַנְיָה,británya,kir,shared_borrowing_source
بَارِيز,bārīz,סְפּוֹרְט,spórt,pir,shared_borrowing_source
بَاز,bāz,בַּז,baz,baz,direct_cognate_ar→he
بَازٍ,bāzin,בַּז,baz,baz,direct_cognate_ar→he
بَازَار,bāzār,טֵלֵפוֹן,télefon,kil,shared_borrowing_source
بَازَار,bāzār,טֶלֶוִיזְיָה,televízya,kil,shared_borrowing_source
بَازَهْر,bāzahr,פוּטֶר,fúter,pix,shared_borrowing_source
بَاسُور,bāsūr,בֹּסֶר,bóser,basur,direct_cognate_ar→he
بَاسْتَا,bāsta,פַּשְׁטִידָה,pashtidá,pasta,shared_borrowing_source
بَاضَ,bāḍa,בֵּיצָה,betsá,bayṣa,lemma_promoted
بَاطُس,bāṭus,בַּת,bat,bat,shared_borrowing_source;lemma_promoted
بَاطُس,bāṭus,בָּנוֹת,banót,bint,shared_borrowing_source
بَاطِيَة,bāṭiya,בַּת,bat,baṭiy,direct_cognate_he→ar
بَال,bāl,בּוּל,búl,bawl,lemma_promoted
بَالٍ,bālin,בּוּל,búl,bawl,lemma_promoted
بَالَ,bāla,בּוּל,búl,bawl,lemma_promoted
بَالِيه,bālēh,בָּלֵט,balét,bali,shared_borrowing_source
بَاي,bāy,אֲבַגְתָא,avagtá,bagah,shared_borrowing_source
بَاي,bāy,אוֹפְּטִימִי,optími,hipi,shared_borrowing_source
بَاي,bāy,אוֹפְּטִימָלִי,optimáli,hipi,shared_borrowing_source
بَاي,bāy,בַּי,báy,bai,direct_cognate_he→ar;shared_borrowing_source
بَتَاتَا,batātā,בָּטָטָה,batáta,batata,shared_borrowing_source
بَتُول,batūl,בְּתוּלָה,betulá,batul,direct_cognate_ar→he;direct_cognate_he→ar;shared_borrowing_source
بَتُول,batūl,בָּתוּל m .,batúl,batul,direct_cognate_he→ar
بَتُولَا,batūlā,קוֹד,kód,gitu,shared_borrowing_source
بَثَن,baṯan,בָּשָׁן,bashán,basan,shared_borrowing_source
بَثَن,baṯan,פֶּתֶן,péten,basan,shared_borrowing_source
بَحَثَ,baḥaṯa,בָּחַשׁ,bakhásh,baxasa,direct_cognate_ar→he
بَخْت,baḵt,אֲבַגְתָא,avagtá,bixg,shared_borrowing_source
بَدَل,badal,בְּדָל,b'dál,badala,direct_cognate_he→ar;lemma_promoted
بَدَل,badal,בִּידֵּל,bidél,badala,direct_cognate_he→ar;lemma_promoted
بَدَل,badal,בָּדַל,badál,badala,direct_cognate_he→ar;lemma_promoted
بَدَلَ,badala,בְּדָל,b'dál,badala,direct_cognate_ar→he;direct_cognate_he→ar;lemma_promoted
بَدَلَ,badala,בִּידֵּל,bidél,badala,direct_cognate_ar→he;direct_cognate_he→ar;lemma_promoted
بَدَلَ,badala,בָּדַל,badál,badala,direct_cognate_ar→he;direct_cognate_he→ar;lemma_promoted
بَدَلَ,badala,הִבְדִּיל,hivdíl,badala,direct_cognate_he→ar
بَدَّلَ,baddala,בְּדָל,b'dál,badala,direct_cognate_he→ar;lemma_promoted
بَدَّلَ,baddala,בִּידֵּל,bidél,baddala,direct_cognate_he→ar;lemma_promoted
بَدَّلَ,baddala,בָּדַל,badál,badala,direct_cognate_he→ar;lemma_promoted
بَدِل,badil,בְּדָל,b'dál,badil,direct_cognate_he→ar;lemma_promoted
بَدِل,badil,בִּידֵּל,bidél,badil,direct_cognate_he→ar;lemma_promoted
بَدِل,badil,בָּדַל,badál,badil,direct_cognate_he→ar;lemma_promoted
بَدِلَ,badila,בְּדָל,b'dál,badila,direct_cognate_he→ar;lemma_promoted
بَدِلَ,badila,בִּידֵּל,bidél,badila,direct_cognate_he→ar;lemma_promoted
بَدِلَ,badila,בָּדַל,badál,badila,direct_cognate_he→ar;lemma_promoted
بَدْل,badl,בְּדָל,b'dál,badala,direct_cognate_he→ar;lemma_promoted
بَدْل,badl,בִּידֵּל,bidél,badala,direct_cognate_he→ar;lemma_promoted
بَدْل,badl,בָּדַל,badál,badala,direct_cognate_he→ar;lemma_promoted
بَرَأَ,baraʔa,אִבְּן,ibn,bin,shared_borrowing_source
بَرَأَ,baraʔa,בֵּן,bén,bin,shared_borrowing_source
بَرَأَ,baraʔa,בַּר,bar,bara,shared_borrowing_source
بَرَأَ,baraʔa,בַּר מִינַן,bár minán,bara,shared_borrowing_source
بَرَأَ,baraʔa,בָּר,bar,bara,shared_borrowing_source
بَرَأَ,baraʔa,בָּרָא,bará,baraʔa,direct_cognate_he→ar
بَرَأَ,baraʔa,ב־ן,b-n,bin,shared_borrowing_source
بَرَأَ,baraʔa,ן׳,,bin,shared_borrowing_source
بَرَاء,barāʔ,בַּר,bar,bariʔa,root_family
بَرَاء,barāʔ,בָּרוּר,barúr,bariʔa,root_family
بَرَد,barad,בָּרָד,barád,barad,direct_cognate_ar→he;direct_cognate_he→ar
بَرَقَ,baraqa,בָּרָק,barák,baraq,shared_borrowing_source;lemma_promoted
بَرَكَ,baraka,בֶּרֶךְ,bérekh,birk,shared_borrowing_source
بَرَكَ,baraka,בָּרַךְ,barákh,birk,shared_borrowing_source
بَرَكَة,baraka,בְּרָכָה,b'rakhá,baraka,direct_cognate_he→ar
بَرَّ,barra,בַּר,bar,barr,shared_borrowing_source;lemma_promoted
بَرَّ,barra,בַּר מִינַן,bár minán,barr,shared_borrowing_source;lemma_promoted
بَرَّ,barra,בָּר,bar,barr,shared_borrowing_source;lemma_promoted
بَرَّأَ,barraʔa,אִבְּן,ibn,bin,shared_borrowing_source
بَرَّأَ,barraʔa,בֵּן,bén,bin,shared_borrowing_source
بَرَّأَ,barraʔa,בַּר,bar,bara,shared_borrowing_source
بَرَّأَ,barraʔa,בַּר מִינַן,bár minán,bara,shared_borrowing_source
بَرَّأَ,barraʔa,בָּר,bar,bara,shared_borrowing_source
بَرَّأَ,barraʔa,ב־ן,b-n,bin,shared_borrowing_source
بَرَّأَ,barraʔa,ן׳,,bin,shared_borrowing_source
بَرَّاق,barrāq,מַבְרִיק,mavrík,bawrraq,root_family
بَرِحَ,bariḥa,בָּרַח,barákh,barixa,direct_cognate_ar→he;direct_cognate_he→ar
بَرِيء,barīʔ,בַּר,bar,bariʔ,root_family
بَرِيء,barīʔ,בָּרוּר,barúr,bariʔ,root_family
بَرّ,barr,בַּר,bar,barr,direct_cognate_he→ar;shared_borrowing_source;lemma_promoted
بَرّ,barr,בַּר מִינַן,bár minán,barr,shared_borrowing_source;lemma_promoted
بَرّ,barr,בָּר,bar,barr,shared_borrowing_source;lemma_promoted
بَرْبَارِيس,barbārīs,עִנְבָּר,inbár,barbaris,shared_borrowing_source
بَرْبَارِيس,barbārīs,עַנְבָּר,anbár,barbaris,shared_borrowing_source
بَرْبَرَ,barbara,בִּרְבֵּר,birbér,barbara,shared_borrowing_source
بَرْجَل,barjal,סְפּוֹרְט,spórt,pir,shared_borrowing_source
بَرْشَلُونة,baršalūna,בַּרְצֶלוֹנָה,bartselóna,barkina,shared_borrowing_source
بَرْغَش,barḡaš,פַּרְעוֹשׁ,par'ósh,purgus,shared_borrowing_source
بَرْق,barq,בָּרָק,barák,baraq,shared_borrowing_source
بَرْق,barq,הִבְרִיק,hivrík,baraqa,root_family
بَرْقِيَّة,barqiyya,מִבְרָק,mivrák,barqiyya,shared_borrowing_source
بَرْمَائِيّ,barmāʔiyy,בַּר,bar,barmaʔ,root_family
بَزَّ,bazza,בּוּץ,buts,buṣ,lemma_promoted
بَزَّ,bazza,שְׁבַטְבָּט,shvatbat,buṣ,lemma_promoted
بَزّ,bazz,בּוּץ,buts,buṣ,shared_borrowing_source
بَزّ,bazz,שְׁבַטְבָּט,shvatbat,buṣ,shared_borrowing_source
بَسَرَ,basara,בֹּסֶר,bóser,basara,direct_cognate_ar→he;lemma_promoted
بَسِيط,basīṭ,פָּשׁוּט,pashút,basiṭ,direct_cognate_ar→he
بَسْر,basr,בֹּסֶר,bóser,basara,direct_cognate_ar→he
بَسْكَوِيت,baskawīt,בִּיסְקְוִיט,bískvit,biskuit,shared_borrowing_source
بَشَارَة,bašāra,בְּשׂוֹרָה,b'sorá,bisara,direct_cognate_ar→he
بَشَام,bašām,אֲפַרְסְמוֹן,afarsemón,basam,shared_borrowing_source
بَشَام,bašām,בְּרוֹשׁ,brósh,hamprsa,shared_borrowing_source
بَشَام,bašām,בֹּשֶׂם,bósem,basam,direct_cognate_he→ar;shared_borrowing_source
بَشَر,bašar,בִּשֵּׂר,bisér,basar,direct_cognate_he→ar;shared_borrowing_source;lemma_promoted
بَشَر,bašar,בָּשָׂר,basár,basar,direct_cognate_he→ar;shared_borrowing_source;lemma_promoted
بَشَرَ,bašara,בִּשֵּׂר,bisér,basar,shared_borrowing_source;lemma_promoted
بَشَرَ,bašara,בָּשָׂר,basár,basar,shared_borrowing_source;lemma_promoted
بَشَرَة,bašara,בָּשָׂר,basár,basar,root_family
بَشَّرَ,baššara,בִּשֵּׂר,bisér,bassar,direct_cognate_he→ar;lemma_promoted
بَشَّرَ,baššara,בָּשָׂר,basár,basar,lemma_promoted
بَشِرَ,bašira,בִּשֵּׂר,bisér,basar,lemma_promoted
بَشِرَ,bašira,בָּשָׂר,basár,basar,lemma_promoted
بَشْر,bašr,בִּשֵּׂר,bisér,basar,shared_borrowing_source;lemma_promoted
بَشْر,bašr,בָּשָׂר,basár,basar,shared_borrowing_source;lemma_promoted
بَشْرَف,bašraf,אִינְץ׳,ínch,wiyd,shared_borrowing_source
بَشْرَف,bašraf,אָדִישׁ,adísh,wiyd,shared_borrowing_source
بَشْرَف,bašraf,הִיסְטוֹרְיָה,história,wiyd,shared_borrowing_source
بَشْرَف,bašraf,וִידֵאוֹ,víde'o,wiyd,shared_borrowing_source
بَشْرَف,bašraf,סְפּוֹרְט,spórt,pir,shared_borrowing_source
بَصَل,baṣal,בָּצָל,batsál,baṣal,direct_cognate_ar→he;direct_cognate_he→ar
بَطَاطَا,baṭāṭā,בָּטָטָה,batáta,batata,direct_cognate_he→ar;shared_borrowing_source
بَطَاطَة,baṭāṭa,בָּטָטָה,batáta,batata,shared_borrowing_source
بَطَاطِس,baṭāṭis,בָּטָטָה,batáta,batata,shared_borrowing_source
بَطَل,baṭal,בִּטֵּל,bitél,baṭal,shared_borrowing_source;lemma_promoted
بَطَل,baṭal,בָּטֵל,batél,baṭal,shared_borrowing_source;lemma_promoted
بَطَل,baṭal,בָּטַל,batál,baṭal,shared_borrowing_source;lemma_promoted
بَطَل,baṭal,בֻּטַּל,butál,baṭal,shared_borrowing_source;lemma_promoted
بَطَلَ,baṭala,בִּטֵּל,bitél,baṭal,shared_borrowing_source;lemma_promoted
بَطَلَ,baṭala,בָּטֵל,batél,baṭal,shared_borrowing_source;lemma_promoted
بَطَلَ,baṭala,בָּטַל,batál,baṭal,shared_borrowing_source;lemma_promoted
بَطَلَ,baṭala,בֻּטַּל,butál,baṭal,shared_borrowing_source;lemma_promoted
بَطَّلَ,baṭṭala,בִּטֵּל,bitél,baṭṭal,shared_borrowing_source;lemma_promoted
بَطَّلَ,baṭṭala,בָּטֵל,batél,baṭal,shared_borrowing_source;lemma_promoted
بَطَّلَ,baṭṭala,בָּטַל,batál,baṭal,shared_borrowing_source;lemma_promoted
بَطَّلَ,baṭṭala,בֻּטַּל,butál,baṭal,shared_borrowing_source;lemma_promoted
بَطُلَ,baṭula,בִּטֵּל,bitél,baṭal,shared_borrowing_source;lemma_promoted
بَطُلَ,baṭula,בָּטֵל,batél,baṭal,shared_borrowing_source;lemma_promoted
بَطُلَ,baṭula,בָּטַל,batál,baṭal,shared_borrowing_source;lemma_promoted
بَطُلَ,baṭula,בֻּטַּל,butál,baṭal,shared_borrowing_source;lemma_promoted
بَطْن,baṭn,בֶּטֶן,béten,baṭin,direct_cognate_ar→he;direct_cognate_he→ar
بَعَرَ,baʕara,בָּעַר,ba'ár,baʕara,direct_cognate_ar→he
بَعِير,baʕīr,בְּעִיר,b'ír,baʕar,direct_cognate_ar→he;direct_cognate_he→ar;shared_borrowing_source
بَعِير,baʕīr,בָּעִיר,ba'ír,baʕar,direct_cognate_he→ar;shared_borrowing_source
بَعْر,baʕr,בָּעַר,ba'ár,baʕara,direct_cognate_ar→he
بَعْل,baʕl,בְּעָל,bə'al,baʕl,shared_borrowing_source
بَعْل,baʕl,בַּעַל,bá'al,baʕl,shared_borrowing_source
بَقَر,baqar,בָּקָר,baqár,baqar,direct_cognate_ar→he;direct_cognate_he→ar
بَقَرَة,baqara,בָּקָר,baqár,baqar,direct_cognate_ar→he
بَقَّ,baqqa,יַבּוֹק,Yabók,yabaqqa,direct_cognate_he→ar
بَكَرَ,bakara,בְּכוֹר,b'khór,bakara,direct_cognate_ar→he
بَكَرَة,bakara,בְּכוֹר,b'khór,bakar,lemma_promoted
بَكَى,bakā,בִּכָּה,biká,baka,direct_cognate_he→ar
بَكَى,bakā,בֶּכִי,békhi,baka,lemma_promoted
بَكَى,bakā,בָּכָה,bakhá,baka,direct_cognate_ar→he;direct_cognate_he→ar;lemma_promoted
بَكَّاء,bakkāʔ,בֶּכִי,békhi,bakkaʔ,direct_cognate_he→ar
بَكَّرَ,bakkara,בְּכוֹר,b'khór,bakara,direct_cognate_ar→he
بَكْر,bakr,בְּכוֹר,b'khór,bakar,direct_cognate_ar→he
بَلَاتِين,balātīn,פְּלָטִינָה,platína,balatin,shared_borrowing_source
بَلَعَ,balaʕa,בִּלֵּעַ,biléa',balaʕa,direct_cognate_he→ar
بَلَعَ,balaʕa,בָּלַע,balá,balaʕa,direct_cognate_ar→he;direct_cognate_he→ar
بَلَعَ,balaʕa,הִבְלִיעַ,hivlía,balaʕa,root_family
بَلُّوط,ballūṭ,בַּלּוּט,balút,balluṭ,direct_cognate_he→ar
بَلِيَ,baliya,בִּלָּה,bilá,baliya,direct_cognate_he→ar
بَلِيَ,baliya,בָּלָה,balá,baliya,direct_cognate_ar→he;direct_cognate_he→ar
بَلِيَ,baliya,הִתְבַּלָּה,hitbalá,baliya,root_family
بَلْسَم,balsam,אֲפַרְסְמוֹן,afarsemón,basam,shared_borrowing_source
بَلْسَم,balsam,בְּרוֹשׁ,brósh,hamprsa,shared_borrowing_source
بَلْسَم,balsam,בֹּשֶׂם,bósem,basam,shared_borrowing_source
بَنَان,banān,בָּנָנָה,banána,banan,shared_borrowing_source
بَنَى,banā,בְּנִיָּה,bəniyyɔ̂,baniyya,lemma_promoted
بَنَى,banā,בִּנְיָן,binyɔn,banyan,lemma_promoted
بَنَى,banā,בָּנָה,baná,banay,direct_cognate_ar→he;direct_cognate_he→ar;shared_borrowing_source
بَنْد,band,בּוֹס,bós,bind,shared_borrowing_source
بَنْزِين,banzīn,בֶּנְזִין,benzín,banzin,shared_borrowing_source
بَنْك,bank,בַּנְק,bánk,bank,shared_borrowing_source
بَهَار,bahār,בָּהָרָט,baharát,baharat,lemma_promoted
بَهَارَات,bahārāt,בָּהָרָט,baharát,baharat,shared_borrowing_source
بَهَرَ,bahara,בָּהִיר,bahír,bahara,direct_cognate_ar→he
بَهِيمَة,bahīma,בְּהֵמָה,behemá,bihima,direct_cognate_he→ar;shared_borrowing_source
بَوْسَة,bawsa,בּוּסָה,búsa,bawsa,shared_borrowing_source
بَوْل,bawl,בּוּל,búl,bawl,shared_borrowing_source
بَيَّاض,bayyāḍ,בֵּיצָה,betsá,bayaṣ,root_family
بَيَّاض,bayyāḍ,בֹּץ,bots,bayaṣ,root_family
بَيَّضَ,bayyaḍa,אָבָץ,avátz,bayaṣa,direct_cognate_he→ar
بَيْت,bayt,בִּיֵּת,biyét,bayt,direct_cognate_he→ar;shared_borrowing_source
بَيْت,bayt,בִּיט,bit,bayt,shared_borrowing_source
بَيْت,bayt,בֵּטָא,béta,bayt,shared_borrowing_source
بَيْت,bayt,בֵּית,béyt,bayt,direct_cognate_he→ar;shared_borrowing_source
بَيْت,bayt,בֵּיתָא,béta,bayt,shared_borrowing_source
بَيْت,bayt,בַּיִת,báyit,bayt,direct_cognate_he→ar;shared_borrowing_source
بَيْت,bayt,בֻּיַּת,buyát,bayt,direct_cognate_he→ar;shared_borrowing_source
بَيْت,bayt,הַבַּיִת,habáyit,bayt,direct_cognate_he→ar;shared_borrowing_source
بَيْت الْمَقْدِس,bayt al-maqdis,בֵּית ־הַמִּקְדָּשׁ,béit-hamikdásh,bayt hal maqdis,direct_cognate_ar→he;direct_cognate_he→ar
بَيْت لَحْم,bayt laḥm,בֵּית לֶחֶם,bet lékhem,bit lixim,shared_borrowing_source
بَيْض,bayḍ,בֵּיצָה,betsá,bayṣa,direct_cognate_ar→he;direct_cognate_he→ar
بَيْلَسَان,baylasān,אֲפַרְסְמוֹן,afarsemón,balsaman,shared_borrowing_source
بَيْلَسَان,baylasān,בְּרוֹשׁ,brósh,hamprsa,shared_borrowing_source
بَيْلَسَان,baylasān,בֹּשֶׂם,bósem,basam,shared_borrowing_source
بَيْنَ,bayna,בֵּין,ben,bayna,direct_cognate_ar→he;direct_cognate_he→ar
بُحْرَان,buḥrān,בָּחַר,bakhár,buxran,direct_cognate_ar→he
بُرّ,burr,בַּר,bar,barr,lemma_promoted
بُرّ,burr,בַּר מִינַן,bár minán,barr,lemma_promoted
بُرّ,burr,בָּר,bar,barr,direct_cognate_ar→he;lemma_promoted
بُرْغُوث,burḡūṯ,פַּרְעוֹשׁ,par'ósh,purgus,shared_borrowing_source
بُرْغِيّ,burḡiyy,בֹּרֶג,bóreg,burgiyy,shared_borrowing_source
بُزْيُون,buzyūn,בּוּץ,buts,buṣ,shared_borrowing_source
بُزْيُون,buzyūn,שְׁבַטְבָּט,shvatbat,buṣ,shared_borrowing_source
بُسَد,busad,בִּשֵּׂר,bisér,basar,shared_borrowing_source
بُسَد,busad,בָּשָׂר,basár,basar,shared_borrowing_source
بُسْر,busr,בֹּסֶר,bóser,busir,direct_cognate_ar→he;lemma_promoted
بُسْطُن,busṭun,בּוֹסְטוֹן,bóston,bastan,shared_borrowing_source
بُشَارَة,bušāra,בְּשׂוֹרָה,b'sorá,bisara,direct_cognate_ar→he
بُشَارَة,bušāra,בָּשָׂר,basár,bisar,root_family
بُشْرَى,bušrā,בִּשֵּׂר,bisér,busara,root_family
بُطُل,buṭul,בִּטֵּל,bitél,baṭal,lemma_promoted
بُطُل,buṭul,בָּטֵל,batél,baṭal,lemma_promoted
بُطُل,buṭul,בָּטַל,batál,baṭal,lemma_promoted
بُطُل,buṭul,בֻּטַּל,butál,baṭal,lemma_promoted
بُطْل,buṭl,בִּטֵּל,bitél,baṭal,shared_borrowing_source
بُطْل,buṭl,בָּטֵל,batél,baṭal,shared_borrowing_source
بُطْل,buṭl,בָּטַל,batál,baṭal,shared_borrowing_source
بُطْل,buṭl,בֻּטַּל,butál,baṭal,shared_borrowing_source
بُطْم,buṭm,בֹּטֶן,bóten,buṭnu,shared_borrowing_source
بُكًى,bukan,בֶּכִי,békhi,baka,lemma_promoted
بُكًى,bukan,בָּכָה,bakhá,baka,direct_cognate_ar→he
بُكَاء,bukāʔ,בֶּכִי,békhi,baka,direct_cognate_he→ar
بُكَر,bukar,בְּכוֹר,b'khór,bukar,direct_cognate_ar→he
بُكْرَة,bukra,בְּכוֹר,b'khór,bukar,lemma_promoted
بُكْرَةً,bukratan,בְּכוֹר,b'khór,bukaratan,lemma_promoted
بُلْبُل,bulbul,בִּלְבֵּל,bilbél,bulbul,direct_cognate_he→ar
بُنًى,bunan,בְּנִיָּה,bəniyyɔ̂,bunana,lemma_promoted
بُنًى,bunan,בִּנְיָן,binyɔn,bunyan,lemma_promoted
بُنْيَان,bunyān,בִּנְיָן,binyɔn,banyan,direct_cognate_he→ar
بُهَار,buhār,בַּר,bar,bir,shared_borrowing_source
بُهَار,buhār,בָּאר,bár,bir,shared_borrowing_source
بُهَار,buhār,בָּהָרָט,baharát,baharat,lemma_promoted
بُهَار,buhār,בָּר,bar,bir,shared_borrowing_source
بُهَار,buhār,בּוֹר,bór,bir,shared_borrowing_source
بُهَار,buhār,גִּזְבָּר,gizbár,bir,shared_borrowing_source
بُوتَان,būtān,בְּהוּטָן,bután,butan,shared_borrowing_source
بُوسْطُن,bōsṭon,בּוֹסְטוֹן,bóston,bastan,shared_borrowing_source
بُوص,būṣ,בּוּץ,buts,buṣ,shared_borrowing_source
بُوص,būṣ,סְפּוֹרְט,spórt,pir,lemma_promoted
بُوص,būṣ,שְׁבַטְבָּט,shvatbat,buṣ,shared_borrowing_source
بُوصَة,būṣa,סְפּוֹרְט,spórt,pir,shared_borrowing_source
بُوصِير,būṣīr,בּוּץ,buts,buṣ,shared_borrowing_source
بُوصِير,būṣīr,שְׁבַטְבָּט,shvatbat,buṣ,shared_borrowing_source
بُوط,būṭ,בִּיט,bit,butt,shared_borrowing_source
بُوط,būṭ,בָּאג,bag,biw,shared_borrowing_source
بُوط,būṭ,בֹּץ,bots,buṭ,direct_cognate_he→ar
بُوط,būṭ,בּוֹס,bós,bautana,shared_borrowing_source
بُوط,būṭ,בּוּץ,buts,buṭ,lemma_promoted
بُوقِيصَا,būqīṣā,בּוּקִיצָה,bukítsa,buqiṣa,shared_borrowing_source
بُولَاد,būlād,פְּלָדָה,pladá,palad,shared_borrowing_source
بُولُس,būlus,פּוֹל,pol,paulus,shared_borrowing_source
بِئْر,biʔr,בְּאֵר,be'ér,biʔr,shared_borrowing_source
بِئْر,biʔr,בֵּאֵר,be'ér,biʔr,shared_borrowing_source
بِرُونْز,birūnz,אֶרֶז,érez,wrinjiš,lemma_promoted
بِرُونْز,birūnz,אָרַז,aráz,wrinjiš,lemma_promoted
بِرُونْز,birūnz,אֹרֶז,órez,wrinjiš,shared_borrowing_source
بِرُونْز,birūnz,אוֹרֵז,orez,wrinjiš,shared_borrowing_source;lemma_promoted
بِرِطَانِيَة,biriṭāniya,בְּרִיטַנְיָה,británya,britannia,shared_borrowing_source
بِرِنْج,birinj,אֶרֶז,érez,wrinjiš,lemma_promoted
بِرِنْج,birinj,אָרַז,aráz,wrinjiš,lemma_promoted
بِرِنْج,birinj,אֹרֶז,órez,wrinjiš,shared_borrowing_source
بِرِنْج,birinj,אוֹרֵז,orez,wrinjiš,shared_borrowing_source;lemma_promoted
بِرِيطانِيَا,birīṭāniyā,בְּרִיטַנְיָה,británya,britannia,shared_borrowing_source
بِرّ,birr,בַּר,bar,barr,shared_borrowing_source
بِرّ,birr,בַּר מִינַן,bár minán,barr,shared_borrowing_source
بِرّ,birr,בָּר,bar,barr,shared_borrowing_source
بِرْذَوْن,birḏawn,בָּאג,bag,burda,shared_borrowing_source
بِرْكَار,birkār,סְפּוֹרְט,spórt,pir,shared_borrowing_source
بِرْكَة,birka,בְּרֵכָה,brekhá,birika,root_family
بِرْكَة,birka,בֶּרֶךְ,bérekh,birik,root_family
بِزّ,,בּוּץ,buts,buṣ,lemma_promoted
بِزّ,,דַּד,dád,,direct_cognate_ar→he
بِزّ,,זִיז,ziz,,direct_cognate_ar→he
بِزّ,,שְׁבַטְבָּט,shvatbat,buṣ,lemma_promoted
بِشَارَة,bišāra,בְּשׂוֹרָה,b'sorá,bisara,direct_cognate_ar→he
بِشَارَة,bišāra,בִּשֵּׂר,bisér,bisar,root_family
بِضْع,biḍʕ,בֶּצַע,bétsa,biṣaʕ,direct_cognate_he→ar
بِطَالَة,biṭāla,אַבְטָלָה,avtalá,ʔabiṭala,root_family
بِطَالَة,biṭāla,בִּטּוּל,bitúl,biṭal,root_family
بِطَالَة,biṭāla,בַּטָּלָה,batalá,biṭala,root_family
بِطَالَة,biṭāla,מֻבְטָל,muvtál,biwṭal,root_family
بِطِّيخ,biṭṭīḵ,אֲבַטִּיחַ,avatíakh,ʔabiṭṭiax,direct_cognate_ar→he;direct_cognate_he→ar
بِطِّيخ,biṭṭīḵ,רִמּוֹן,rimón,biṭṭix,direct_cognate_ar→he
بِكِين,bikīn,בֵּייְגִ׳ינְג,beijing,pi²¹⁴⁻²¹ tsin⁵⁵,shared_borrowing_source
بِكْر,bikr,בְּכוֹר,b'khór,bikar,direct_cognate_ar→he;direct_cognate_he→ar
بِكْر,bikr,בִּכּוּר,bikúr,bikur,direct_cognate_he→ar
بِلَا,bilā,בְּלֹא,b'ló,bila,direct_cognate_he→ar
بِلَادُونَا,bilādūnā,פוּל,ful,bliʕ,shared_borrowing_source
بِنًى,binan,בְּנִיָּה,bəniyyɔ̂,binana,lemma_promoted
بِنًى,binan,בִּנְיָן,binyɔn,binyan,lemma_promoted
بِنَاء,bināʔ,בְּנִיָּה,bəniyyɔ̂,baniyya,direct_cognate_ar→he
بِنْت,bint,בַּת,bat,bint,direct_cognate_ar→he;shared_borrowing_source;lemma_promoted
بِنْت,bint,בָּנוֹת,banót,bint,shared_borrowing_source
بِنْش,benš,בַּנְק,bánk,banki,shared_borrowing_source
بِيتْزَا,bītzā,פִּיצָה,pítsa,pittsa,shared_borrowing_source
بِيتْزَا,bītzā,פִּיתָה,píta,bitza,shared_borrowing_source
بِيجَامَا,bījāmā,פִּיגָ׳מָה,pijáma,pijamaz,shared_borrowing_source
بِيرَة,bīra,בִּירָה,birá,bia,direct_cognate_he→ar;shared_borrowing_source
بِيرُقْرَاطِيَّة,bīruqrāṭiyya,בִּירוֹקְרַטְיָה,berokrátya,byrakrasi,shared_borrowing_source
بِيقِيَّة,bīqiyya,דְּיוֹקָן,d'yokán,wiyk,shared_borrowing_source
بِيكَار,bīkār,סְפּוֹרְט,spórt,pir,shared_borrowing_source
بِيلَارُوس,bīlārūs,בֵּלָארוּס,belarús,bilarus,shared_borrowing_source
بِيلَارُوسِيَا,bīlārūsiyā,בֵּלָארוּס,belarús,bila rus,shared_borrowing_source
بِيه,bēh,אֲבַגְתָא,avagtá,bagah,shared_borrowing_source
بْرَاغ,brāḡ,פְּרָג,prag,praha,shared_borrowing_source
بْلَاسْتِيك,blastīk,פְּלָסְטִיק,plástik,plastikus,shared_borrowing_source
بْلُوتُو,blūtū,פּלוּטוֹ,plúto,plutau,shared_borrowing_source
بْن,bn,אִבְּן,ibn,bin,shared_borrowing_source
بْن,bn,בֵּן,bén,bin,direct_cognate_ar→he;shared_borrowing_source
بْن,bn,בַּר,bar,bin,shared_borrowing_source
بْن,bn,בַּר מִינַן,bár minán,bin,shared_borrowing_source
بْن,bn,בָּר,bar,bin,shared_borrowing_source
بْن,bn,ב־ן,b-n,bin,shared_borrowing_source
بْن,bn,ן׳,,bin,shared_borrowing_source
تَأَخَّرَ,taʔaḵḵara,אִחֵר,ikhér,ʔaxxara,root_family
تَأَكَّلَ,taʔakkala,אֲכִילָה,akhilá,ʔakala,root_family
تَأَكَّلَ,taʔakkala,אִכֵּל,ikél,ʔakkala,root_family
تَأَكَّلَ,taʔakkala,אָכַל,akhál,ʔakala,root_family
تَأَكَّلَ,taʔakkala,אֻכַּל,ukál,ʔakala,root_family
تَأَكَّلَ,taʔakkala,מַאֲכָל,ma'akhál,maʔakala,root_family
تَأَكَّلَ,taʔakkala,נֶאֱכַל,ne'ekhál,ʔakala,root_family
تَأْرِيخ,taʔrīḵ,תַּאֲרִיךְ,ta'aríkh,taʔrix,shared_borrowing_source
تَابُوت,tābūt,תֵּבָה,tevá,jibat,direct_cognate_ar→he;direct_cognate_he→ar;shared_borrowing_source
تَاج,tāj,תָּג,tag,xʔrtʔg,shared_borrowing_source
تَارَة,tāra,דִּוּוּר,divúr,tawur,lemma_promoted
تَارَة,tāra,דַּוָּר,davár,tawar,direct_cognate_ar→he
تَارَة,tāra,דַּר,dar,tar,lemma_promoted
تَارَة,tāra,דָּר,dar,tar,lemma_promoted
تَارَة,tāra,דּוֹר,dor,tar,direct_cognate_ar→he
تَارَة,tāra,דּוּר,dur,tar,direct_cognate_ar→he
تَارَة,tāra,טוּר,túr,tar,direct_cognate_ar→he
تَارَة,tāra,נֶדֶר,néder,nitar,lemma_promoted
تَارَة,tāra,תּוֹר,tór,tar,direct_cognate_ar→he
تَارِيخ,tārīḵ,יָרֵחַ,yaréakh,warx,shared_borrowing_source
تَارِيخ,tārīḵ,תַּאֲרִיךְ,ta'aríkh,tarix,shared_borrowing_source
تَاسِعَ عَشَرَ,tāsiʕa ʕašara,עֲשִׂירִי,asirí,tasiʕaʕašara,root_family
تَبَارَكَ,tabāraka,בְּרָכָה,b'rakhá,tabaraka,root_family
تَبَارَكَ,tabāraka,בֹּרַךְ,borákh,tabaraka,root_family
تَبَاكَى,tabākā,בֶּכִי,békhi,tabaka,root_family
تَبَاكَى,tabākā,בָּכָה,bakhá,tabaka,root_family
تَبْرِيز,tabrīz,תבריז,tabriz,tabriz,shared_borrowing_source
تَحَابَّ,taḥābba,חִבָּה,khibá,taxabba,root_family
تَحَاسَبَ,taḥāsaba,חֶשְׁבּוֹן,kheshbón,taxasaba,root_family
تَحَبَّبَ,taḥabbaba,חִבָּה,khibá,xababa,root_family
تَحِيَّة,taḥiyya,חִיּוּת,khiyút,xayyat,root_family
تَحْتَ,taḥta,תַּחַת,tákhat,taxta,direct_cognate_ar→he;direct_cognate_he→ar
تَحْتَانِيّ,taḥtāniyy,תַּחְתּוֹן,takhtón,taxtan,root_family
تَحْتُ,taḥtu,תַּחְתּוֹן,takhtón,taxtun,root_family
تَحْتُ,taḥtu,תַּחַת,tákhat,taxatu,direct_cognate_ar→he
تَخْت,taḵt,תָּג,tag,stig,shared_borrowing_source
تَخْرِيب,taḵrīb,חָרְבָּה,khorbáh,xarabah,root_family
تَدْمُر,tadmur,תַּדְמוֹר,Tadmór,tadmur,direct_cognate_ar→he;direct_cognate_he→ar
تَذَاكَرَ,taḏākara,הִזְכִּיר,hizkír,tazakara,root_family
تَذَاكَرَ,taḏākara,הֻזְכַּר,huzkár,tazakara,root_family
تَذَكَّرَ,taḏakkara,הִזְכִּיר,hizkír,zakara,root_family
تَذَكَّرَ,taḏakkara,הֻזְכַּר,huzkár,huzakara,root_family
تَذَكَّرَ,taḏakkara,מַזְכֶּרֶת,mazkéret,zazkarat,root_family
تَذَكَّرَ,taḏakkara,נִזְכַּר,nizkár,zakara,root_family
تَذْكَار,taḏkār,הִזְכִּיר,hizkír,zakara,root_family
تَذْكَار,taḏkār,הֻזְכַּר,huzkár,huzakara,root_family
تَذْكَار,taḏkār,זִכָּרוֹן,zikarón,zakaran,root_family
تَذْكَار,taḏkār,מַזְכֶּרֶת,mazkéret,zazkarat,root_family
تَذْكِرَة,taḏkira,זִכָּרוֹן,zikarón,zakaran,root_family
تَذْكِرَة,taḏkira,מַזְכֶּרֶת,mazkéret,zazkarat,root_family
تَرَاكَضَ,tarākaḍa,הֵרִיץ,heríts,tarakaṣa,root_family
تَرَضَّى,taraḍḍā,רִצָּה,ritsá,raṣṣa,root_family
تَرَيْسِيرَاتُوپْس,taraysīrātūps,גַּרְעִין,gar'ín,kirx,shared_borrowing_source
تَرَّ,tarra,שׁוֹר,shor,sawr,shared_borrowing_source;lemma_promoted
تَرَّ,tarra,תּוֹר,tór,tarra,direct_cognate_ar→he;lemma_promoted
تَرَّسَ,tarrasa,תְּרִיס,tris,tyrias,shared_borrowing_source
تَرّ,tarr,שׁוֹר,shor,sawr,shared_borrowing_source
تَرّ,tarr,תּוֹר,tór,tarra,direct_cognate_ar→he
تَرْجَمَ,tarjama,מְתַרְגֵּם,m'targém,mtargama,root_family
تَرْجَمَ,tarjama,מְתֻרְגְּמָן,m'turg'mán,mtargaman,root_family
تَرْجَمَ,tarjama,תִּרְגֵּם,tirgém,targama,direct_cognate_ar→he;direct_cognate_he→ar
تَرْجَمَ,tarjama,תִּרְגֹּמֶת,tirgómet,targamat,root_family
تَرْجَمَ,tarjama,תַּרְגּוּם,targúm,targama,root_family
تَرْجَمَة,tarjama,מְתַרְגֵּם,m'targém,mtargama,root_family
تَرْجَمَة,tarjama,מְתֻרְגְּמָן,m'turg'mán,mtargaman,root_family
تَرْجَمَة,tarjama,תִּרְגֵּם,tirgém,targama,root_family
تَرْجَمَة,tarjama,תִּרְגֹּמֶת,tirgómet,targamat,root_family
تَرْجَمَة,tarjama,תַּרְגּוּם,targúm,targama,root_family
تَزَعْزَعَ,tazaʕzaʕa,זִעְזֵעַ,zi'zéa',tazaʕzaʕa,root_family
تَزَعْزَعَ,tazaʕzaʕa,זֻעְזַע,zu'za',tazaʕzaʕa,root_family
تَسَاءَلَ,tasāʔala,נִשְׁאַל,nish'ál,tasaʔala,root_family
تَسَاءَلَ,tasāʔala,שָׁאַל,sha'ál,tasaʔala,root_family
تَسَلَّطَ,tasallaṭa,הִשְׁתַּלֵּט,hishtalét,tahisstalaṭa,root_family
تَسَلَّطَ,tasallaṭa,שְׁתַלְּטָן,shtaltán,stalaṭan,root_family
تَسَمَّمَ,tasammama,סַם,sam,samama,root_family
تَسْوِيق,taswīq,שִׁוּוּק,shivúk,sawwaqa,root_family
تَسْوِيق,taswīq,שׁוּק,shuk,sawwaqa,root_family
تَشَانَأَ,tašānaʔa,שִׂנְאָה,sin'á,tašanaʔa,root_family
تَشَانَأَ,tašānaʔa,שׂוֹנֵא,soné,tašanaʔa,root_family
تَشْبِيه,tašbīh,הִשְׁוָה,hishvá,hišabiha,root_family
تَشْبِيه,tašbīh,הַשְׁוָאָה,hashva'á,hšabiha,root_family
تَشْهِير,tašhīr,שַׂהַר,sáhar,sahara,root_family
تَطَهَّرَ,taṭahhara,הִטַּהֵר,hitahér,taṭahhara,root_family
تَطَهَّرَ,taṭahhara,טִהֵר,tihér,ṭahhara,root_family
تَطْهِير,taṭhīr,הִטַּהֵר,hitahér,ṭahura,root_family
تَطْهِير,taṭhīr,טִהֵר,tihér,ṭahura,root_family
تَطْهِير,taṭhīr,טׇהֳרָה,tahorá,ṭahura,root_family
تَعَبَّدَ,taʕabbada,עַבְדוּת,avdút,ʕabadat,root_family
تَعَبَّدَ,taʕabbada,שִׁעְבּוּד,shibúd,ʕabada,root_family
تَعَيَّنَ,taʕayyana,עִיֵּן,iyén,ʕayyana,root_family
تَعْلِيَة,taʕliya,הֶעֱלָה,he'elá,ʕalaa,root_family
تَعْلِيَة,taʕliya,עֲלִיָּה,aliyá,ʕalaya,root_family
تَقَدَّمَ,taqaddama,הִקְדִּים,hiqdīm,qadama,root_family
تَقَدَّمَ,taqaddama,הִתְקַדְּמוּת,hitkadmút,hitqadamat,root_family
تَقَدَّمَ,taqaddama,הִתְקַדֵּם,hitkadém,taqaddama,root_family
تَقَدَّمَ,taqaddama,קִדֵּם,kidém,qaddama,root_family
تَقَيَّأَ,taqayyaʔa,הֵקִיא,hekí,qayaʔa,root_family
تَكَاتُب,takātub,מִכְתָּב,mikhtáv,takataba,root_family
تَكَيَّفَ,takayyafa,הִתְכַּיֵּף,hitkayéf,takayyafa,root_family
تَلَّ,talla,תֵּל,tél,tall,lemma_promoted
تَلَّ,talla,תַּיִל,táyil,tall,lemma_promoted
تَلّ,tall,תֵּל,tél,tall,shared_borrowing_source
تَلّ,tall,תַּיִל,táyil,tall,shared_borrowing_source
تَمَام,tamām,תָּמִים,tamím,tammam,direct_cognate_ar→he;direct_cognate_he→ar
تَمَام,tamām,תֹּם,tóm,tamma,root_family
تَمَرَّدَ,tamarrada,מֶרֶד,méred,marad,direct_cognate_he→ar;shared_borrowing_source
تَمَرَّدَ,tamarrada,מַרְדָנוּת,,marad,direct_cognate_ar→he;direct_cognate_he→ar;shared_borrowing_source;lemma_promoted
تَمَرَّدَ,tamarrada,מָרַד,marád,marad,direct_cognate_he→ar;shared_borrowing_source
تَمَرَّدَ,tamarrada,מוֹרֵד,moréd,marada,root_family
تَمَرُّد,tamarrud,מַרְדָנוּת,,,direct_cognate_he→ar
تَمَلَّأَ,tamallaʔa,הִתְמַלֵּא,hitmalé,tamallaʔa,direct_cognate_ar→he
تَمَلَّأَ,tamallaʔa,מְלִית,m'lít,malaʔa,root_family
تَمَلَّأَ,tamallaʔa,מְלוֹא,m'lo,malaʔa,root_family
تَمَلَّأَ,tamallaʔa,מִלֵּא,milé,mallaʔa,root_family
تَمَلَّأَ,tamallaʔa,מִלּוּי,milúi,malaʔa,root_family
تَمَلَّأَ,tamallaʔa,מֻלָּא,mulá,malaʔa,root_family
تَمَنَّعَ,tamannaʕa,מָנַע,maná',manaʕa,root_family
تَمَنَّعَ,tamannaʕa,נִמְנַע,nimná,manaʕa,root_family
تَمَّ,tamma,תַּם,tám,tamma,direct_cognate_ar→he;direct_cognate_he→ar;lemma_promoted
تَمَّ,tamma,תָּם,tám,tamma,direct_cognate_ar→he;direct_cognate_he→ar;lemma_promoted
تَمَّ,tamma,תָּמִים,tamím,tammam,lemma_promoted
تَمَّ,tamma,תֹּם,tóm,tamma,direct_cognate_ar→he;direct_cognate_he→ar;lemma_promoted
تَمَّ,tamma,תּוֹם,tom,tamma,lemma_promoted
تَمَّمَ,tammama,תֹּם,tóm,tamama,root_family
تَمُّوز,tammūz,תַּמּוּז,tamúz,duʔzu/duzu,shared_borrowing_source
تَمّ,tamm,תַּם,tám,tamma,direct_cognate_ar→he
تَمّ,tamm,תָּם,tám,tamma,direct_cognate_ar→he
تَمّ,tamm,תָּמִים,tamím,tammam,lemma_promoted
تَمّ,tamm,תֹּם,tóm,tamma,direct_cognate_ar→he
تَمّ,tamm,תּוֹם,tom,tamma,lemma_promoted
تَمْر,tamr,שֶׁמֶר,shémer,samar,shared_borrowing_source
تَمْر,tamr,שָׁמַר,shamár,samar,shared_borrowing_source
تَمْر,tamr,תָּמָר,tamár,tamar,shared_borrowing_source
تَمْرِين,tamrīn,תִּמְרוֹן,timrón,tamrin,shared_borrowing_source
تَنَاسَى,tanāsā,נִשָּׁה,nishá,tanasa,root_family
تَنَبَّأَ,tanabbaʔa,הִתְנַבֵּא,hitnabé,tanabbaʔa,root_family
تَنَبَّأَ,tanabbaʔa,נְבוּאָה,n'vu'á,nabaʔa,root_family
تَنَبَّأَ,tanabbaʔa,נִבֵּא,nibé,nabbaʔa,root_family
تَنَبَّأَ,tanabbaʔa,נִבָּא,nibá,nabaʔa,root_family
تَنُّور,tannūr,תַּנּוּר,tanúr,tinurum,direct_cognate_ar→he;direct_cognate_he→ar;shared_borrowing_source
تَنْبَل,tanbal,טֶמְבֶּל,témbel,tanbal,shared_borrowing_source
تَنْبَلَ,tanbala,טֶמְבֶּל,témbel,tanbal,shared_borrowing_source
تَنْدَة,tanda,אַנְטֶנָה,anténa,tin,shared_borrowing_source
تَنْدَة,tanda,טֶנְדֶּר,ténder,tinda,shared_borrowing_source
تَنْدَة,tanda,טַיְץ,táyts,tin,shared_borrowing_source
تَنْدَة,tanda,תַּיִל,táyil,tin,shared_borrowing_source
تَنْوِين,tanwīn,תַּנְוִין,tanwín,tanwin,shared_borrowing_source
تَهَتْلَرَ,tahatlara,הִיטְלֶר,hítler,hitla,shared_borrowing_source
تَوَاءَمَ,tawāʔama,תָּאַם,ta'ám,tawaʔama,root_family
تَوَارَثَ,tawāraṯa,יְרֻשָּׁה,y'rushá,tawarasa,root_family
تَوَارَثَ,tawāraṯa,יָרַשׁ,yarásh,tawarasa,root_family
تَوَارَثَ,tawāraṯa,מוֹרָשָׁה,morashá,tawarasa,root_family
تَوَارَثَ,tawāraṯa,תּוֹרָשָׁה,torashá,tawarasa,root_family
تَوَحَّدَ,tawaḥḥada,אִחֵד,ikhéd,waxxada,root_family
تَوَحَّدَ,tawaḥḥada,אֻחַד,ukhád,waxada,root_family
تَوَحَّدَ,tawaḥḥada,הִתְאַחֵד,hit'akhéd,tawaxxada,root_family
تَوَحَّدَ,tawaḥḥada,הֶאֱחִיד,he'ekhíd,waxada,root_family
تَوَكَّلَ,tawakkala,יָכֹל,yakhól,wakal,direct_cognate_ar→he;shared_borrowing_source
تَوَلُّد,tawallud,יִלּוֹד,yilód,tawallada,root_family
تَوَلُّد,tawallud,מוֹלָד,molád,tawallada,root_family
تَوَلُّد,tawallud,תּוֹלָדָה,toladá,tawallada,root_family
تَوْأَم,tawʔam,תְּאוֹם,te'óm,tawʔam,direct_cognate_ar→he;direct_cognate_he→ar
تَوْحِيد,tawḥīd,אִחֵד,ikhéd,waxada,root_family
تَوْحِيد,tawḥīd,אִחוּד,ikhúd,waxada,root_family
تَوْحِيد,tawḥīd,אֻחַד,ukhád,waxada,root_family
تَوْحِيد,tawḥīd,הֶאֱחִיד,he'ekhíd,waxada,root_family
تَوْصِيَة,tawṣiya,מִצְוָה,mitsvá,waṣṣwaa,root_family
تَوْصِيَة,tawṣiya,צַו,tsáv,waṣṣa,root_family
تَيَبَّسَ,tayabbasa,הִתְיַבֵּשׁ,hityabésh,tayabbasa,root_family
تَيَبَّسَ,tayabbasa,יִבֵּשׁ,yibésh,yabbasa,root_family
تَيَّار,tayyār,תֹּאַר,to'ár,tayyar,direct_cognate_ar→he
تَيْس,tays,תַּיִשׁ,táyish,tayis,direct_cognate_he→ar
تُرَاث,turāṯ,יְרֻשָּׁה,y'rushá,turasa,root_family
تُرَاث,turāṯ,יָרַשׁ,yarásh,turas,root_family
تُرَاث,turāṯ,מוֹרָשָׁה,morashá,turasa,root_family
تُرَاث,turāṯ,תּוֹרָשָׁה,torashá,turasa,root_family
تُرُنْج,turunj,אֶתְרוֹג,etróg,matulunga,direct_cognate_he→ar;shared_borrowing_source
تُرّ,turr,שׁוֹר,shor,sawr,shared_borrowing_source;lemma_promoted
تُرّ,turr,תּוֹר,tór,turr,direct_cognate_ar→he;lemma_promoted
تُرْجُمَان,turjumān,תֻּרְגְּמָן,turg'mán,turguman,direct_cognate_ar→he;direct_cognate_he→ar
تُرْس,turs,תְּרִיס,tris,tyrias,shared_borrowing_source
تُفَّاح,tuffāḥ,תַּפּוּחַ,tapúakh,tuffuax,direct_cognate_he→ar
تُنّ,tunn,טוֹנָה,tóna,tunn,shared_borrowing_source
تُنّ,tunn,טוּנָה,túna,tunn,shared_borrowing_source
تِبْن,tibn,תֶּבֶן,téven,tibin,direct_cognate_ar→he;direct_cognate_he→ar
تِرْس,tirs,שַׁעַר,shá'ar,dwir,shared_borrowing_source
تِرْسَة,tirsa,תְּרִיס,tris,tyrias,shared_borrowing_source
تِسْع,tisʕ,תִּשְׁעָה,tish'á,tišʕ,shared_borrowing_source
تِسْعَة,tisʕa,תִּשְׁעָה,tish'á,tišʕ,shared_borrowing_source;lemma_promoted
تِسْعَة,tisʕa,תֵּשַׁע,tésha',tišʕ,shared_borrowing_source
تِسْعُون,tisʕūn,תִּשְׁעִים,tišʻīm,tisʕun,direct_cognate_he→ar
تِقن,tiqn,תִּיקָן,tikán,tiqan,lemma_promoted
تِقن,tiqn,תִּקֵּן,tikén,tiqin,direct_cognate_he→ar
تِقن,tiqn,תִּקּוּן,tikún,tiqun,direct_cognate_he→ar
تِقن,tiqn,תֶּקֶן,téken,tiqin,direct_cognate_ar→he;direct_cognate_he→ar
تِقْنِيَة,tiqniya,טֶסְט,test,titk,shared_borrowing_source
تِلِغْرَاف,tiliḡrāf,טֶלֶגְרָף,télegraf,tiligraf,shared_borrowing_source
تِلِفُون,tilifūn,טֵלֵפוֹן,télefon,tilifan,shared_borrowing_source
تِلِفِزْيُون,tilifizyūn,טֶלֶוִיזְיָה,televízya,tiliwijan,shared_borrowing_source
تِلْفَاز,tilfāz,טֶלֶוִיזְיָה,televízya,tiliwijan,shared_borrowing_source
تِلْمِيذ,tilmīḏ,תַּלְמִיד,talmíd,talmid,shared_borrowing_source
تِمْسَاح,timsāḥ,תִּמְסָח,timsakh,timsax,shared_borrowing_source
تِنِس,tinis,טֵנִיס,ténis,tinis,shared_borrowing_source
تِهَامَة,tihāma,תְּהוֹם,t'hóm,tiham,shared_borrowing_source
تِين,tīn,תְּאֵנָה,te'ená,tiʔin,direct_cognate_he→ar;shared_borrowing_source
تِيَاتْر,tiyātr,תֵּאַטְרוֹן,teatrón,tiatran,shared_borrowing_source
تْرَانْزِسْتُور,tranzistur,טְרַנְזִיסְטוֹר,tranzístor,tranzistar,shared_borrowing_source
تْسَار,tsār,צָאר,tsár,tsar,shared_borrowing_source
تْسَار,tsār,קֵיסָר,kesár,kaisar,shared_borrowing_source
ثَابَ,ṯāba,הֵשִׁיב,heshív,saba,root_family
ثَابَ,ṯāba,הוּשַׁב,hushav,husaba,root_family
ثَابَ,ṯāba,שָׁב,sháv,saba,direct_cognate_he→ar
ثَابَ,ṯāba,תְּשׁוּבָה,t'shuvá,tsaba,root_family
ثَارَ,ṯāra,שׁוֹר,shor,sawr,lemma_promoted
ثَالِثَ عَشَرَ,ṯāliṯa ʕašara,עֲשִׂירִי,asirí,salisaʕasara,root_family
ثَامِنَ عَشَرَ,ṯāmina ʕašara,עֲשִׂירִי,asirí,saminaʕasara,root_family
ثَانٍ,ṯānin,מְשֻׁנֶּה,m'shuné,sanišni,root_family
ثَانٍ,ṯānin,מִשְׁתַּנֶּה,mishtané,misanini,root_family
ثَانٍ,ṯānin,שְׁנִיָּה,sh'niyá,sanin,lemma_promoted
ثَانٍ,ṯānin,שְׁנֵי,shnei,sanin,lemma_promoted
ثَانٍ,ṯānin,שִׁנִּי,shiní,sanin,lemma_promoted
ثَانٍ,ṯānin,שֵׁנִי,shení,sanin,lemma_promoted
ثَانٍ,ṯānin,שָׁנִי,shaní,sanin,lemma_promoted
ثَانٍ,ṯānin,שֹׁנִי,shóni,sanin,lemma_promoted
ثَانَوِيّ,ṯānawiyy,מְשֻׁנֶּה,m'shuné,misanaw,root_family
ثَانَوِيّ,ṯānawiyy,מִשְׁתַּנֶּה,mishtané,misanawi,root_family
ثَانِيَ عَشَرَ,ṯāniya ʕašara,עֲשִׂירִי,asirí,saniyaʕasara,root_family
ثَانِيَة,ṯāniya,מְשֻׁנֶּה,m'shuné,sanišni,root_family
ثَانِيَة,ṯāniya,שְׁנִיָּה,sh'niyá,sanina,direct_cognate_he→ar
ثَانِيَة,ṯāniya,שְׁנֵי,shnei,sanin,lemma_promoted
ثَانِيَة,ṯāniya,שִׁנִּי,shiní,sanin,lemma_promoted
ثَانِيَة,ṯāniya,שֵׁנִי,shení,sanin,lemma_promoted
ثَانِيَة,ṯāniya,שָׁנִי,shaní,sanin,lemma_promoted
ثَانِيَة,ṯāniya,שֹׁנִי,shóni,sanin,lemma_promoted
ثَبَرَ,ṯabara,שִׁבֵּר,shibér,sabar,direct_cognate_he→ar;shared_borrowing_source
ثَبَرَ,ṯabara,שֶׁבֶר,shéver,sabar,direct_cognate_he→ar;shared_borrowing_source
ثَبَرَ,ṯabara,שָׁבַר,shavár,sabar,direct_cognate_he→ar;shared_borrowing_source
ثَبَرَ,ṯabara,שֻׁבַּר,shubár,sabar,direct_cognate_he→ar;shared_borrowing_source
ثَدِيَ,ṯadiya,שָׁד,shad,sadaʔa,direct_cognate_ar→he;shared_borrowing_source
ثَدْي,ṯady,שָׁד,shad,sadaʔa,direct_cognate_ar→he;direct_cognate_he→ar;shared_borrowing_source
ثَرِيد,ṯarīd,אִטְרִיָּה,itriyá,ʔitrian,shared_borrowing_source
ثَعْلَب,ṯaʕlab,שׁוּעָל,shu'ál,saʕlab,direct_cognate_ar→he;direct_cognate_he→ar;shared_borrowing_source
ثَقَلَ,ṯaqala,שֶׁקֶל,shékel,saqula,direct_cognate_ar→he;lemma_promoted
ثَقَلَ,ṯaqala,שָׁקַל,shakál,saqala,direct_cognate_ar→he;direct_cognate_he→ar;shared_borrowing_source;lemma_promoted
ثَقَّلَ,ṯaqqala,שֶׁקֶל,shékel,saqala,lemma_promoted
ثَقَّلَ,ṯaqqala,שָׁקַל,shakál,saqala,direct_cognate_he→ar;lemma_promoted
ثَقُلَ,ṯaqula,שֶׁקֶל,shékel,saqula,direct_cognate_ar→he;lemma_promoted
ثَقُلَ,ṯaqula,שָׁקַל,shakál,saqala,direct_cognate_ar→he;direct_cognate_he→ar;shared_borrowing_source;lemma_promoted
ثَقِيل,ṯaqīl,מִשְׁקֹלֶת,mishkólet,misaqilit,root_family
ثَقِيل,ṯaqīl,שָׁקַל,shakál,saqil,lemma_promoted
ثَقِيل,ṯaqīl,שָׁקוּל,shakúl,saqil,root_family
ثَلَاثَة,ṯalāṯa,שְׁלוֹשָׁה,sh'loshá,salas,shared_borrowing_source;lemma_promoted
ثَلَاثَة,ṯalāṯa,שָׁלוֹשׁ,shalósh,salas,shared_borrowing_source
ثَلَاثَة,ṯalāṯa,תְּלַת,t'lát-,salas,shared_borrowing_source
ثَلَاثَة,ṯalāṯa,תִּלְתָּן,tiltā́n,salas,shared_borrowing_source
ثَلَمَ,ṯalama,תֶּלֶם,télem,salama,direct_cognate_ar→he
ثَلِمَ,ṯalima,תֶּלֶם,télem,salima,direct_cognate_ar→he
ثَلْج,ṯalj,שֶׁלֶג,shéleg,salg,direct_cognate_he→ar;shared_borrowing_source
ثَلْم,ṯalm,תֶּלֶם,télem,salim,direct_cognate_ar→he;direct_cognate_he→ar
ثَمَانِيَة,ṯamāniya,שְׁמוֹנָה,sh'moná,samaniy,shared_borrowing_source
ثَمَر,ṯamar,שֶׁמֶר,shémer,samar,shared_borrowing_source
ثَمَر,ṯamar,שָׁמַר,shamár,samar,shared_borrowing_source
ثَمَر,ṯamar,תָּמָר,tamár,samar,direct_cognate_he→ar;shared_borrowing_source
ثَمَلَ,ṯamala,שֶׁמֶר,shémer,samar,shared_borrowing_source
ثَمَلَ,ṯamala,שָׁמַר,shamár,samar,shared_borrowing_source
ثَمَلَ,ṯamala,תָּמָר,tamár,samar,shared_borrowing_source
ثَمَّ,ṯamma,שָׁם,sham,samma,direct_cognate_ar→he;direct_cognate_he→ar
ثَمَّ,ṯamma,שָׁמָּה,sháma,samma,direct_cognate_he→ar
ثَنَى,ṯanā,שָׁנָה,shaná,sana,direct_cognate_he→ar
ثَوْر,ṯawr,שׁוֹר,shor,sawr,direct_cognate_he→ar;shared_borrowing_source
ثُدَّاء,ṯuddāʔ,דֶּשֶׁא,déshe,dasʔ,shared_borrowing_source
ثُدَّاء,ṯuddāʔ,דָּשָׁא,dashá,dasʔ,shared_borrowing_source
ثُقْل,ṯuql,שֶׁקֶל,shékel,suqil,lemma_promoted
ثُقْل,ṯuql,שָׁקַל,shakál,suqal,direct_cognate_he→ar;lemma_promoted
ثُمَالَة,ṯumāla,שֶׁמֶר,shémer,samar,shared_borrowing_source
ثُمَالَة,ṯumāla,שָׁמַר,shamár,samar,shared_borrowing_source
ثُمَالَة,ṯumāla,תָּמָר,tamár,samar,shared_borrowing_source
ثُوم,ṯūm,שׁוּם,shúm,sum,direct_cognate_he→ar;shared_borrowing_source
ثِقَل,ṯiqal,מִשְׁקָל,mishkál,misaqula,root_family
ثِقَل,ṯiqal,מִשְׁקֹלֶת,mishkólet,misaqulat,root_family
ثِقَل,ṯiqal,שֶׁקֶל,shékel,saqula,direct_cognate_ar→he
ثِقَل,ṯiqal,שָׁקַל,shakál,saqula,direct_cognate_he→ar
ثِقْل,ṯiql,שֶׁקֶל,shékel,siqilun,direct_cognate_ar→he;lemma_promoted
ثِقْل,ṯiql,שָׁקַל,shakál,siqalun,direct_cognate_he→ar;lemma_promoted
ثِنْتَانِ,ṯintāni,שְׁנֵי,shnei,sin,shared_borrowing_source
ثِنْتَانِ,ṯintāni,שְׁנַייִם,sh'náyim,sin,lemma_promoted
ثِنْتَانِ,ṯintāni,שְׁתֵּי,shtéi,sin,shared_borrowing_source
ثِنْتَانِ,ṯintāni,שְׁתַּיִם,shtáyim,sin-t-ani ~ *isn-at-ani,shared_borrowing_source
جاف,,גּוּף,guf,jaff,lemma_promoted
جَابَرَ,jābara,גִּבּוֹר,gibór,jabara,lemma_promoted
جَابِر,jābir,גִּבּוֹר,gibór,jabir,lemma_promoted
جَار,jār,גֵּר,gér,gar,direct_cognate_ar→he
جَارُور,jārūr,מְגֵרָה,m'gerá,jarur,root_family
جَازَ,jāza,אֱגוֹז,egóz,gaz,lemma_promoted
جَاعَ,jāʕa,גָּוַע,gavá,jaʕa,direct_cognate_ar→he;direct_cognate_he→ar
جَافَ,jāfa,גּוּף,guf,jafa,lemma_promoted
جَافّ,jāff,גּוּף,guf,jaff,lemma_promoted
جَال,jāl,גַּל,gál,gal,direct_cognate_ar→he
جَالُوت,jālūt,גׇּלְיָת,golyát,galyat,shared_borrowing_source
جَاهَدَ,jāhada,גִּ׳יהַאד,jihad,jihad,lemma_promoted
جَاهِد,jāhid,גִּ׳יהַאד,jihad,jihad,lemma_promoted
جَبَرَ,jabara,אַלְגֶּבְּרָה,álgebra,jabr,lemma_promoted
جَبَرَ,jabara,גֶּבֶר,géver,gabr,lemma_promoted
جَبَل,jabal,גָ׳בְּלָאוֹת,jabla'ót,jabal,shared_borrowing_source
جَبَل فَارُو,jabal fārū,בַּר,bar,birh,shared_borrowing_source
جَبَل فَارُو,jabal fārū,בָּאר,bár,birh,shared_borrowing_source
جَبَل فَارُو,jabal fārū,בָּר,bar,birh,shared_borrowing_source
جَبَل فَارُو,jabal fārū,פַּרְוֶה,párve,birh,shared_borrowing_source
جَبَل فَارُو,jabal fārū,פרווה,parvá,birh,shared_borrowing_source
جَبَلِيّ,jabaliyy,גָ׳בְּלָאוֹת,jabla'ót,jabaliyy,shared_borrowing_source
جَبَى,jabā,גָּבָה,gavá,gaba,direct_cognate_ar→he
جَبَّار,jabbār,גִּבּוֹר,gibór,jabbar,direct_cognate_he→ar
جَبَّان,jabbān,גְּבִינָה,g'viná,jabban,root_family
جَبَّرَ,jabbara,אַלְגֶּבְּרָה,álgebra,jabr,lemma_promoted
جَبَّرَ,jabbara,גֶּבֶר,géver,gabr,lemma_promoted
جَبُنَ,jabuna,גְּבִינָה,g'viná,jabuna,lemma_promoted
جَبْر,jabr,אַלְגֶּבְּרָה,álgebra,jabr,shared_borrowing_source
جَبْر,jabr,גֶּבֶר,géver,gabr,shared_borrowing_source
جَبْرَائِيل,jabrāʔīl,גַּבְרִיאֵל,gavri'él,gawriʔil,shared_borrowing_source
جَبْهَة,jabha,גַּבָּה,gabá,gabha,direct_cognate_he→ar
جَحْفَل,jaḥfal,גּוּף,guf,jaxfal,direct_cognate_ar→he
جَحْفَلَ,jaḥfala,גּוּף,guf,juxfala,direct_cognate_ar→he
جَدَّ,jadda,גַּד,gad,gadda,direct_cognate_ar→he;lemma_promoted
جَدَّ,jadda,גָּד,gad,gadda,direct_cognate_ar→he;lemma_promoted
جَدَّ,jadda,גָּדָה,gadá,gadda,lemma_promoted
جَدَّة,jadda,גָּדָה,gadá,gadda,direct_cognate_he→ar
جَدَّفَ,jaddafa,גִּדֵּף,gidéf,jaddafa,direct_cognate_he→ar
جَدِير,jadīr,גְּדֵרָה,g'derá,gadir,lemma_promoted
جَدِيرَة,jadīra,גְּדֵרָה,g'derá,gadira,direct_cognate_he→ar
جَدّ,jadd,גַּד,gad,gadd,direct_cognate_ar→he;lemma_promoted
جَدّ,jadd,גָּד,gad,gadd,direct_cognate_ar→he;direct_cognate_he→ar;lemma_promoted
جَدّ,jadd,גָּדָה,gadá,gadd,lemma_promoted
جَدْوَار,jadwār,קוֹד,kód,git,shared_borrowing_source
جَدْي,jady,גְּדִי,gdí,gady,direct_cognate_he→ar;shared_borrowing_source
جَدْي,jady,גָּדִי,gádi,gady,direct_cognate_he→ar;shared_borrowing_source
جَذَرَ,jaḏara,גֶּזֶר,gézer,jazara,direct_cognate_ar→he
جَذَرَ,jaḏara,גָּזַר,gazár,gazara,direct_cognate_ar→he
جَذَع,jaḏaʕ,גֶּזַע,géza',gazaʕ,direct_cognate_ar→he
جَذَّعَ,jaḏḏaʕa,גֶּזַע,géza',gazaʕ,direct_cognate_ar→he
جَرَفَ,jarafa,אֶגְרוֹף,egróf,ʔijarafa,direct_cognate_he→ar
جَرَفَ,jarafa,גְּרָף,gráf,garafa,direct_cognate_ar→he;lemma_promoted
جَرَّ,jarra,גֵּרֵר,gerér,garrar,direct_cognate_ar→he;lemma_promoted
جَرَّ,jarra,גָּרַר,garár,garrar,direct_cognate_ar→he;lemma_promoted
جَرَّارَة,jarrāra,גְּרִירָה,grirá,garrara,root_family
جَرَّارَة,jarrāra,גּוֹרֵר,gorér,garrar,root_family
جَرَّارَة,jarrāra,גּוֹרֶרֶת,goréret,garrarit,root_family
جَرَّارَة,jarrāra,מְגֵרָה,m'gerá,jarrara,root_family
جَرَّفَ,jarrafa,גְּרָף,gráf,garafa,direct_cognate_ar→he;lemma_promoted
جَرّ,jarr,גְּרִירָה,grirá,grarra,root_family
جَرّ,jarr,גֵּרֵר,gerér,garrar,direct_cognate_ar→he
جَرّ,jarr,גָּרַר,garár,garrar,direct_cognate_ar→he
جَرّ,jarr,גּוֹרֵר,gorér,garrar,root_family
جَرْف,jarf,גְּרָף,gráf,garafa,direct_cognate_ar→he
جَرْو,jarw,גִּר,gir,garw,lemma_promoted
جَرْو,jarw,גֵּר,gér,garw,lemma_promoted
جَرْو,jarw,גָּר,gar,garw,lemma_promoted
جَرْو,jarw,גּוּר,gur,garw,direct_cognate_ar→he
جَزَر,jazar,גֶּזֶר,gézer,gazar,shared_borrowing_source
جَزِّين,jazzīn,גְּנִיזָה,g'nizá,ganjam,shared_borrowing_source
جَزِّين,jazzīn,גְּנָזִים,g'nazím,ganjam,shared_borrowing_source
جَزِّين,jazzīn,גָּנַז,ganáz,ganjam,shared_borrowing_source
جَعْبَة,jaʕba,גָּבִיעַ,gavía,gaʕbia,direct_cognate_ar→he
جَفْن,jafn,גֶּפֶן,géfen,jafin,direct_cognate_ar→he
جَفْنَة,jafna,גֶּפֶן,géfen,jafin,direct_cognate_ar→he
جَلَاء,jalāʔ,גָּלוּת,galút,galaʔ,direct_cognate_he→ar
جَلَسَ,jalasa,גָּלַשׁ,galásh,jalasa,direct_cognate_ar→he;direct_cognate_he→ar
جَلِي,jalī,גֶ׳ל,jel,gil,shared_borrowing_source
جَلِي,jalī,גּוֹלְף,,gil,shared_borrowing_source
جَلِي,jalī,קוּל,kul,gil,shared_borrowing_source
جَلِيّ,jaliyy,גִּלּוּי,gilúi,galui,direct_cognate_he→ar
جَلِيّ,jaliyy,גָּלוּי,galúi,galui,direct_cognate_ar→he;direct_cognate_he→ar
جَلّ,jall,גְּלִילִי,g'lilí,glall,root_family
جَلّ,jall,גַּל,gál,gall,direct_cognate_ar→he
جَمَرَ,jamara,גְּמָר,gmar,gamara,direct_cognate_he→ar
جَمَرَ,jamara,גָּמַר,gamár,gamara,direct_cognate_he→ar
جَمَل,jamal,גַּמָּל,gamál,jamal,direct_cognate_he→ar
جَمَل,jamal,גָּמָל,gamál,gamal,direct_cognate_he→ar;shared_borrowing_source
جَمَلُون,jamalūn,גַּמָּל,gamál,gamal,shared_borrowing_source
جَمَلُون,jamalūn,גָּמָל,gamál,gamal,shared_borrowing_source
جَمَّرَ,jammara,גְּמָר,gmar,gamara,direct_cognate_he→ar
جَمَّرَ,jammara,גָּמַר,gamár,gamara,direct_cognate_he→ar
جَمْر,jamr,גְּמָר,gmar,gamr,direct_cognate_he→ar
جَمْر,jamr,גָּמַר,gamár,gamar,direct_cognate_he→ar
جَنَب,janab,גַּב,gav,ganb,lemma_promoted
جَنَبَ,janaba,גַּב,gav,ganb,lemma_promoted
جَنَّ,janna,גָּנַן,ganán,gannan,direct_cognate_ar→he;direct_cognate_he→ar
جَنَّبَ,jannaba,גַּב,gav,ganb,lemma_promoted
جَنَّبَ,jannaba,גַּנָּב,ganáv,janaba,direct_cognate_he→ar
جَنَّبَ,jannaba,גָּנַב,ganáv,janaba,direct_cognate_he→ar
جَنَّة,janna,גִּנָּה,gina,ganna,root_family
جَنَّة,janna,גִּנּוּן,ginún,gannun,root_family
جَنَّة,janna,גַּן,gan,jann,direct_cognate_ar→he;direct_cognate_he→ar
جَنَّة,janna,גַּנָּנוּת,gananút,gannanut,root_family
جَنَّة,janna,הַגָּן,hagán,gann,root_family
جَنِين,janīn,גִּנָּה,gina,ganin,root_family
جَنِين,janīn,גַּנָּנוּת,gananút,ganinut,root_family
جَنْب,janb,גַּב,gav,ganb,shared_borrowing_source
جَنْك,,גִּיטָרָה,gitára,kinnar,shared_borrowing_source
جَنْك,,כִּנֶּרֶת,kinéret,kinnar,shared_borrowing_source
جَنْك,,כִּנּוֹר,kinór,kinnar,shared_borrowing_source
جَهَنَّم,jahannam,גֵּיהִנּוֹם,gehinóm,gihinam,shared_borrowing_source
جَوَف,jawaf,גּוּף,guf,jawaf,direct_cognate_ar→he;direct_cognate_he→ar
جَوَّفَ,jawwafa,גּוּף,guf,jawafa,direct_cognate_ar→he;direct_cognate_he→ar
جَوِفَ,jawifa,גּוּף,guf,jawifa,direct_cognate_ar→he;direct_cognate_he→ar
جَوّ,jaww,גֵּו,gev,gaww,direct_cognate_he→ar
جَوْرَب,jawrab,גֶּרֶב,gérev,jawrab,direct_cognate_ar→he;shared_borrowing_source
جَوْرَب,jawrab,גָּרַב,garáv,jawrab,shared_borrowing_source
جَوْز,jawz,אֱגוֹז,egóz,gaz,shared_borrowing_source
جَوْف,jawf,גּוּף,guf,jafa,direct_cognate_ar→he;direct_cognate_he→ar
جَيَّرَ,jayyara,קִיּוֹסְק,kiósk,giw,shared_borrowing_source
جَيَّرَ,jayyara,קאפּ,káp,giw,shared_borrowing_source
جَيَّشَ,jayyaša,גִּיֵּס,giyés,gayyis,direct_cognate_ar→he
جَيَّشَ,jayyaša,גִּיס,gís,gays,direct_cognate_ar→he
جَيَّشَ,jayyaša,גֻּיַּס,guyás,gayas,direct_cognate_ar→he
جَيْش,jayš,גִּיֵּס,giyés,gayis,direct_cognate_ar→he
جَيْش,jayš,גִּיס,gís,gays,direct_cognate_ar→he
جَيْش,jayš,גֻּיַּס,guyás,gayas,direct_cognate_ar→he
جَيْش,jayš,מִתְגַּיֵּס,mitgayes,mitgayis,root_family
جُبَار,jubār,גִּבּוֹר,gibór,jubar,direct_cognate_he→ar
جُبُن,jubun,גְּבִינָה,g'viná,jubun,lemma_promoted
جُبّ,jubb,גֵּב,gev,gubb,direct_cognate_he→ar
جُبْن,jubn,גְּבִינָה,g'viná,jabuna,direct_cognate_ar→he;direct_cognate_he→ar
جُبْنَة,jubna,גְּבִינָה,g'viná,jubina,root_family
جُثَّة,juṯṯa,גּוּף,guf,juss,direct_cognate_ar→he
جُدَّة,judda,גָּדָה,gadá,gudda,direct_cognate_he→ar
جُرْجَان,jurjān,גֵּאוֹרְגְּיָה,geórgya,wrkana,shared_borrowing_source
جُرْف,jurf,גְּרָף,gráf,guraf,direct_cognate_ar→he;lemma_promoted
جُرْن,jurn,גֹּרֶן,góren,gurin,direct_cognate_he→ar
جُلّ,jull,גֵּז,gez,gix,shared_borrowing_source
جُلّ,jull,גָּז,gaz,gix,shared_borrowing_source
جُلّ,jull,וֶרֶד,véred,wrdah,shared_borrowing_source
جُلّ,jull,כָּאוֹס,ká'os,gix,shared_borrowing_source
جُلْيَات,julyāt,גׇּלְיָת,golyát,galyat,shared_borrowing_source
جُمْجُمَة,jumjuma,גֻּלְגֹּלֶת,gulgólet,gumgulim,direct_cognate_ar→he;direct_cognate_he→ar
جُنُب,junub,גַּב,gav,ganb,lemma_promoted
جُنِبَ,juniba,גַּב,gav,ganb,lemma_promoted
جُنْح,junḥ,גָּחַן,gakhán,juxanx,direct_cognate_he→ar
جُنْك,junk,גִּיטָרָה,gitára,kinnar,shared_borrowing_source
جُنْك,junk,כִּנֶּרֶת,kinéret,kinnar,shared_borrowing_source
جُنْك,junk,כִּנּוֹר,kinór,kinnar,shared_borrowing_source
جُوت,jūt,יוּטָה,yúta,jut,shared_borrowing_source
جُوف,jūf,גּוּף,guf,juf,direct_cognate_ar→he;direct_cognate_he→ar
جُولْف,,גֶ׳ל,jel,gil,shared_borrowing_source
جُولْف,,גּוֹלְף,,galf,shared_borrowing_source
جُولْف,,קוּל,kul,gil,shared_borrowing_source
جُون,jūn,יוֹחָנָן,yokhanán,yaxanan,shared_borrowing_source
جِبَار,jibār,גִּבּוֹר,gibór,jabara,direct_cognate_he→ar
جِبَال اَلْأَلْب,jibāl al-ʔalb,אוּלְטִימָטִיבִי,ultimatívi,xil,shared_borrowing_source
جِبْرِيل,jibrīl,גַּבְרִיאֵל,gavri'él,gawriʔil,shared_borrowing_source
جِدَار,jidār,גָּדֵר,gadér,jidar,direct_cognate_ar→he
جِدَّة,jidda,גָּדָה,gadá,gaddaa,direct_cognate_he→ar
جِدّ,jidd,גַּד,gad,gadda,direct_cognate_ar→he
جِدّ,jidd,גָּד,gad,gadda,direct_cognate_ar→he
جِدّ,jidd,גָּדָה,gadá,gadda,lemma_promoted
جِذْع,jiḏʕ,גֶּזַע,géza',gizaʕ,direct_cognate_ar→he;direct_cognate_he→ar
جِسْر,jisr,גֶּשֶׁר,gésher,gišrum,direct_cognate_ar→he;shared_borrowing_source
جِسْم,jism,גֶּשֶׁם,géshem,jisim,direct_cognate_he→ar
جِلْد,jild,גֶּלֶד,géled,gild,direct_cognate_ar→he;direct_cognate_he→ar;shared_borrowing_source
جِنِرال,jinirāl,גֶּנֶרָל,generál,jiniral,shared_borrowing_source
جِنْح,jinḥ,גָּחַן,gakhán,juxanx,direct_cognate_he→ar
جِنْدَر,jindar,גֶ׳נוֹסַיְד,jénosayd,ginhas,shared_borrowing_source
جِنْدَر,jindar,זַן,zan,ginhas,shared_borrowing_source
جِنْدَر,jindar,זָן,zan,ginhas,shared_borrowing_source
جِنْس,jins,גֶ׳נוֹסַיְד,jénosayd,ginas,shared_borrowing_source
جِنْس,jins,זַן,zan,ginhas,shared_borrowing_source
جِنْس,jins,זָן,zan,ginhas,shared_borrowing_source
جِهَاد,jihād,גִּ׳יהַאד,jihad,jihad,shared_borrowing_source
جِيبَ,jība,בִּיּוֹ־,biyo-,nan-ablauting,shared_borrowing_source
جِير,jīr,גִּיר,gir,gir,shared_borrowing_source
جِيل,jīl,גִּיל,gíl,gil,direct_cognate_he→ar
جِيلَاتُو,jīlātū,גֶ׳ל,jel,gil,shared_borrowing_source
جِيلَاتُو,jīlātū,גּוֹלְף,,gil,shared_borrowing_source
جِيلَاتُو,jīlātū,קוּל,kul,gil,shared_borrowing_source
جِين,jīn,גֶּן,gen,gin,shared_borrowing_source
جِينْز,jīnz,גִ׳ינְס,jins,jinz,shared_borrowing_source
حَائِل,ḥāʔil,חִיֵּל,khiyél,xaʔil,lemma_promoted
حَائِل,ḥāʔil,חַיִל,kháyil,xaʔil,lemma_promoted
حَائِل,ḥāʔil,חַיָּל,khayál,xaʔil,lemma_promoted
حَاج,ḥāj,הגה,hagé,ʔigu,shared_borrowing_source
حَاجَة,ḥāja,הגה,hagé,ʔigu,lemma_promoted
حَاجّ,ḥājj,חַאג׳,kháj,xajj,shared_borrowing_source
حَاخَام,ḥāḵām,חָכָם,khakhám,xaxam,shared_borrowing_source
حَادٍ,ḥādin,חַד,khad-,xadin,direct_cognate_he→ar
حَادٍ,ḥādin,חֹד,khód,xadin,direct_cognate_he→ar
حَادَ,ḥāda,חַד,khad-,xada,direct_cognate_he→ar
حَادَ,ḥāda,חֹד,khód,xada,direct_cognate_he→ar
حَادِيَ عَشَرَ,ḥādiya ʕašara,עֲשִׂירִי,asirí,xadiyaʕasara,root_family
حَادّ,ḥādd,אָחִיד,akhíd,ʔaxadd,root_family
حَادّ,ḥādd,חַד,khad-,xadd,direct_cognate_ar→he;direct_cognate_he→ar
حَادّ,ḥādd,חֹד,khód,xadd,direct_cognate_he→ar
حَادّ,ḥādd,מְאֻחָד,m'ukhád,muxadd,root_family
حَارُود,ḥārūd,חֹלֶד,khóled,xarud,direct_cognate_ar→he
حَارّ,ḥārr,חָרִיף,kharíf,xarrif,direct_cognate_ar→he
حَاسَبَ,ḥāsaba,חִשֵּׁב,khishév,xasaba,root_family
حَاسَبَ,ḥāsaba,חֶשְׁבּוֹן,kheshbón,xasaban,root_family
حَاسَبَ,ḥāsaba,חֶשְׁבּוֹנָאוּת,kheshbona'út,xasabanaʔut,root_family
حَاسَّة,ḥāssa,חַיְשָׁן,khaishán,xaissan,root_family
حَاسَّة,ḥāssa,חָשׁ,khásh,xass,root_family
حَاسَّة,ḥāssa,חוּשׁ,khúsh,xass,root_family
حَاسَّة,ḥāssa,תְּחוּשָׁה,t'khushá,txassa,root_family
حَاسُوب,ḥāsūb,חִשּׁוּב,khishúv,xasub,root_family
حَافَة,ḥāfa,חוֹף,khof,xaf,direct_cognate_he→ar
حَافَظَ,ḥāfaẓa,מָחוֹז,makhóz,xafaṣa,lemma_promoted
حَافَّة,ḥāffa,חוֹף,khof,xaff,root_family
حَافِظ,ḥāfiẓ,מָחוֹז,makhóz,xafiṣ,lemma_promoted
حَال,ḥāl,חִיֵּל,khiyél,xiyal,lemma_promoted
حَال,ḥāl,חַיִל,kháyil,xayil,lemma_promoted
حَال,ḥāl,חַיָּל,khayál,xayal,lemma_promoted
حَالٍ,ḥālin,חִיֵּל,khiyél,xiyala,lemma_promoted
حَالٍ,ḥālin,חַיִל,kháyil,xayila,lemma_promoted
حَالٍ,ḥālin,חַיָּל,khayál,xalal,lemma_promoted
حَالَ,ḥāla,חִיֵּל,khiyél,xiyala,lemma_promoted
حَالَ,ḥāla,חַיִל,kháyil,xayila,lemma_promoted
حَالَ,ḥāla,חַיָּל,khayál,xayla,lemma_promoted
حَالِم,ḥālim,חֲלוֹם,khalóm,xalim,root_family
حَالِم,ḥālim,חָלַם,khalám,xalim,root_family
حَامِض,ḥāmiḍ,חָמֵץ,khaméts,xamiṣ,direct_cognate_he→ar
حَامِض,ḥāmiḍ,חֹמֶץ,khómets,xamiṣ,direct_cognate_he→ar;shared_borrowing_source
حَانُوت,ḥānūt,חֲנוּת,khanút,xanusa,direct_cognate_ar→he;shared_borrowing_source
حَبَرَ,ḥabara,חָבֵר,khavér,xawir,lemma_promoted
حَبَسَ,ḥabasa,חָבַשׁ,khavásh,xabasa,direct_cognate_ar→he
حَبَقُّوق,ḥabaqqūq,חֲבַקּוּק,khavakúk,xawakuk,shared_borrowing_source
حَبَّ,ḥabba,חִבָּה,khibá,xabba,root_family
حَبَّبَ,ḥabbaba,חִבָּה,khibá,xababa,root_family
حَبَّبَ,ḥabbaba,חָבִיב,khavív,xababa,root_family
حَبَّرَ,ḥabbara,חָבֵר,khavér,xawir,lemma_promoted
حَبَّسَ,ḥabbasa,חָבַשׁ,khavásh,xabasa,direct_cognate_ar→he
حَبِرَ,ḥabira,חָבֵר,khavér,xawir,lemma_promoted
حَبِيب,ḥabīb,חִבָּה,khibá,xabib,root_family
حَبِيب,ḥabīb,חַבִּיבִּי,khabíbi,xabibi,lemma_promoted
حَبِيب,ḥabīb,חָבִיב,khavív,xabib,direct_cognate_ar→he;direct_cognate_he→ar
حَبِيبِي,ḥabībī,חַבִּיבִּי,khabíbi,xabibi,shared_borrowing_source
حَبْر,ḥabr,חָבֵר,khavér,xawir,shared_borrowing_source
حَبْس,ḥabs,חָבַשׁ,khavásh,xabas,direct_cognate_ar→he
حَبْل,ḥabl,חֶבֶל,khével,xabl,direct_cognate_he→ar;shared_borrowing_source
حَتَّى,ḥattā,עַד,ad,xatta,direct_cognate_ar→he
حَجَرَ,ḥajara,חֲגוֹר,khagór,xagara,direct_cognate_he→ar
حَجَل,ḥajal,חָגְלָה,khoglá,xajal,shared_borrowing_source;lemma_promoted
حَجَلَ,ḥajala,חָגְלָה,khoglá,xagla,shared_borrowing_source;lemma_promoted
حَجَّ,ḥajja,הֶחָג,hekhág,hixajja,lemma_promoted
حَجَّ,ḥajja,חַג,khág,xajja,direct_cognate_ar→he;lemma_promoted
حَجَّ,ḥajja,חַג׳,kháj,xajj,lemma_promoted
حَجَّ,ḥajja,חָג,chág,xajja,lemma_promoted
حَجَّ,ḥajja,חֹק,khók,xajja,direct_cognate_ar→he
حَجَّلَ,ḥajjala,חָגְלָה,khoglá,xagla,shared_borrowing_source;lemma_promoted
حَجّ,ḥajj,הֶחָג,hekhág,hixajja,direct_cognate_he→ar
حَجّ,ḥajj,חַג,khág,xajja,direct_cognate_he→ar;lemma_promoted
حَجّ,ḥajj,חַג׳,kháj,xajj,shared_borrowing_source
حَجّ,ḥajj,חָג,chág,xajja,lemma_promoted
حَجْل,ḥajl,חָגְלָה,khoglá,xagla,shared_borrowing_source
حَدَثَ,ḥadaṯa,חִדֵּשׁ,khidésh,xadasa,shared_borrowing_source;lemma_promoted
حَدَثَ,ḥadaṯa,חַדֵּשׁ,khadésh,xadasa,shared_borrowing_source
حَدَثَ,ḥadaṯa,חָדָשׁ,khadásh,xadasa,shared_borrowing_source;lemma_promoted
حَدَّ,ḥadda,הִתְחַדֵּד,hitkhadéd,xaddad,root_family
حَدَّ,ḥadda,חִדֵּד,khidéd,xaddad,root_family
حَدَّ,ḥadda,חַדּוּת,khadút,xaddat,root_family
حَدَّ,ḥadda,מְחַדֵּד,mekhadéd,mixaddad,root_family
حَدَّدَ,ḥaddada,הִתְחַדֵּד,hitkhadéd,xaddada,root_family
حَدَّدَ,ḥaddada,חִדֵּד,khidéd,xaddada,root_family
حَدَّدَ,ḥaddada,מְחַדֵּד,mekhadéd,mixadada,root_family
حَدُثَ,ḥaduṯa,חִדֵּשׁ,khidésh,xadasa,shared_borrowing_source;lemma_promoted
حَدُثَ,ḥaduṯa,חַדֵּשׁ,khadésh,xadasa,shared_borrowing_source
حَدُثَ,ḥaduṯa,חָדָשׁ,khadásh,xadasa,shared_borrowing_source;lemma_promoted
حَدِيث,ḥadīṯ,חֲדָשׁוֹת,khadashót,xadis,lemma_promoted
حَدِيث,ḥadīṯ,חִדֵּשׁ,khidésh,xadis,lemma_promoted
حَدِيث,ḥadīṯ,חַדֵּשׁ,khadésh,xadis,lemma_promoted
حَدِيث,ḥadīṯ,חָדִישׁ,khadísh,xadis,root_family
حَدِيث,ḥadīṯ,חָדָשׁ,khadásh,xadis,direct_cognate_ar→he;direct_cognate_he→ar;lemma_promoted
حَدِيث,ḥadīṯ,חׇדְשִׁי,khodshí,xadisi,root_family
حَدّ,ḥadd,חַד,khad-,xadda,root_family
حَدّ,ḥadd,חֹד,khód,xadda,root_family
حَدّ,ḥadd,מְאֻחָד,m'ukhád,muxadda,root_family
حَرَارَة,ḥarāra,חֹרֶף,khóref,xarar,root_family
حَرَام,ḥarām,חֵרֶם,khérem,xarama,direct_cognate_ar→he
حَرَثَ,ḥaraṯa,חֵרֵשׁ,kherésh,xarasa,direct_cognate_ar→he;lemma_promoted
حَرَثَ,ḥaraṯa,חֶרֶשׁ,khéresh,xarasa,direct_cognate_ar→he;lemma_promoted
حَرَثَ,ḥaraṯa,חֶרֶשׂ,khéres,xarasa,direct_cognate_ar→he;lemma_promoted
حَرَثَ,ḥaraṯa,חָרַשׁ,kharásh,xaras,direct_cognate_ar→he;direct_cognate_he→ar;shared_borrowing_source;lemma_promoted
حَرَثَ,ḥaraṯa,חָרָשׁ,kharásh,xarasa,direct_cognate_ar→he;direct_cognate_he→ar;lemma_promoted
حَرَثَ,ḥaraṯa,חֹרֶשׁ,ḥóresh,xarasa,lemma_promoted
حَرَش,ḥaraš,חֹרֶשׁ,ḥóresh,xaraš,direct_cognate_he→ar;lemma_promoted
حَرَشَ,ḥaraša,חֹרֶשׁ,ḥóresh,xaraša,direct_cognate_he→ar;lemma_promoted
حَرَم,ḥaram,חֵרֶם,khérem,xarama,lemma_promoted
حَرَمَ,ḥarama,חֵרֶם,khérem,xarama,lemma_promoted
حَرَّشَ,ḥarraša,חֹרֶשׁ,ḥóresh,xaraša,direct_cognate_he→ar;lemma_promoted
حَرَّمَ,ḥarrama,חֵרֶם,khérem,xarama,lemma_promoted
حَرُمَ,ḥaruma,חֵרֶם,khérem,xaruma,direct_cognate_ar→he;lemma_promoted
حَرِش,ḥariš,חֹרֶשׁ,ḥóresh,xaraša,direct_cognate_he→ar
حَرِيدِيّ,ḥarīdiyy,חֲרֵדִי,kharedí,xaridi,shared_borrowing_source
حَرِيش,ḥarīš,חֹרֶשׁ,ḥóresh,xariš,direct_cognate_ar→he;direct_cognate_he→ar
حَرِيف,ḥarīf,חָרִיף,kharíf,xarif,direct_cognate_he→ar
حَرّ,ḥarr,חֹרֶף,khóref,xurrif,root_family
حَرْب,ḥarb,חֶרֶב,khérev,xarb,shared_borrowing_source
حَرْبَة,ḥarba,חֶרֶב,khérev,xarb,shared_borrowing_source
حَرْث,ḥarṯ,חֵרֵשׁ,kherésh,xarasa,direct_cognate_ar→he
حَرْث,ḥarṯ,חֶרֶשׁ,khéresh,xarasa,direct_cognate_ar→he
حَرْث,ḥarṯ,חֶרֶשׂ,khéres,xarasa,direct_cognate_ar→he
حَرْث,ḥarṯ,חָרַשׁ,kharásh,xarasa,direct_cognate_ar→he
حَرْث,ḥarṯ,חָרָשׁ,kharásh,xarasa,direct_cognate_ar→he
حَرْث,ḥarṯ,חֹרֶשׁ,ḥóresh,xarasa,lemma_promoted
حَرْف,ḥarf,חָרִיף,kharíf,xarafa,root_family
حَرْف,ḥarf,חֹרֶף,khóref,xarafa,root_family
حَرْمَل,ḥarmal,אַלְמָן,almán,xarmal,direct_cognate_ar→he
حَزَّمَ,ḥazzama,מֵזַח,mézakh,xazama,root_family
حَسَاسِيَّة,ḥasāsiyya,תְּחוּשָׁה,t'khushá,xasasiyy,root_family
حَسَب,ḥasab,חֶשְׁבּוֹן,kheshbón,xasaban,lemma_promoted
حَسَبَ,ḥasaba,הִתְחַשֵּׁב,hitkhashév,xasaba,root_family
حَسَبَ,ḥasaba,חִשֵּׁב,khishév,xasaba,direct_cognate_he→ar
حَسَبَ,ḥasaba,חִשּׁוּב,khishúv,xasaba,root_family
حَسَبَ,ḥasaba,חֶשְׁבּוֹן,kheshbón,xasaban,lemma_promoted
حَسَبَ,ḥasaba,חַשָּׁב,khasháv,xasaba,direct_cognate_he→ar
حَسَبَ,ḥasaba,חָשַׁב,khasháv,xasaba,direct_cognate_ar→he;direct_cognate_he→ar
حَسَبَ,ḥasaba,חֻשַּׁב,khusháv,xasaba,direct_cognate_he→ar
حَسَبَ,ḥasaba,חוֹשֵׁב,khoshév,xasaba,lemma_promoted
حَسَدَ,ḥasada,חֶסֶד,khésed,xasada,direct_cognate_ar→he
حَسَن,ḥasan,חֹסֶן,khósen,xasan,lemma_promoted
حَسَنَة,ḥasana,חֹסֶן,khósen,xasan,direct_cognate_ar→he
حَسَّ,ḥassa,חָשׁ,khásh,xassa,direct_cognate_ar→he;direct_cognate_he→ar
حَسَّ,ḥassa,חוּשׁ,khúsh,xassa,root_family
حَسَّ,ḥassa,תְּחוּשָׁה,t'khushá,txassa,root_family
حَسَّنَ,ḥassana,חֹסֶן,khósen,xasana,lemma_promoted
حَسُبَ,ḥasuba,חֶשְׁבּוֹן,kheshbón,xasuban,lemma_promoted
حَسُنَ,ḥasuna,חֹסֶן,khósen,xasuna,lemma_promoted
حَسِبَ,ḥasiba,חֶשְׁבּוֹן,kheshbón,xasiban,lemma_promoted
حَسْب,ḥasb,חֶשְׁבּוֹן,kheshbón,xasaban,lemma_promoted
حَسْنَاء,ḥasnāʔ,חָסוּן,khasún,xasunaʔ,root_family
حَشِيش,ḥašīš,חֲשִׁישׁ,khashísh,xašiš,shared_borrowing_source
حَصَب,ḥaṣab,חָצֵב,khatsév,xaṣab,direct_cognate_ar→he
حَصَب,ḥaṣab,חָצַב,khatsáv,xaṣab,direct_cognate_ar→he
حَصَب,ḥaṣab,חָצָב,khatsáv,xaṣab,direct_cognate_ar→he
حَصَبَ,ḥaṣaba,חָצֵב,khatsév,xaṣaba,direct_cognate_ar→he
حَصَبَ,ḥaṣaba,חָצַב,khatsáv,xaṣaba,direct_cognate_ar→he
حَصَبَ,ḥaṣaba,חָצָב,khatsáv,xaṣaba,direct_cognate_ar→he
حَصَّبَ,ḥaṣṣaba,חָצֵב,khatsév,xaṣaba,direct_cognate_ar→he
حَصَّبَ,ḥaṣṣaba,חָצַב,khatsáv,xaṣaba,direct_cognate_ar→he
حَصَّبَ,ḥaṣṣaba,חָצָב,khatsáv,xaṣaba,direct_cognate_ar→he
حَصِبَ,ḥaṣiba,חָצֵב,khatsév,xaṣiba,direct_cognate_ar→he
حَصِبَ,ḥaṣiba,חָצַב,khatsáv,xaṣiba,direct_cognate_ar→he
حَصِبَ,ḥaṣiba,חָצָב,khatsáv,xaṣiba,direct_cognate_ar→he
حَصْبَة,ḥaṣba,חַצֶּבֶת,khatsévet,xaṣibit,direct_cognate_ar→he;direct_cognate_he→ar
حَضْرَمَوْت,ḥaḍramawt,חֲצַרְמָוֶת,ḥăṣarmāweṯ,xdrmt,direct_cognate_he→ar;shared_borrowing_source
حَظِيَ,ḥaẓiya,חֵץ,khets,xaṣiya,lemma_promoted
حَفَرَ,ḥafara,חָפַר,khafár,xapar,direct_cognate_he→ar;shared_borrowing_source
حَفَشَ,ḥafaša,חִפֵּשׂ,khipés,xapas,shared_borrowing_source
حَفِظَ,ḥafiẓa,חֵפֶץ,ḥéfets,xafiṣa,direct_cognate_he→ar
حَفِظَ,ḥafiẓa,חָפַץ,ḥafáts,xafiṣa,direct_cognate_he→ar
حَقَّ,ḥaqqa,חָקַק,khakák,xaqqak,direct_cognate_he→ar
حَقَّ,ḥaqqa,חֹק,khók,xaqqa,direct_cognate_ar→he;lemma_promoted
حَقِيق,ḥaqīq,מְחוֹקֵק,m'khokék,mxaqiq,root_family
حَقّ,ḥaqq,חֹק,khók,xaqqa,direct_cognate_he→ar
حَقّ,ḥaqq,חֻקָּה,khuká,xaqqa,root_family
حَقّ,ḥaqq,מְחוֹקֵק,m'khokék,mxaqqak,root_family
حَكَا,ḥakā,חִקָּה,khiká,xaka,direct_cognate_ar→he;direct_cognate_he→ar
حَكَمَة,ḥakama,חׇכְמָה,khokhmá,xakama,direct_cognate_he→ar
حَكِيم,ḥakīm,חָכַם,khakhám,xakim,direct_cognate_he→ar
حَكِيم,ḥakīm,חָכָם,khakhám,xakim,direct_cognate_ar→he;direct_cognate_he→ar
حَلَال,ḥalāl,חִלּוֹנִי,khiloní,xallan,root_family
حَلَب,ḥalab,חֵלֶב,khélev,xalaba,direct_cognate_ar→he;lemma_promoted
حَلَب,ḥalab,חַאלַבּ,khálab,xalab,shared_borrowing_source
حَلَب,ḥalab,חַלַבּ,khalab,xalaba,direct_cognate_ar→he;lemma_promoted
حَلَب,ḥalab,חָלַב,khaláv,xalaba,direct_cognate_ar→he;lemma_promoted
حَلَب,ḥalab,חָלָב,khaláv,xalaba,direct_cognate_ar→he;lemma_promoted
حَلَبَ,ḥalaba,חֵלֶב,khélev,xalaba,direct_cognate_ar→he;lemma_promoted
حَلَبَ,ḥalaba,חַאלַבּ,khálab,xalab,lemma_promoted
حَلَبَ,ḥalaba,חַלַבּ,khalab,xalaba,direct_cognate_ar→he;lemma_promoted
حَلَبَ,ḥalaba,חָלַב,khaláv,xalaba,direct_cognate_ar→he;lemma_promoted
حَلَبَ,ḥalaba,חָלָב,khaláv,xalaba,direct_cognate_ar→he;lemma_promoted
حَلَزُون,ḥalazūn,חִלָּזוֹן,khilazón,ʔilikan,direct_cognate_he→ar;shared_borrowing_source
حَلَم,ḥalam,חֲלוֹם,khalóm,xulam,direct_cognate_ar→he;lemma_promoted
حَلَمَ,ḥalama,חֲלוֹם,khalóm,xulam,direct_cognate_ar→he;lemma_promoted
حَلَمَ,ḥalama,חָלַם,khalám,xulam,direct_cognate_he→ar
حَلَّ,ḥalla,חָל,khal,xalla,direct_cognate_ar→he;direct_cognate_he→ar;lemma_promoted
حَلَّلَ,ḥallala,חָלִילָה,khalíla,xalala,direct_cognate_he→ar
حَلُمَ,ḥaluma,חֲלוֹם,khalóm,xulam,direct_cognate_ar→he;lemma_promoted
حَلُّون,ḥallūn,חַלָּה,khalá,xalla,shared_borrowing_source
حَلِبَ,ḥaliba,חֵלֶב,khélev,xaliba,direct_cognate_ar→he;lemma_promoted
حَلِبَ,ḥaliba,חַאלַבּ,khálab,xalab,lemma_promoted
حَلِبَ,ḥaliba,חַלַבּ,khalab,xaliba,direct_cognate_ar→he;lemma_promoted
حَلِبَ,ḥaliba,חָלַב,khaláv,xaliba,direct_cognate_ar→he;lemma_promoted
حَلِبَ,ḥaliba,חָלָב,khaláv,xaliba,direct_cognate_ar→he;lemma_promoted
حَلِيب,ḥalīb,חָלַב,khaláv,xalib,direct_cognate_he→ar
حَلِيب,ḥalīb,חָלָב,khaláv,xalib,direct_cognate_he→ar;shared_borrowing_source
حَلّ,ḥall,חָל,khal,xalla,direct_cognate_ar→he
حَلْب,ḥalb,חֵלֶב,khélev,xalaba,direct_cognate_ar→he;lemma_promoted
حَلْب,ḥalb,חַאלַבּ,khálab,xalab,lemma_promoted
حَلْب,ḥalb,חַלַבּ,khalab,xalaba,direct_cognate_ar→he;lemma_promoted
حَلْب,ḥalb,חָלַב,khaláv,xalaba,direct_cognate_ar→he;lemma_promoted
حَلْب,ḥalb,חָלָב,khaláv,xalaba,direct_cognate_ar→he;lemma_promoted
حَلْوَى,ḥalwā,חַלְוָה,khálva,xalwa,shared_borrowing_source
حَم,ḥam,חָם,khám,xamw,shared_borrowing_source
حَمَاس,ḥamās,חַמַאס,khamás,xamas,shared_borrowing_source
حَمَام,ḥamām,יוֹנָה,yoná,šawman,shared_borrowing_source
حَمَّ,ḥamma,חַם,kham,xam,direct_cognate_ar→he;shared_borrowing_source
حَمَّام,ḥammām,חַמָּאם,hamám,xammam,shared_borrowing_source
حَمَّصَ,ḥammaṣa,חִמְצָה,khimtsá,xamaṣa,direct_cognate_he→ar
حَمَّضَ,ḥammaḍa,הֶחְמִיץ,hekhmíts,xamaṣa,root_family
حَمَّضَ,ḥammaḍa,חָמוּץ,khamútz,xamaṣa,direct_cognate_he→ar
حَمَّضَ,ḥammaḍa,חֻמְצִיּוּת,khumtsiyút,xamtsaṣat,root_family
حَمَّضَ,ḥammaḍa,חֻמְצָה,khumtzá,xamaṣa,root_family
حَمُضَ,ḥamuḍa,חָמוּץ,khamútz,xamuṣa,direct_cognate_he→ar
حَمُضَ,ḥamuḍa,חֻמְצִיּוּת,khumtsiyút,xamtsiyuṣa,root_family
حَمُضَ,ḥamuḍa,חֻמְצָה,khumtzá,xamuṣa,root_family
حَمِيم,ḥamīm,חֵמָה,khemá,xamim,direct_cognate_he→ar
حَمِيم,ḥamīm,חַם,kham,xamim,direct_cognate_he→ar;lemma_promoted
حَمِيم,ḥamīm,חָם,khám,xamim,lemma_promoted
حَمِيم,ḥamīm,חֹם,khóm,xamim,direct_cognate_he→ar
حَمِيم,ḥamīm,חוּם,khúm,xamim,lemma_promoted
حَمْض,ḥamḍ,חָמוּץ,khamútz,xamuṣ,direct_cognate_he→ar
حَمْض,ḥamḍ,חֻמְצִיּוּת,khumtsiyút,xamtsiyuṣ,root_family
حَمْض,ḥamḍ,חֻמְצָה,khumtzá,xamṣ,root_family
حَمْضِيّ,ḥamḍiyy,חַמְצָנִי,khamtsaní,xamtsaṣi,root_family
حَمْضِيّ,ḥamḍiyy,חָמוּץ,khamútz,xamuṣ,root_family
حَمْضِيّ,ḥamḍiyy,חֻמְצִיּוּת,khumtsiyút,xamtsiyuṣ,root_family
حَمْضِيّ,ḥamḍiyy,חֻמְצָה,khumtzá,xamṣ,root_family
حَنَا,ḥanā,חָנָה,ḥaná,xana,direct_cognate_ar→he
حَنَان,ḥanān,חֵן,chén,xanna,root_family
حَنَان,ḥanān,תַּחֲנוּן,takhanún,taxannan,root_family
حَنَش,ḥanaš,נָחָשׁ,nakhásh,naxaš,direct_cognate_he→ar;shared_borrowing_source
حَنَك,ḥanak,חֵךְ,khékh,xanak,direct_cognate_ar→he;direct_cognate_he→ar;lemma_promoted
حَنَكَ,ḥanaka,חֵךְ,khékh,xanaka,direct_cognate_ar→he;lemma_promoted
حَنَّكَ,ḥannaka,חֵךְ,khékh,xanaka,direct_cognate_ar→he;lemma_promoted
حَنُون,ḥanūn,חַנּוּן,khanún,xanun,direct_cognate_he→ar
حَنُون,ḥanūn,חָנַן,khanán,xanun,lemma_promoted
حَنُون,ḥanūn,חָנָן,khanán,xanun,lemma_promoted
حَنُون,ḥanūn,חָנוֹן,khanón,xanun,direct_cognate_he→ar
حَنُون,ḥanūn,חָנוּן,khanún,xanun,direct_cognate_ar→he;direct_cognate_he→ar
حَنْبَل,ḥanbal,חֶבֶל,khével,xabl,shared_borrowing_source
حَنْدَقُوق,ḥandaqūq,הֹדּוּ,hódu,hiduš,shared_borrowing_source
حَنْدَقُوق,ḥandaqūq,הוֹדָה,hodá,hiduš,lemma_promoted
حَنْدَقُوق,ḥandaqūq,הוֹדוּ,hodú,hiduš,shared_borrowing_source
حَنْطُور,ḥanṭūr,רַב,ráv,rub,shared_borrowing_source
حَنْطُور,ḥanṭūr,רֹב,rov,rub,shared_borrowing_source
حَنْطُور,ḥanṭūr,רב,ráv-,rub,shared_borrowing_source
حَنْك,ḥank,חֵךְ,khékh,xanaka,direct_cognate_ar→he
حَوًى,ḥawan,חַי,kháy,xawiya,lemma_promoted
حَوَى,ḥawā,חַי,kháy,xawa,lemma_promoted
حَوَّاء,ḥawwāʔ,חַוָּה,khavá,xawa,shared_borrowing_source
حَوَّاء,ḥawwāʔ,חַי,kháy,xayawa,shared_borrowing_source
حَوَّاء,ḥawwāʔ,חָוָה,khavá,xayawa,shared_borrowing_source
حَوَّلَ,ḥawwala,חִיֵּל,khiyél,xawwala,direct_cognate_he→ar
حَوَّلَ,ḥawwala,חַיִל,kháyil,xawala,direct_cognate_he→ar
حَوَّلَ,ḥawwala,חַיָּל,khayál,xawala,direct_cognate_he→ar
حَوِلَ,ḥawila,חִיֵּל,khiyél,xawila,direct_cognate_he→ar
حَوِلَ,ḥawila,חַיִל,kháyil,xawila,direct_cognate_he→ar
حَوِلَ,ḥawila,חַיָּל,khayál,xawila,direct_cognate_he→ar
حَوْل,ḥawl,חִיֵּל,khiyél,xiyala,direct_cognate_he→ar
حَوْل,ḥawl,חַיִל,kháyil,xayila,direct_cognate_ar→he;direct_cognate_he→ar
حَوْل,ḥawl,חַיָּל,khayál,xayla,direct_cognate_he→ar
حَوْلَ,ḥawla,חִיֵּל,khiyél,xawila,direct_cognate_he→ar
حَوْلَ,ḥawla,חַיִל,kháyil,xawila,direct_cognate_he→ar
حَوْلَ,ḥawla,חַיָּל,khayál,xawla,direct_cognate_he→ar
حَيَاء,ḥayāʔ,חַי,kháy,xayiya,lemma_promoted
حَيَاة,ḥayāh,חַי,kháy,xayiya,lemma_promoted
حَيَاة,ḥayāh,חַיִּים,khayím,xayiya,direct_cognate_he→ar
حَيَوَان,ḥayawān,חִיּוּת,khiyút,xayyat,root_family
حَيَوَان,ḥayawān,חַי,kháy,xayya,lemma_promoted
حَيَوَان,ḥayawān,חַיָּה,khayá,xayya,direct_cognate_ar→he;direct_cognate_he→ar
حَيَّ,ḥayya,חַי,kháy,xayya,lemma_promoted
حَيَّ,ḥayya,חַיָּה,khayá,xayya,lemma_promoted
حَيَّا,ḥayyā,הֶחֱיָה,hekheyá,xaya,root_family
حَيَّا,ḥayyā,חִיּוּת,khiyút,xayat,root_family
حَيَّة,ḥayya,חַיָּה,khayá,xayya,root_family
حَيِيَ,ḥayiya,הֶחֱיָה,hekheyá,xayiya,root_family
حَيِيَ,ḥayiya,חִיּוּת,khiyút,xayiya,root_family
حَيِيَ,ḥayiya,חַוָּה,khavá,xayawa,shared_borrowing_source
حَيِيَ,ḥayiya,חַי,kháy,xayawa,direct_cognate_ar→he;shared_borrowing_source;lemma_promoted
حَيِيَ,ḥayiya,חַיִּים,khayím,xayiya,lemma_promoted
حَيِيَ,ḥayiya,חָוָה,khavá,xayawa,shared_borrowing_source
حَيّ,ḥayy,חַי,kháy,xawa,direct_cognate_ar→he;lemma_promoted
حَيّ,ḥayy,חַיָּה,khayá,xawa,lemma_promoted
حَيْصَل,ḥayṣal,חָצִיל,khatsíl,xayṣal,shared_borrowing_source
حَيْل,ḥayl,חִיֵּל,khiyél,xayil,direct_cognate_he→ar
حَيْل,ḥayl,חַיִל,kháyil,xayil,direct_cognate_he→ar
حَيْل,ḥayl,חַיָּל,khayál,xayal,direct_cognate_he→ar
حُرَم,ḥuram,חֵרֶם,khérem,xuram,lemma_promoted
حُرُم,ḥurum,חֵרֶם,khérem,xarama,lemma_promoted
حُرّ,ḥurr,חִוֵּר,khivér,xuwirr,lemma_promoted
حُرّ,ḥurr,חַוָּר,khavár,xawurr,lemma_promoted
حُرّ,ḥurr,חָוַר,khavár,xawurr,lemma_promoted
حُرّ,ḥurr,חֹר,khór,xurr,direct_cognate_he→ar
حُرّ,ḥurr,חוּר,khúr,xurr,lemma_promoted
حُرْم,ḥurm,חֵרֶם,khérem,xarama,lemma_promoted
حُسَّب,ḥussab,חֶשְׁבּוֹן,kheshbón,xussaban,lemma_promoted
حُسْبَان,ḥusbān,חֶשְׁבּוֹן,kheshbón,xasaban,direct_cognate_he→ar
حُسْن,ḥusn,חֹסֶן,khósen,xasuna,lemma_promoted
حُظْوَة,ḥuẓwa,חֵץ,khets,xaṣiya,direct_cognate_he→ar
حُقَّ,ḥuqqa,חֹק,khók,xuqqa,lemma_promoted
حُقّ,ḥuqq,חֹק,khók,xuqq,lemma_promoted
حُلَّب,ḥullab,חֵלֶב,khélev,xullab,lemma_promoted
حُلَّب,ḥullab,חַאלַבּ,khálab,xalab,lemma_promoted
حُلَّب,ḥullab,חַלַבּ,khalab,xullab,lemma_promoted
حُلَّب,ḥullab,חָלַב,khaláv,xullab,lemma_promoted
حُلَّب,ḥullab,חָלָב,khaláv,xullab,lemma_promoted
حُلُم,ḥulum,חֲלוֹם,khalóm,xalama,direct_cognate_ar→he;lemma_promoted
حُلْبَة,ḥulba,חִלְבָּה,khilbá,xulba,direct_cognate_ar→he
حُلْم,ḥulm,חֲלוֹם,khalóm,xalama,direct_cognate_ar→he;direct_cognate_he→ar;lemma_promoted
حُلْم,ḥulm,חָלַם,khalám,xalama,root_family
حُمَة,ḥuma,חֵמָה,khemá,xuma,direct_cognate_he→ar
حُمَّاض,ḥummāḍ,חֻמְצִיּוּת,khumtsiyút,xummtsayuṣ,root_family
حُمَّاض,ḥummāḍ,חֻמְצָה,khumtzá,xummaṣ,root_family
حُمُوضَة,ḥumūḍa,הֶחְמִיץ,hekhmíts,xumuṣ,root_family
حُمُوضَة,ḥumūḍa,חֻמְצִיּוּת,khumtsiyút,xumtsiyuṣ,root_family
حُمُوضَة,ḥumūḍa,חֻמְצָה,khumtzá,xumuṣa,root_family
حُمُّص,ḥummuṣ,חִמְצָה,khimtsá,ximmiṣ,direct_cognate_ar→he;direct_cognate_he→ar
حُمُّص,ḥummuṣ,חוּמוּס,khúmus,ximmiṣ,shared_borrowing_source
حُنْك,ḥunk,חֵךְ,khékh,xunk,direct_cognate_ar→he;lemma_promoted
حُول,ḥūl,חִיֵּל,khiyél,xuyil,direct_cognate_he→ar
حُول,ḥūl,חַיִל,kháyil,xayul,direct_cognate_he→ar
حُول,ḥūl,חַיָּל,khayál,xayul,direct_cognate_he→ar
حُوَّل,ḥuwwal,חִיֵּל,khiyél,xuwwal,direct_cognate_he→ar
حُوَّل,ḥuwwal,חַיִל,kháyil,xuwwal,direct_cognate_he→ar
حُوَّل,ḥuwwal,חַיָּל,khayál,xuwwal,direct_cognate_he→ar
حِبَاب,ḥibāb,חִבָּה,khibá,xibab,root_family
حِبْر,ḥibr,חָבֵר,khavér,xawir,shared_borrowing_source;lemma_promoted
حِجَاب,ḥijāb,חִגָ׳אבּ,khijáb,xijab,shared_borrowing_source
حِجْل,ḥijl,חָגְלָה,khoglá,xagla,shared_borrowing_source;lemma_promoted
حِدَّة,ḥidda,הִתְחַדֵּד,hitkhadéd,xaddad,root_family
حِدَّة,ḥidda,חִדֵּד,khidéd,xaddad,root_family
حِدَّة,ḥidda,חַד,khad-,xadda,root_family
حِدَّة,ḥidda,חַדּוּת,khadút,xaddat,root_family
حِدَّة,ḥidda,מְחַדֵּד,mekhadéd,mixaddad,root_family
حِرَاب,ḥirāb,חֶרֶב,khérev,xaraba,root_family
حِرِّيف,ḥirrīf,חֶרֶב,khérev,xarb,shared_borrowing_source
حِرِّيف,ḥirrīf,חָרִיף,kharíf,xirrif,direct_cognate_ar→he;direct_cognate_he→ar
حِرْش,ḥirš,חֹרֶשׁ,ḥóresh,xiriš,direct_cognate_he→ar;lemma_promoted
حِرْم,ḥirm,חֵרֶם,khérem,xarama,lemma_promoted
حِزَام,ḥizām,מְזִיחַ,mezíakh,xiziam,direct_cognate_he→ar
حِزَام,ḥizām,מֵזַח,mézakh,xizam,direct_cognate_he→ar
حِزْقِيَال,ḥizqiyāl,יְחֶזְקֵאל,Y'khezkél,yixiskil,shared_borrowing_source
حِسَاب,ḥisāb,חִשֵּׁב,khishév,xasaba,root_family
حِسَاب,ḥisāb,חִשּׁוּב,khishúv,xasaba,root_family
حِسَاب,ḥisāb,חֶשְׁבּוֹן,kheshbón,xasaban,root_family
حِسَاب,ḥisāb,חֶשְׁבּוֹנָאוּת,kheshbona'út,xasabanaʔut,root_family
حِسَاب,ḥisāb,חַשָּׁב,khasháv,xasaba,root_family
حِسَاب,ḥisāb,חֻשַּׁב,khusháv,xasaba,root_family
حِصَّة,ḥiṣṣa,חֲצִי,khatsí,xiṣṣi,direct_cognate_ar→he
حِصْرِم,ḥiṣrim,חַרְצָן,ḥarṣā́n,xiṣrim,direct_cognate_ar→he;direct_cognate_he→ar
حِصْرِم,ḥiṣrim,חָרִיץ,ḥārī́ṣ,xiṣrim,direct_cognate_ar→he
حِقَاق,ḥiqāq,חֹק,khók,xaqa,root_family
حِقَاق,ḥiqāq,חֻקָּה,khuká,xaqa,root_family
حِكْمَة,ḥikma,חׇכְמָה,khokhmá,xikma,direct_cognate_he→ar
حِلْم,ḥilm,חֲלוֹם,khalóm,xalama,direct_cognate_ar→he;lemma_promoted
حِمَار,ḥimār,חְמָאר,khmár,ximar,shared_borrowing_source
حِمَار,ḥimār,חֲמוֹר,khamór,ximar,direct_cognate_he→ar;shared_borrowing_source
حِمِّص,ḥimmiṣ,חִמְצָה,khimtsá,ximmiṣ,direct_cognate_ar→he;direct_cognate_he→ar
حِمِّص,ḥimmiṣ,חוּמוּס,khúmus,xiymṣa,shared_borrowing_source
حِمْص,ḥimṣ,חִמְצָה,khimtsá,ximṣ,direct_cognate_he→ar
حِنَّاء,ḥinnāʔ,חִינָה,khína,xinnaʔ,shared_borrowing_source
حِنْطَة,ḥinṭa,חִטָּה,khitá,xinṭa,direct_cognate_ar→he;direct_cognate_he→ar
خَابُور,ḵābūr,חִיבּוּר,ḥibbūr,xibbur,shared_borrowing_source
خَابِيَة,ḵābiya,חָבִית,khavít,xabu,direct_cognate_ar→he;direct_cognate_he→ar;shared_borrowing_source
خَاتَم,ḵātam,חָתַם,ḥɔṯam,xatam,root_family
خَاتَم,ḵātam,טַבַּעַת,tabá'at,jibaut,shared_borrowing_source
خَاطَبَ,ḵāṭaba,מִכְתָּב,mikhtáv,mixaṭaba,lemma_promoted
خَاطِئَة,ḵāṭiʔa,חֵטְא,khet,xaṭiʔ,root_family
خَاطِئَة,ḵāṭiʔa,חַטָּאת,khatát,xaṭiʔ,root_family
خَاطِئَة,ḵāṭiʔa,חוֹטֵא,khoté,xaṭiʔ,root_family
خَاطِب,ḵāṭib,כָּתוּב,katúv,xaṭib,root_family
خَاطِب,ḵāṭib,מִכְתָּב,mikhtáv,mixaṭib,lemma_promoted
خَال,ḵāl,חָלָל,khalál,xalal,lemma_promoted
خَالٍ,ḵālin,חִלּוֹנִי,khiloní,xalin,root_family
خَالٍ,ḵālin,חָלָל,khalál,xalin,lemma_promoted
خَالٍ,ḵālin,חָלוּל,ḥalúl,xalin,root_family
خَالَ,ḵāla,חָלָל,khalál,xalal,lemma_promoted
خَالَّ,ḵālla,חָלָל,khalál,xallal,lemma_promoted
خَالّ,ḵāll,חָלָל,khalál,xalall,lemma_promoted
خَام,ḵām,עַמְבָּה,'ámba,xiʕmas,shared_borrowing_source
خَامِس,ḵāmis,חָמוּשׁ,khamúsh,xamis,root_family
خَامِس,ḵāmis,מְחֻמָּשׁ,m'khumásh,mxamis,root_family
خَبَأَ,ḵabaʔa,חָבוּי,khavúy,xabaʔa,direct_cognate_he→ar
خَتَمَ,ḵatama,חָתַם,ḥɔṯam,xatama,direct_cognate_ar→he
خَتَن,ḵatan,חִתֵּן,khitén,xatan,direct_cognate_he→ar
خَتَن,ḵatan,חָתָן,khatán,xatan,direct_cognate_he→ar;shared_borrowing_source
خَتَن,ḵatan,חוֹתֵן,khotén,xatan,lemma_promoted
خَتَّمَ,ḵattama,חָתַם,ḥɔṯam,xatama,direct_cognate_ar→he
خَتْم,ḵatm,חָתַם,ḥɔṯam,xatam,direct_cognate_ar→he
خَدَرَ,ḵadara,חָדַר,khadár,xadara,direct_cognate_he→ar
خَرَاب,ḵarāb,חָרְבָּה,khorbáh,xarabah,root_family
خَرَاب,ḵarāb,חֻרְבָּן,khurbán,xarbab,direct_cognate_he→ar
خَرَبَ,ḵaraba,חָרַב,kharáv,xaraba,direct_cognate_ar→he;direct_cognate_he→ar
خَرَطَ,ḵaraṭa,חִרְטֵט,khirtét,xartaṭa,direct_cognate_he→ar;lemma_promoted
خَرُّوب,ḵarrūb,חָרוּב,kharúv,xarrub,direct_cognate_he→ar
خَرِب,ḵarib,חָרַב,kharáv,xarib,direct_cognate_ar→he;direct_cognate_he→ar
خَرِسَ,ḵarisa,חֵרֵשׁ,kherésh,xarisa,direct_cognate_he→ar
خَرِسَ,ḵarisa,חֶרֶשׁ,khéresh,xarisa,direct_cognate_he→ar
خَرِسَ,ḵarisa,חָרַשׁ,kharásh,xarisa,direct_cognate_he→ar
خَرِيطَة,ḵarīṭa,כַּרְטִיס,kartís,kartis,shared_borrowing_source
خَرِيف,ḵarīf,חֹרֶף,khóref,xarif,direct_cognate_ar→he;direct_cognate_he→ar
خَرْدَل,ḵardal,חַרְדָּל,khardál,xardal,direct_cognate_ar→he;direct_cognate_he→ar
خَرْدَل,ḵardal,חָרַשׁ,kharásh,xaras,shared_borrowing_source
خَرْدَل,ḵardal,חָרָשׁ,kharásh,xaras,shared_borrowing_source
خَرْط,ḵarṭ,חִרְטֵט,khirtét,xartaṭa,direct_cognate_he→ar
خَرْطَال,ḵarṭāl,אֲגַרְטָל,agartál,qrṭl,shared_borrowing_source
خَرْطُوش,ḵarṭūš,כַּרְטִיס,kartís,kartis,shared_borrowing_source
خَزَف,ḵazaf,חֶרֶס,khéres,xazaf,direct_cognate_he→ar
خَزِينَة,ḵazīna,גְּנִיזָה,g'nizá,ganjam,shared_borrowing_source
خَزِينَة,ḵazīna,גְּנָזִים,g'nazím,ganjam,shared_borrowing_source
خَزِينَة,ḵazīna,גָּנַז,ganáz,ganjam,shared_borrowing_source
خَزْن,ḵazn,חֹסֶן,khósen,xazana,root_family
خَزْنَة,ḵazna,חֹסֶן,khósen,xazin,root_family
خَسَارَة,ḵasāra,חִסָּרוֹן,khisarón,xasaran,direct_cognate_he→ar
خَسَر,ḵasar,חִסָּרוֹן,khisarón,xasaran,lemma_promoted
خَسَر,ḵasar,חָסֵר,khasér,xasara,direct_cognate_ar→he;lemma_promoted
خَسَر,ḵasar,חוֹסֶר,khóser,xasara,lemma_promoted
خَسَرَ,ḵasara,חִסָּרוֹן,khisarón,xasiran,lemma_promoted
خَسَرَ,ḵasara,חָסֵר,khasér,xasira,direct_cognate_ar→he;lemma_promoted
خَسَرَ,ḵasara,חוֹסֶר,khóser,xasira,lemma_promoted
خَسَّرَ,ḵassara,חִסָּרוֹן,khisarón,xasiran,lemma_promoted
خَسَّرَ,ḵassara,חָסֵר,khasér,xasira,direct_cognate_ar→he;lemma_promoted
خَسَّرَ,ḵassara,חוֹסֶר,khóser,xasira,lemma_promoted
خَسِرَ,ḵasira,חִסָּרוֹן,khisarón,xasiran,lemma_promoted
خَسِرَ,ḵasira,חָסֵר,khasér,xasira,direct_cognate_ar→he;direct_cognate_he→ar;lemma_promoted
خَسِرَ,ḵasira,חוֹסֶר,khóser,xasira,lemma_promoted
خَسّ,ḵass,חַסָּה,khása,xasa,direct_cognate_ar→he;direct_cognate_he→ar;shared_borrowing_source
خَسْر,ḵasr,חִסָּרוֹן,khisarón,xasaran,lemma_promoted
خَسْر,ḵasr,חָסֵר,khasér,xasara,direct_cognate_ar→he;lemma_promoted
خَسْر,ḵasr,חוֹסֶר,khóser,xasara,lemma_promoted
خَشُنَ,ḵašuna,חָסוֹן,khasón,xasin,direct_cognate_he→ar
خَشِن,ḵašin,אָשׁוּן,ashún,xašin,direct_cognate_he→ar
خَطَأ,ḵaṭaʔ,חִטֵּא,khité,xaṭiʔa,direct_cognate_ar→he
خَطَأ,ḵaṭaʔ,חֵטְא,khet,xaṭiʔa,direct_cognate_ar→he
خَطَأ,ḵaṭaʔ,חַטָּא,khatá,xaṭiʔa,direct_cognate_ar→he
خَطَأ,ḵaṭaʔ,חָטָא,khatá,xaṭiʔa,direct_cognate_ar→he
خَطَمَ,ḵaṭama,חֹטֶם,khótem,xaṭama,direct_cognate_ar→he;lemma_promoted
خَطَّاء,ḵaṭṭāʔ,חוֹטֵא,khoté,xaṭṭaʔ,root_family
خَطَّمَ,ḵaṭṭama,חֹטֶם,khótem,xaṭama,direct_cognate_ar→he;lemma_promoted
خَطِئَ,ḵaṭiʔa,חִטֵּא,khité,xaṭiʔa,lemma_promoted
خَطِئَ,ḵaṭiʔa,חֵטְא,khet,xaṭiʔa,direct_cognate_he→ar;lemma_promoted
خَطِئَ,ḵaṭiʔa,חַטָּא,khatá,xaṭiʔa,direct_cognate_he→ar;lemma_promoted
خَطِئَ,ḵaṭiʔa,חָטָא,khatá,xaṭiʔa,direct_cognate_ar→he;direct_cognate_he→ar;lemma_promoted
خَطِفَ,ḵaṭifa,חֲטָף,khatáf,xaṭifa,direct_cognate_he→ar;lemma_promoted
خَطِفَ,ḵaṭifa,חָטַף,chatáf,xaṭifa,direct_cognate_ar→he;direct_cognate_he→ar;lemma_promoted
خَطِيئَة,ḵaṭīʔa,חֵטְא,khet,xaṭiʔ,root_family
خَطِيئَة,ḵaṭīʔa,חַטָּאת,khatát,xaṭiʔ,root_family
خَطِيئَة,ḵaṭīʔa,חוֹטֵא,khoté,xaṭiʔ,root_family
خَطْف,ḵaṭf,חֲטָף,khatáf,xaṭifa,direct_cognate_he→ar
خَطْف,ḵaṭf,חָטַף,chatáf,xaṭifa,direct_cognate_he→ar
خَطْم,ḵaṭm,חֹטֶם,khótem,xaṭama,direct_cognate_ar→he
خَفَر,ḵafar,חָפֵר,khafér,xapar,shared_borrowing_source
خَفَرَ,ḵafara,חָפֵר,khafér,xapar,shared_borrowing_source;lemma_promoted
خَفِر,ḵafir,חָפֵר,khafér,xapar,lemma_promoted
خَفِرَ,ḵafira,חָפֵר,khafér,xapar,direct_cognate_he→ar;shared_borrowing_source;lemma_promoted
خَفْر,ḵafr,חָפֵר,khafér,xapar,lemma_promoted
خَلَاص,ḵalāṣ,חָלָס,ḥálas,xalaṣ,shared_borrowing_source
خَلَد,ḵalad,חֶלֶד,khéled,xalad,direct_cognate_he→ar
خَلَد,ḵalad,חֹלֶד,khóled,xalad,direct_cognate_he→ar
خَلَدَ,ḵalada,הֶחְלִיד,hekhlíd,xalada,root_family
خَلَدَ,ḵalada,חֶלֶד,khéled,xalada,direct_cognate_ar→he;direct_cognate_he→ar
خَلَدَ,ḵalada,חֹלֶד,khóled,xalada,direct_cognate_ar→he;direct_cognate_he→ar
خَلَفَ,ḵalafa,חָלַף,khaláf,xalap,direct_cognate_he→ar;shared_borrowing_source
خَلَل,ḵalal,חָלָל,khalál,xalal,lemma_promoted
خَلَّ,ḵalla,חַלּוֹן,khalón,xallan,direct_cognate_he→ar
خَلَّ,ḵalla,חָלִילָה,khalíla,xallal,lemma_promoted
خَلَّ,ḵalla,חָלָל,khalál,xallal,lemma_promoted
خَلَّال,ḵallāl,חָלָל,khalál,xallal,direct_cognate_he→ar
خَلَّة,ḵalla,חָלָל,khalál,xalall,lemma_promoted
خَلَّدَ,ḵallada,חֶלֶד,khéled,xalada,direct_cognate_ar→he;direct_cognate_he→ar
خَلَّدَ,ḵallada,חֹלֶד,khóled,xalada,direct_cognate_ar→he;direct_cognate_he→ar
خَلَّلَ,ḵallala,חָלָל,khalál,xalala,lemma_promoted
خَلّ,ḵall,חָלִילָה,khalíla,xallal,direct_cognate_he→ar
خَلّ,ḵall,חָלָל,khalál,xallal,lemma_promoted
خَمَرَ,ḵamara,חֵמָר,khemár,xamara,lemma_promoted
خَمَرَ,ḵamara,חֶמֶר,khémer,xamara,lemma_promoted
خَمَرَ,ḵamara,חֹמֶר,khómer,xamara,lemma_promoted
خَمَّار,ḵammār,חֶמֶר,khémer,xammar,root_family
خَمَّرَ,ḵammara,חֵמָר,khemár,xamara,lemma_promoted
خَمَّرَ,ḵammara,חֶמֶר,khémer,xamara,lemma_promoted
خَمَّرَ,ḵammara,חֹמֶר,khómer,xamara,lemma_promoted
خَمِير,ḵamīr,מַחְמִיר,makhmír,maximmir,root_family
خَمِيرَة,ḵamīra,חֶמֶר,khémer,xamir,root_family
خَمْر,ḵamr,חֵמָר,khemár,xamara,direct_cognate_he→ar
خَمْر,ḵamr,חֶמֶר,khémer,xamara,direct_cognate_he→ar
خَمْر,ḵamr,חֹמֶר,khómer,xamara,direct_cognate_he→ar
خَمْس,ḵams,חֲמִישָּׁה,khamishá,xamš,shared_borrowing_source;lemma_promoted
خَمْس,ḵams,חַמְסָה,khámsa,xamš,shared_borrowing_source
خَمْس,ḵams,חָמֵשׁ,khamésh,xamš,shared_borrowing_source
خَمْس,ḵams,חֻמָּשׁ,khumásh,xamš,shared_borrowing_source
خَمْسَة,ḵamsa,חֲמִישָּׁה,khamishá,xamš,shared_borrowing_source;lemma_promoted
خَمْسَة,ḵamsa,חַמְסָה,khámsa,xamsa,shared_borrowing_source;lemma_promoted
خَمْسَة,ḵamsa,חָמֵשׁ,khamésh,xamš,shared_borrowing_source;lemma_promoted
خَمْسَة,ḵamsa,חֻמָּשׁ,khumásh,xamš,shared_borrowing_source;lemma_promoted
خَمْسَةَ عَشَرَ,ḵamsata ʕašara,חֲמִישָּׁה,khamishá,xamsataʕašara,root_family
خَنَقَ,ḵanaqa,חָנַק,khanák,xanaqa,direct_cognate_ar→he;direct_cognate_he→ar
خَوْخ,ḵawḵ,חוֹחַ,khóakh,xawx,direct_cognate_ar→he;direct_cognate_he→ar;lemma_promoted
خَوْخَة,ḵawḵa,חוֹחַ,khóakh,xawx,direct_cognate_he→ar
خَوْر,ḵawr,חִוֵּר,khivér,xawir,lemma_promoted
خَوْر,ḵawr,חַוָּר,khavár,xawar,lemma_promoted
خَوْر,ḵawr,חָוַר,khavár,xawar,lemma_promoted
خَوْر,ḵawr,חֹר,khór,xawr,direct_cognate_ar→he
خَوْر,ḵawr,חוּר,khúr,xawr,lemma_promoted
خَيْزُرَان,ḵayzurān,חִזְרָן,khizran,xayzuran,direct_cognate_he→ar
خَيْزُرَان,ḵayzurān,חָזַר,chazár,xayzuran,direct_cognate_ar→he
خُرْشُوف,ḵuršūf,אַרְטִישׁוֹק,artishók,xaršup,shared_borrowing_source
خُرْشُوف,ḵuršūf,חֻרְשָׁף,khursháf,xaršup,direct_cognate_he→ar;shared_borrowing_source
خُرْطُوم,ḵurṭūm,חַרְטוֹם,khartóm,xurṭum,direct_cognate_ar→he;direct_cognate_he→ar
خُسُر,ḵusur,חִסָּרוֹן,khisarón,xasaran,lemma_promoted
خُسُر,ḵusur,חָסֵר,khasér,xasara,direct_cognate_ar→he;lemma_promoted
خُسُر,ḵusur,חוֹסֶר,khóser,xasara,lemma_promoted
خُسْر,ḵusr,חִסָּרוֹן,khisarón,xasaran,lemma_promoted
خُسْر,ḵusr,חָסֵר,khasér,xasara,direct_cognate_ar→he;lemma_promoted
خُسْر,ḵusr,חוֹסֶר,khóser,xasara,lemma_promoted
خُطُم,ḵuṭum,חֹטֶם,khótem,xuṭum,direct_cognate_ar→he;lemma_promoted
خُلَل,ḵulal,חָלָל,khalál,xulal,lemma_promoted
خُلَّة,ḵulla,חָלָל,khalál,xalull,lemma_promoted
خُلْد,ḵuld,חֶלֶד,khéled,xulid,direct_cognate_ar→he;direct_cognate_he→ar
خُلْد,ḵuld,חָלָל,khalál,xulad,direct_cognate_ar→he
خُلْد,ḵuld,חֹלֶד,khóled,xulid,direct_cognate_ar→he;direct_cognate_he→ar
خُمُر,ḵumur,חֵמָר,khemár,xumur,lemma_promoted
خُمُر,ḵumur,חֶמֶר,khémer,xumur,lemma_promoted
خُمُر,ḵumur,חֹמֶר,khómer,xumur,lemma_promoted
خِدْر,ḵidr,חֶדֶר,khéder,xidir,direct_cognate_ar→he;direct_cognate_he→ar
خِرْبَة,ḵirba,חָרְבָּה,khorbáh,xirbah,direct_cognate_he→ar
خِطَاب,ḵiṭāb,מִכְתָּב,mikhtáv,mixaṭaba,direct_cognate_ar→he
خِطَام,ḵiṭām,חֹטֶם,khótem,xiṭam,lemma_promoted
خِطْء,ḵiṭʔ,חֵטְא,khet,xaṭiʔa,direct_cognate_ar→he
خِطْء,ḵiṭʔ,חַטָּאת,khatát,xaṭiʔa,root_family
خِطْء,ḵiṭʔ,חוֹטֵא,khoté,xaṭiʔa,root_family
خِطْر,ḵiṭr,חֹטֶר,khóter,xiṭir,direct_cognate_he→ar
خِطْمِيّ,ḵiṭmiyy,חֶלְמִית,khelmít,xiṭmiyy,direct_cognate_ar→he
خِلَال,ḵilāl,חָלָל,khalál,xalal,direct_cognate_he→ar
خِلَالَ,ḵilāla,חָלָל,khalál,xilala,direct_cognate_he→ar
خِلَل,ḵilal,חָלָל,khalál,xilal,lemma_promoted
خِلَّة,ḵilla,חָלָל,khalál,xillal,lemma_promoted
خِلّ,ḵill,חָלִילָה,khalíla,xalill,lemma_promoted
خِلّ,ḵill,חָלָל,khalál,xillal,lemma_promoted
خِنْزِير,ḵinzīr,חֲזִיר,khazír,xinzir,direct_cognate_ar→he;direct_cognate_he→ar
خْشَايَارْشَا,ḵšāyāršā,אֲחַשְׁוֵרוֹשׁ,Akhashverósh,xšayarša,shared_borrowing_source
خْشَايَارْشَا,ḵšāyāršā,חְשַׁיָארְשָׁ,kh'shayársha,xšayarša,shared_borrowing_source
دَار,dār,דִּירָה,dirá,dara,direct_cognate_he→ar
دَارْصِينِيّ,dārṣīniyy,סִין,sin,tsina,shared_borrowing_source
دَاعِش,dāʕiš,דָאעֵ״ש,"dá'e""sh",daʕiš,shared_borrowing_source
دَانَ,dāna,דִּין,din,dana,lemma_promoted
دَانَ,dāna,דַּיָּן,dayán,dana,lemma_promoted
دَانَ,dāna,דָּן,dan,dana,direct_cognate_ar→he
دَانَ,dāna,דיין,dayán,dayna,lemma_promoted
دَانَ,dāna,נִדּוֹן,nidón,dana,root_family
دَانُوب,dānūb,הַיַּרְדֵּן,hayardén,dixnu,shared_borrowing_source
دَانُوب,dānūb,יַרְדֵּן,yardén,dixnu,shared_borrowing_source
دَاوُد,dāwud,דָּוִד,davíd,dawid,shared_borrowing_source
دَاوُود,dāwūd,דָּוִד,davíd,dawid,shared_borrowing_source
دَبَر,dabar,דִּבֵּר,dibér,dabara,direct_cognate_ar→he;lemma_promoted
دَبَرَ,dabara,דִּבֵּר,dibér,dabara,direct_cognate_ar→he;lemma_promoted
دَبَش,dabaš,דַּבֶּשֶׁת,dabéshet,dabašit,direct_cognate_he→ar
دَبَق,dabaq,דֶּבֶק,dévek,dabiqa,direct_cognate_ar→he
دَبَق,dabaq,דָּבַק,davák,dabiqa,direct_cognate_ar→he
دَبَّرَ,dabbara,דִּבֵּר,dibér,dabbara,direct_cognate_ar→he;lemma_promoted
دَبَّقَ,dabbaqa,דֶּבֶק,dévek,dabaqa,direct_cognate_ar→he;lemma_promoted
دَبَّقَ,dabbaqa,דָּבַק,davák,dabaqa,direct_cognate_ar→he;lemma_promoted
دَبُّور,dabbūr,דְּבוֹרָה,dvorá,dabr,direct_cognate_he→ar;shared_borrowing_source
دَبِر,dabir,דִּבֵּר,dibér,dabir,direct_cognate_ar→he;lemma_promoted
دَبِرَ,dabira,דִּבֵּר,dibér,dabira,direct_cognate_ar→he;lemma_promoted
دَبِق,dabiq,דֶּבֶק,dévek,dabiq,direct_cognate_ar→he;lemma_promoted
دَبِق,dabiq,דָּבִיק,davík,dabiq,root_family
دَبِق,dabiq,דָּבַק,davák,dabiq,direct_cognate_ar→he;lemma_promoted
دَبِقَ,dabiqa,דֶּבֶק,dévek,dabiqa,direct_cognate_ar→he;lemma_promoted
دَبِقَ,dabiqa,דָּבַק,davák,dabiqa,direct_cognate_ar→he;lemma_promoted
دَبْر,dabr,דִּבֵּר,dibér,dabara,direct_cognate_ar→he;lemma_promoted
دَحَا,daḥā,דָּחָה,dakhá,daxa,direct_cognate_he→ar
دَحَرَ,daḥara,דָּהַר,dahár,daxara,direct_cognate_he→ar
دَرَج,daraj,דֶּרֶג,déreg,darag,direct_cognate_ar→he;direct_cognate_he→ar;lemma_promoted
دَرَجَ,daraja,דֶּרֶג,déreg,daraga,direct_cognate_ar→he;lemma_promoted
دَرَقَة,daraqa,שַׁעַר,shá'ar,dwir,shared_borrowing_source
دَرَك,darak,דֶּרֶךְ,dérekh,darak,direct_cognate_ar→he
دَرَك,darak,דָּרַךְ,darákh,darak,direct_cognate_ar→he
دَرَّجَ,darraja,דֶּרֶג,déreg,daraga,direct_cognate_ar→he;lemma_promoted
دَرْبُوكَة,darbūka,דַּרְבּוּקָה,darbuka,darbuka,shared_borrowing_source
دَرْبِي,darbī,דֶּרְבִּי,dérbi,dɜrbi,shared_borrowing_source
دَرْج,darj,דֶּרֶג,déreg,daraga,direct_cognate_ar→he
دَسْت,dast,סְפּוֹרְט,spórt,dus,shared_borrowing_source
دَعَا,daʕā,אֶלְדָּעָה,Elda'a,ʔildaʕa,direct_cognate_he→ar
دَعَا,daʕā,יִדֵּעַ,yidéa,daʕa,direct_cognate_he→ar
دَعَا,daʕā,יֶדַע,yéda,daʕa,direct_cognate_he→ar
دَعَا,daʕā,יָדַע,yadá,daʕa,direct_cognate_he→ar
دَعَا,daʕā,יֻדַּע,yudá,daʕa,direct_cognate_he→ar
دَعَا,daʕā,יוֹדֵעַ,yodéa,daʕa,lemma_promoted
دَغْدَغَ,daḡdaḡa,דִּגְדֵּג,digdég,dagdaga,shared_borrowing_source
دَفْتَر,daftar,דִּפְתָּר,diftar,dptr,direct_cognate_he→ar;shared_borrowing_source
دَقَل,daqal,דִּגֵּל,digél,daqal,direct_cognate_he→ar
دَقَل,daqal,דֶּגֶל,dégel,daqal,direct_cognate_ar→he;direct_cognate_he→ar
دَقَل,daqal,דֶּקֶל,dékel,daqal,direct_cognate_he→ar
دَقِيق,daqīq,דַּק,dak,daqiq,direct_cognate_ar→he;direct_cognate_he→ar
دَقِيق,daqīq,דֹּק,dok,daqiq,direct_cognate_he→ar
دَقِيقَة,daqīqa,דַּק,dak,daqiq,lemma_promoted
دَقِيقَة,daqīqa,דַּקָּה,daká,daqiqa,direct_cognate_ar→he;direct_cognate_he→ar
دَقِيقَة,daqīqa,דֹּק,dok,daqiq,lemma_promoted
دَقّ,daqq,דַּקּוֹת,dakót,daqqa,root_family
دَكَّ,dakka,דִּכֵּא,diké,dakka,direct_cognate_ar→he;lemma_promoted
دَكّ,dakk,דִּכֵּא,diké,dakka,direct_cognate_ar→he
دَلَّاع,dallāʕ,דְּלַעַת,dlá'at,dallaʔaʕ,direct_cognate_he→ar
دَلَّى,dallā,דָּלָה,dalá,dala,direct_cognate_he→ar
دَلْو,dalw,דְּלִי,dli,daliw,direct_cognate_ar→he;direct_cognate_he→ar
دَم,dam,אָדָם,adám,dam,shared_borrowing_source
دَم,dam,דָּם,dam,dam,direct_cognate_he→ar;shared_borrowing_source
دَمَعَ,damaʕa,דָּמַע,damá',damaʕa,direct_cognate_he→ar
دَمْع,damʕ,דִּמְעָה,dim'á,damʕ,direct_cognate_ar→he;direct_cognate_he→ar
دَمْعَة,damʕa,דִּמְעָה,dim'á,damʕa,direct_cognate_ar→he
دَوَاة,dawāh,דְּיוֹ,dyó,dawah,direct_cognate_ar→he;direct_cognate_he→ar
دَيَّان,dayyān,דִּין,din,dayyan,root_family
دَيَّان,dayyān,דַּיָּן,dayán,dayyan,direct_cognate_he→ar
دَيَّان,dayyān,דָּן,dan,dayyan,root_family
دَيَّان,dayyān,דיין,dayán,dayyan,direct_cognate_he→ar;lemma_promoted
دَيْسَق,daysaq,דִּיסְק,disk,diskas,shared_borrowing_source
دُبّ,dubb,דֹּב,dov,dubb,direct_cognate_ar→he;shared_borrowing_source
دُبّ,dubb,דּוֹב,dov,dubb,direct_cognate_ar→he;shared_borrowing_source;lemma_promoted
دُبْر,dubr,דִּבֵּר,dibér,dubar,direct_cognate_ar→he;lemma_promoted
دُخَس,duḵas,תַּחַשׁ,tákhash,duxas,direct_cognate_he→ar
دُخْن,duḵn,דֹּחַן,dóchan,duxan,direct_cognate_ar→he
دُخْن,duḵn,טָחַן,takhán,ṭaxan,shared_borrowing_source
دُرَج,duraj,דֶּרֶג,déreg,durag,lemma_promoted
دُرْج,durj,דֶּרֶג,déreg,durig,direct_cognate_ar→he;lemma_promoted
دُرْيَن,duryan,דוּרִיאַן,duri'an,duarian,shared_borrowing_source
دُسْتُور,dustūr,בַּר,bar,bir,shared_borrowing_source
دُسْتُور,dustūr,בָּאר,bár,bir,shared_borrowing_source
دُسْتُور,dustūr,בָּר,bar,bir,shared_borrowing_source
دُسْتُور,dustūr,בּוֹר,bór,bir,shared_borrowing_source
دُسْتُور,dustūr,גִּזְבָּר,gizbár,bir,shared_borrowing_source
دُكّ,dukk,דִּכֵּא,diké,dukki,direct_cognate_ar→he;lemma_promoted
دُكْتور,duktōr,דּוֹקְטוֹר,dóktor,daktiur,shared_borrowing_source
دُلْب,dulb,דֹּלֶב,dólev,dulib,direct_cognate_he→ar
دُمْيَة,dumya,אָדָם,adám,ʔadumy,direct_cognate_he→ar
دُوش,dūš,דּוּשׁ,dush,duš,shared_borrowing_source
دُول,dūl,דּוֹל,dol,daul,shared_borrowing_source
دُولَار,dōlār,דּוֹלָר,dólar,dalar,shared_borrowing_source
دُومَان,dūmān,אַנְטֶנָה,anténa,tin,shared_borrowing_source
دُومَان,dūmān,טֶנְדֶּר,ténder,tin,shared_borrowing_source
دُومَان,dūmān,טַיְץ,táyts,tin,shared_borrowing_source
دُومَان,dūmān,תַּיִל,táyil,tin,shared_borrowing_source
دِبْر,dibr,דִּבֵּר,dibér,dibar,direct_cognate_ar→he;lemma_promoted
دِبْس,dibs,דְּבַשׁ,dvash,dibš,direct_cognate_he→ar;shared_borrowing_source
دِبْق,dibq,דֶּבֶק,dévek,dibaq,direct_cognate_ar→he;direct_cognate_he→ar;lemma_promoted
دِبْق,dibq,דָּבַק,davák,dibaq,direct_cognate_ar→he;direct_cognate_he→ar;lemma_promoted
دِبْق,dibq,הִדְבִּיק,hidbík,dibq,root_family
دِبْقِيّ,dibqiyy,דָּבִיק,davík,dibiq,root_family
دِجْلَة,dijla,חִדֶּקֶל,khidékel,ʔidiqlat,direct_cognate_ar→he;direct_cognate_he→ar;shared_borrowing_source
دِفْلَى,diflā,דַּפְנָה,dafná,dapni,shared_borrowing_source
دِقَاق,diqāq,דַּקִּיק,dakík,diqaq,root_family
دِقَاق,diqāq,דַּקּוֹת,dakót,diqaq,root_family
دِكْتَاتُور,diktātūr,דִּיקְטָטוּר,diktator,diktatar,direct_cognate_he→ar;shared_borrowing_source
دِلْهِي,dilhī,דֵלְהִי,delhī,dili,shared_borrowing_source
دِمْن,dimn,דֹּמֶן,dómen,dimin,direct_cognate_ar→he;direct_cognate_he→ar
دِهْلِي,dihlī,דֵלְהִי,delhī,dihli,shared_borrowing_source
دِيس,dīs,דֶּשֶׁא,déshe,dasʔ,shared_borrowing_source
دِيس,dīs,דָּשָׁא,dashá,dasʔ,shared_borrowing_source
دِيسِمْبِر,dīsimbir,דֵּצֶמְבֶּר,detsémber,dikimbir,shared_borrowing_source
دِين,dīn,דִּין,din,dana,direct_cognate_ar→he;direct_cognate_he→ar
دِين,dīn,דַּיָּן,dayán,dana,direct_cognate_he→ar
دِين,dīn,דיין,dayán,dayna,lemma_promoted
دِيناصُور,dīnāṣūr,בּוֹנוּס,bónus,dwiy,shared_borrowing_source
دِيوَان,dīwān,דַּף,dáf,ṭuppum,shared_borrowing_source
ذَا,ḏā,אֵלֶּה,éle,ʔiza,lemma_promoted
ذَا,ḏā,זֶה,ze,za,direct_cognate_ar→he;direct_cognate_he→ar;shared_borrowing_source;lemma_promoted
ذَاكِرَة,ḏākira,זִכָּרוֹן,zikarón,zakiran,root_family
ذَاكِرَة,ḏākira,מַזְכֶּרֶת,mazkéret,zazkirit,root_family
ذَبَحَ,ḏabaḥa,זָבַח,zavákh,zabaxa,direct_cognate_ar→he;lemma_promoted
ذَبَّحَ,ḏabbaḥa,זָבַח,zavákh,zabaxa,direct_cognate_ar→he;lemma_promoted
ذَبْح,ḏabḥ,זָבַח,zavákh,zabaxa,direct_cognate_ar→he
ذَقَن,ḏaqan,זָקֵן,zakén,zaqan,direct_cognate_he→ar;shared_borrowing_source
ذَقَن,ḏaqan,זָקַן,zakán,zaqan,direct_cognate_he→ar;shared_borrowing_source
ذَقَن,ḏaqan,זָקָן,zakán,zaqan,direct_cognate_ar→he;direct_cognate_he→ar;shared_borrowing_source
ذَكَر,ḏakar,זֵכֶר,zékher,zakar,lemma_promoted
ذَكَر,ḏakar,זָכָר,zakhár,zikar,direct_cognate_ar→he;shared_borrowing_source
ذَكَرَ,ḏakara,הִזְכִּיר,hizkír,zakara,root_family
ذَكَرَ,ḏakara,הֻזְכַּר,huzkár,huzakara,root_family
ذَكَرَ,ḏakara,זִכָּרוֹן,zikarón,zakaran,root_family
ذَكَرَ,ḏakara,זֵכֶר,zékher,zakara,direct_cognate_he→ar;lemma_promoted
ذَكَرَ,ḏakara,זָכַר,zakhár,zakara,direct_cognate_ar→he;direct_cognate_he→ar
ذَكَرَ,ḏakara,מַזְכֶּרֶת,mazkéret,zazkarat,root_family
ذَكَرَ,ḏakara,נִזְכַּר,nizkár,zakara,root_family
ذَكَرِيّ,ḏakariyy,זִכְרִי,zikhrí,zakari,root_family
ذَكَرِيّ,ḏakariyy,זָכָר,zakhár,zakar,root_family
ذَكَّرَ,ḏakkara,זֵכֶר,zékher,zakara,lemma_promoted
ذَنَب,ḏanab,זָנָב,zanáv,zanab,direct_cognate_he→ar;shared_borrowing_source
ذَهَب,ḏahab,זָהָב,zaháv,zahab,direct_cognate_ar→he;direct_cognate_he→ar
ذُبَاب,ḏubāb,זְבוּב,zvuv,zubab,direct_cognate_ar→he;direct_cognate_he→ar;shared_borrowing_source
ذُنَابَى,ḏunābā,זָנָב,zanáv,zunaba,root_family
ذُو,ḏū,זֶה,ze,za,direct_cognate_ar→he;lemma_promoted
ذِئْب,ḏiʔb,זְאֵב,zəʔeḇ,ziʔb,shared_borrowing_source
ذِبْح,ḏibḥ,זָבַח,zavákh,zibax,direct_cognate_ar→he;lemma_promoted
ذِرَاع,ḏirāʕ,זְרוֹעַ,z'róa',ziraʕ,direct_cognate_ar→he;direct_cognate_he→ar
ذِكْر,ḏikr,זֵכֶר,zékher,zakara,direct_cognate_ar→he
ذِكْرَى,ḏikrā,הִזְכִּיר,hizkír,zikra,root_family
ذِكْرَى,ḏikrā,הֻזְכַּר,huzkár,huzikara,root_family
ذِكْرَى,ḏikrā,זִכָּרוֹן,zikarón,zikaran,root_family
ذِكْرَى,ḏikrā,מַזְכֶּרֶת,mazkéret,zizkirat,root_family
رَأَى,raʔā,רֵאָה,re'á,raʔa,lemma_promoted
رَأَى,raʔā,רָאָה,ra'á,raʔa,direct_cognate_he→ar
رَأَى,raʔā,רוֹאֶה,ro'é,raʔa,lemma_promoted
رَأَى,raʔā,רוֹאָה,ro'á,raʔa,lemma_promoted
رَأْس,raʔs,מַרְאָשׁוֹת,mar'ashot,maraʔs,root_family
رَأْس,raʔs,רִאשׁוֹן,rishón,raʔš,shared_borrowing_source
رَأْس,raʔs,רִאשׁוֹנָה,rishoná,raʔas,root_family
رَأْس,raʔs,רֵאשִׁית,reshít,raʔš,shared_borrowing_source
رَأْس,raʔs,רָאשִׁים,rashím,raʔš,shared_borrowing_source
رَأْس,raʔs,רָאשׁוּת,rashút,raʔus,root_family
رَأْس,raʔs,רָשׁוּת,rashút,raʔus,root_family
رَأْس,raʔs,רֹאשׁ,rosh,raʔš,direct_cognate_he→ar;shared_borrowing_source;lemma_promoted
رَأْس السَّنَة,raʔs as-sana,רֹאשׁ הַשָּׁנָה,rosh-hashaná,raš hašana,direct_cognate_he→ar;shared_borrowing_source
رَئِيس,raʔīs,רִאשׁוֹן,rishón,raʔis,root_family
رَئِيس,raʔīs,רִאשׁוֹנִי,rishoní,raʔis,root_family
رَئِيس,raʔīs,רָאשׁוּת,rashút,raʔis,root_family
رَئِيس,raʔīs,רָשׁוּת,rashút,raʔis,root_family
رَابِع,rābiʕ,מְרֻבָּע,m'rubá',mrabiʕ,root_family
رَابِع,rābiʕ,רְבִיעִי,r'vi'í,rabiʕ,root_family
رَابِعَ عَشَرَ,rābiʕa ʕašara,מְרֻבָּע,m'rubá',rabiʕaʕašara,root_family
رَابِعَ عَشَرَ,rābiʕa ʕašara,עֲשִׂירִי,asirí,rabiʕaʕasara,root_family
رَابِعَ عَشَرَ,rābiʕa ʕašara,רְבִיעִי,r'vi'í,rabiʕaʕašara,root_family
رَاجْشَاهِي,rājšāhī,צֶ׳ק,chek,šah,shared_borrowing_source
رَاحَة,rāḥa,מִרְוָח,mirvakh,mirwaxa,root_family
رَاحَة,rāḥa,רְוָחָה,revakhá,riwaxaa,root_family
رَاحَة,rāḥa,רוּחַ,rúakh,ruaxa,root_family
رَاحِيل,rāḥīl,רָחֵל,rakhél,raxil,shared_borrowing_source
رَاضٍ,rāḍin,מְרֻצֶּה,m'rutsé,mraṣin,root_family
رَاضٍ,rāḍin,רָצוּי,ratsúy,raṣin,root_family
رَاعٍ,rāʕin,רֹעֶה,ro'é,raʕin,direct_cognate_he→ar
رَامٍ,rāmin,רָם,rám,rayam,lemma_promoted
رَامَ,rāma,רָם,rám,rayam,shared_borrowing_source;lemma_promoted
رَامَ اللّٰه,rāma llāh,רמאללה,ramálla,ram allah,shared_borrowing_source
رَبَا,rabā,רְבָב,r'váv,rwaba,direct_cognate_ar→he
رَبَض,rabaḍ,רָבַץ,raváts,rabaṣ,direct_cognate_ar→he
رَبَضَ,rabaḍa,רָבַץ,raváts,rabaṣa,direct_cognate_ar→he
رَبَّ,rabba,הִרְבָּה,hirbá,harabba,root_family
رَبَّ,rabba,הִתְרַבָּה,hit'rabá,rabba,root_family
رَبَّ,rabba,רִבּוֹן,ribón,rabban,root_family
رَبَّ,rabba,רַב,ráv,rabb,shared_borrowing_source;lemma_promoted
رَبَّ,rabba,רֹב,rov,rabb,shared_borrowing_source;lemma_promoted
رَبَّ,rabba,רב,ráv-,rabb,shared_borrowing_source;lemma_promoted
رَبَّان,rabbān,רִבּוֹן,ribón,rabban,direct_cognate_ar→he
رَبَّبَ,rabbaba,הִרְבָּה,hirbá,rababa,root_family
رَبَّضَ,rabbaḍa,רָבַץ,raváts,rabaṣa,direct_cognate_ar→he
رَبّ,rabb,רַב,ráv,rabb,shared_borrowing_source
رَبّ,rabb,רֹב,rov,rabb,shared_borrowing_source
رَبّ,rabb,רב,ráv-,rabb,shared_borrowing_source
رَتَم,ratam,רֹתֶם,rótem,ratam,direct_cognate_ar→he;lemma_promoted
رَتَمَ,ratama,רֹתֶם,rótem,ratama,direct_cognate_ar→he;lemma_promoted
رَتْم,ratm,רֹתֶם,rótem,ratama,direct_cognate_ar→he
رَجَم,rajam,רָגַם,ragám,rajam,direct_cognate_ar→he;lemma_promoted
رَجَمَ,rajama,רָגַם,ragám,rajama,direct_cognate_ar→he;direct_cognate_he→ar;lemma_promoted
رَجْم,rajm,רָגַם,ragám,rajama,direct_cognate_ar→he
رَحَضَ,raḥaḍa,הִתְרַחֵץ,hitrakhéts,raxaṣa,root_family
رَحَضَ,raḥaḍa,רָחַץ,rakháts,raxaṣa,direct_cognate_ar→he
رَحَّمَ,raḥḥama,רַחְמָנוּת,rakhmanút,raxmamat,lemma_promoted
رَحَّمَ,raḥḥama,רַחֲמִים,rakhamím,raxama,lemma_promoted
رَحِبَ,raḥiba,רָחָב,rakháv,raxiba,direct_cognate_ar→he
رَحِبَ,raḥiba,רֹחַב,rókhav,raxiba,direct_cognate_ar→he
رَحِم,raḥim,רֶחֶם,rékhem,raxim,direct_cognate_he→ar
رَحِم,raḥim,רַחְמָנוּת,rakhmanút,raxmimut,lemma_promoted
رَحِم,raḥim,רַחֲמִים,rakhamím,raxim,lemma_promoted
رَحِمَ,raḥima,רִחֵם,rikhém,raxima,direct_cognate_ar→he;direct_cognate_he→ar
رَحِمَ,raḥima,רֶחֶם,rékhem,raxima,direct_cognate_ar→he
رَحِمَ,raḥima,רַחְמָנוּת,rakhmanút,raximanut,lemma_promoted
رَحِمَ,raḥima,רַחֲמִים,rakhamím,raxima,lemma_promoted
رَحِمَ,raḥima,רַחוּם,rakhúm,raxima,root_family
رَحِمَ,raḥima,רָחַם,rakhám,raxima,direct_cognate_ar→he;direct_cognate_he→ar
رَحِمَ,raḥima,רֻחַם,rukhám,raxima,direct_cognate_ar→he;direct_cognate_he→ar
رَحِيم,raḥīm,רַחוּם,rakhúm,raxim,direct_cognate_he→ar
رَحْب,raḥb,רָחָב,rakháv,raxab,direct_cognate_ar→he;direct_cognate_he→ar
رَحْب,raḥb,רֹחַב,rókhav,raxab,direct_cognate_he→ar
رَحْمَة,raḥma,רַחְמָנוּת,rakhmanút,raximanut,direct_cognate_he→ar
رَحْمَة,raḥma,רַחֲמִים,rakhamím,raxima,direct_cognate_ar→he;direct_cognate_he→ar
رَحْمَة,raḥma,רַחוּם,rakhúm,raxima,root_family
رَحْمٰن,raḥmān,רַחוּם,rakhúm,raxman,root_family
رَدَفَ,radafa,רָדַף,radáf,radafa,direct_cognate_ar→he;direct_cognate_he→ar
رَسَمَ,rasama,רָשַׁם,rashám,rasama,direct_cognate_ar→he;direct_cognate_he→ar;lemma_promoted
رَسَمَ,rasama,רֹשֶׁם,róshem,rasama,direct_cognate_he→ar
رَسَّمَ,rassama,רָשַׁם,rashám,rasama,direct_cognate_ar→he;lemma_promoted
رَسْم,rasm,רָשַׁם,rashám,rasama,direct_cognate_ar→he
رَسْمِيّ,rasmiyy,רִשְׁמִי,rishmí,rasmiyy,shared_borrowing_source
رَصَفَ,raṣafa,רֶצֶף,rétsef,raṣafa,direct_cognate_ar→he;lemma_promoted
رَصَّفَ,raṣṣafa,רֶצֶף,rétsef,raṣafa,direct_cognate_ar→he;lemma_promoted
رَصِيف,raṣīf,רֶצֶף,rétsef,raṣif,lemma_promoted
رَصْف,raṣf,רֶצֶף,rétsef,raṣafa,direct_cognate_ar→he
رَضِيَ,raḍiya,רִיצָה,ritsá,raṣiya,lemma_promoted
رَضِيَ,raḍiya,רִצָּה,ritsá,raṣiya,direct_cognate_he→ar
رَضِيَ,raḍiya,רָצָה,ratsá,raṣiya,direct_cognate_ar→he;direct_cognate_he→ar
رَضِيَ,raḍiya,רָצוֹן,ratzón,raṣiya,root_family
رَطْب,raṭb,רָטֹב,ratóv,raṭab,direct_cognate_he→ar
رَطْب,raṭb,רָטוּב,ratúv,raṭab,direct_cognate_he→ar;lemma_promoted
رَعَدَ,raʕada,רָעַד,ra'ád,raʕada,direct_cognate_ar→he
رَعَى,raʕā,מִרְעֶה,mir'é,raʕa,lemma_promoted
رَعْشَة,raʕša,רַעַשׁ,rá'ash,raʕaš,direct_cognate_ar→he
رَعْشَة,raʕša,רָעַשׁ,ra'ásh,raʕaš,direct_cognate_ar→he
رَغُبَ,raḡuba,רָעַב,ra'áv,ragiba,direct_cognate_ar→he
رَغِبَ,raḡiba,רָעֵב,ra'év,ragiba,direct_cognate_he→ar
رَغِبَ,raḡiba,רָעַב,ra'áv,ragiba,direct_cognate_ar→he;direct_cognate_he→ar
رَغِبَ,raḡiba,רָעָב,ra'áv,ragiba,direct_cognate_he→ar
رَفَأَ,rafaʔa,רִפֵּא,ripé,rafaʔa,direct_cognate_he→ar
رَفَأَ,rafaʔa,רָפָא,rafá,rafaʔa,direct_cognate_he→ar
رَفَأَ,rafaʔa,רֻפָּא,rupá,rapaʔa,direct_cognate_he→ar
رَفَأَ,rafaʔa,רוֹפֵא,rofé,rafaʔa,lemma_promoted
رَفُهَ,rafuha,רָפָה,rafá,rafuha,direct_cognate_ar→he
رَقَصَ,raqaṣa,רָקַד .,raqád,raqaṣa,direct_cognate_ar→he;direct_cognate_he→ar
رَقَف,raqaf,רַקֶּפֶת,rakéfet,raqafit,direct_cognate_he→ar
رَقِيع,raqīʕ,רָקִיעַ,rakía',rakiaʕ,shared_borrowing_source
رَقِيق,raqīq,רַךְ,rakh,raqiq,direct_cognate_ar→he
رَكَضَ,rakaḍa,הֵרִיץ,heríts,rakaṣa,root_family
رَكَضَ,rakaḍa,רָץ,rats,rakaṣa,direct_cognate_ar→he
رَكَعَ,rakaʕa,כָּרַע,karáʿ,rakaʕa,direct_cognate_ar→he
رَكِبَ,rakiba,רֶכֶב,rékhev,rakiba,direct_cognate_he→ar
رَكِبَ,rakiba,רָכַב,rakháv,rakiba,direct_cognate_ar→he;direct_cognate_he→ar
رَمَزَ,ramaza,רָמַז,ramáz,ramaza,direct_cognate_ar→he
رَمْز,ramz,רֶמֶז,rémez,ramiz,direct_cognate_ar→he;direct_cognate_he→ar
رَمْز,ramz,רָמַז,ramáz,ramaz,direct_cognate_he→ar
رَنَّ,ranna,גַּרְעִין,gar'ín,kirx,lemma_promoted
رَنَّة,ranna,גַּרְעִין,gar'ín,kirx,shared_borrowing_source
رَنْد,rand,נֵרְדְּ,nerd,rand,direct_cognate_ar→he
رَهِبَ,rahiba,רַהַב,ráhav,rahiba,direct_cognate_ar→he
رَوَى,rawā,יָרָה,yará,rawa,direct_cognate_he→ar
رَيَّحَ,rayyaḥa,רְוָחָה,revakhá,rayaxa,root_family
رَيْحَان,rayḥān,רֵיחָן,rēḥán,rayxan,shared_borrowing_source
رَيْم,raym,מָרוֹם,maróm,marama,root_family
رَيْم,raym,רָם,rám,rayam,direct_cognate_ar→he;shared_borrowing_source
رَيْم,raym,רָמָה,ramá,rama,root_family
رَيْم,raym,רוֹם,róm,rama,root_family
رُبَاع,rubāʕ,רְבִיעִיָּה,r'vi'iyá,rubaʔiʕ,root_family
رُبَاع,rubāʕ,רֶבַע,réva,rubaʕ,root_family
رُبَاعِيّ,rubāʕiyy,מְרֻבָּע,m'rubá',mrubaʕ,root_family
رُبَاعِيّ,rubāʕiyy,רְבִיעִי,r'vi'í,rubaʕi,root_family
رُبَاعِيّ,rubāʕiyy,רְבִיעִיָּה,r'vi'iyá,rubaʔiʕ,root_family
رُبَاعِيّ,rubāʕiyy,רִבְעוֹן,rivon,rubaʕ,root_family
رُبَاعِيّ,rubāʕiyy,רֶבַע,réva,rubaʕ,root_family
رُبَّ,rubba,רַב,ráv,rabb,shared_borrowing_source;lemma_promoted
رُبَّ,rubba,רֹב,rov,rabb,shared_borrowing_source;lemma_promoted
رُبَّ,rubba,רב,ráv-,rabb,shared_borrowing_source;lemma_promoted
رُبَّان,rubbān,רִבּוֹן,ribón,rubban,direct_cognate_ar→he
رُبُع,rubuʕ,מְרֻבָּע,m'rubá',mrubuʕ,root_family
رُبُع,rubuʕ,רְבִיעִיָּה,r'vi'iyá,rubuʔiʕ,root_family
رُبُع,rubuʕ,רִבְעוֹן,rivon,rubuʕ,root_family
رُبُع,rubuʕ,רִבּוּעַ,ribúa',rubuaʕ,root_family
رُبُع,rubuʕ,רֶבַע,réva,rubuʕ,root_family
رُبُع,rubuʕ,רֹבַע,róva,rubuʕ,direct_cognate_ar→he
رُبّ,rubb,רַב,ráv,rabb,lemma_promoted
رُبّ,rubb,רֹב,rov,rabb,lemma_promoted
رُبّ,rubb,רב,ráv-,rabb,lemma_promoted
رُبْوَة,rubwa,רַבְּוַה,rabváh,rubwa,shared_borrowing_source
رُجُم,rujum,רָגַם,ragám,rujum,direct_cognate_ar→he;lemma_promoted
رُحْم,ruḥm,רַחְמָנוּת,rakhmanút,raximanut,lemma_promoted
رُحْم,ruḥm,רַחֲמִים,rakhamím,raxima,lemma_promoted
رُزّ,ruzz,אֶרֶז,érez,ʔaryzda,lemma_promoted
رُزّ,ruzz,אָרַז,aráz,ʔaryzda,lemma_promoted
رُزّ,ruzz,אֹרֶז,órez,ʔaryzda,shared_borrowing_source
رُزّ,ruzz,אוֹרֵז,orez,ʔaryzda,shared_borrowing_source;lemma_promoted
رُصُف,ruṣuf,רֶצֶף,rétsef,ruṣuf,direct_cognate_ar→he;lemma_promoted
رُكْبَة,rukba,בֶּרֶךְ,bérekh,birk,shared_borrowing_source
رُكْبَة,rukba,בָּרַךְ,barákh,birk,shared_borrowing_source
رُمَّان,rummān,רִמּוֹן,rimón,rumman,direct_cognate_he→ar
رُمْح,rumḥ,רֹמַח,rómakh,rumax,direct_cognate_ar→he;direct_cognate_he→ar
رُوبُوت,rōbōt,רוֹבּוֹט,robot,rabat,shared_borrowing_source
رُوبِيَان,rūbiyān,אַרְבֶּה,arbé,ʔirbay,shared_borrowing_source
رُوح,rūḥ,רֶוַח,révakh,rux,direct_cognate_he→ar;shared_borrowing_source
رُوح,rūḥ,רוֹוֵחַ,rovéakh,rux,lemma_promoted
رُوح,rūḥ,רוּחַ,rúakh,rux,direct_cognate_ar→he;direct_cognate_he→ar;shared_borrowing_source
رُوحَانِيّ,rūḥāniyy,רוֹוֵחַ,rovéakh,ruxian,root_family
رُوحَانِيّ,rūḥāniyy,רוּחָנִי,rukhaní,ruxani,direct_cognate_ar→he;direct_cognate_he→ar
رُوم,rūm,רומנוס,romanos,ramanus,shared_borrowing_source
رُومَا,rūmā,רוֹמִי,rómi,rama,shared_borrowing_source
رُومَا,rūmā,רוֹמָא,róma,rama,shared_borrowing_source
رُومَان,rūmān,רומנוס,romanos,ramanus,shared_borrowing_source
رُومِيَة,rūmiya,רוֹמִי,rómi,rami,shared_borrowing_source
رُومِيَة,rūmiya,רוֹמָא,róma,rama,shared_borrowing_source
رِئَة,riʔa,רֵאָה,re'á,riʔa,direct_cognate_ar→he;direct_cognate_he→ar
رِبًا,riban,רִבִּית,ribít,ribat,direct_cognate_ar→he
رِجْل,rijl,רֶגֶל,régel,rigl,shared_borrowing_source
رِضًا,riḍan,רִצָּה,ritsá,raṣiya,root_family
رِضَا,riḍā,רָצוֹן,ratzón,riṣan,root_family
رِضْوَان,riḍwān,רָץ,rats,raṣiya,root_family
رِطْل,riṭl,לִיטֶר,líter,litra,shared_borrowing_source
رِطْل,riṭl,לִירָה,líra,lizra,shared_borrowing_source
رِمْش,rimš,רִיס,ris,rims,direct_cognate_he→ar
رِنْكة,rinka,קוֹרוֹנָה,koróna,skir,shared_borrowing_source
رِيح,rīḥ,רוּחַ,rúakh,riax,root_family
رِيش,rīš,רֹאשׁ,rosh,raʔš,shared_borrowing_source
رِيق,rīq,רֹק,roq,riq,direct_cognate_he→ar
رِيق,rīq,רוֹק,roq,riq,lemma_promoted
رِيق,rīq,רווק,ravaq,riwaq,lemma_promoted
رِيم,rīm,רְאֵם,r'ém,rim,direct_cognate_he→ar
رِيم,rīm,רָם,rám,rayam,shared_borrowing_source
رِيُو دِي جَانِيرُو,riyō dī jānērō,רִיוּ דֵה זַ׳נֵירוּ,riu de janeiru,riu ji janiyru,shared_borrowing_source
زَان,zān,זָנָה,zaná,zan,lemma_promoted
زَان,zān,זוֹנֶה,zoné,zana,lemma_promoted
زَان,zān,זוֹנָה,zoná,zana,lemma_promoted
زَانٍ,zānin,זְנוּת,z'nut,zanin,root_family
زَانٍ,zānin,זָנָה,zaná,zanin,lemma_promoted
زَانٍ,zānin,זוֹנֶה,zoné,zanin,lemma_promoted
زَانٍ,zānin,זוֹנָה,zoná,zanin,lemma_promoted
زَانَ,zāna,זָנָה,zaná,zana,lemma_promoted
زَانَ,zāna,זוֹנֶה,zoné,zana,lemma_promoted
زَانَ,zāna,זוֹנָה,zoná,zana,lemma_promoted
زَانِيَة,zāniya,זָנָה,zaná,zana,lemma_promoted
زَانِيَة,zāniya,זוֹנֶה,zoné,zana,direct_cognate_he→ar
زَانِيَة,zāniya,זוֹנָה,zoná,zanaa,direct_cognate_he→ar
زَاوِيَة,zāwiya,זָוִית,zavít,zawiy,direct_cognate_he→ar
زَبَرْجَد,zabarjad,אִזְמַרְגָּד,izmargád,zmaragdas,shared_borrowing_source
زَبَّلَ,zabbala,זֶבֶל,zével,zabala,direct_cognate_ar→he
زَبُور,zabūr,דִּבּוּר,dibúr,zabur,direct_cognate_ar→he
زَبُور,zabūr,זָמַר,zamár,zamar,shared_borrowing_source
زَجَّاج,zajjāj,זְכוּכִית,zkhukhít,zxujaj,lemma_promoted
زَجَّاجَة,zajjāja,זְכוּכִית,zkhukhít,zxujaj,direct_cognate_ar→he
زَحَلَ,zaḥala,זַחַל,zákhal,zaxala,direct_cognate_ar→he
زَحَلَ,zaḥala,זָחַל,zakhál,zaxala,direct_cognate_ar→he
زَدْوَار,zadwār,קוֹד,kód,git,shared_borrowing_source
زَرَافَة,zarāfa,גִ׳ירָפָה,jiráfa,zarapa,shared_borrowing_source
زَرَعَ,zaraʕa,זֶרַע,zéra',zarʕ,direct_cognate_ar→he;direct_cognate_he→ar;shared_borrowing_source
زَرَعَ,zaraʕa,זָרַע,zará',zarʕ,direct_cognate_he→ar;shared_borrowing_source
زَرْقُون,zarqūn,זַ׳רְגּוֹן,zhargón,zarqun,shared_borrowing_source
زَرْقُون,zarqūn,כְּלוֹר,klór,gilʕ,shared_borrowing_source
زَعَق,zaʕaq,זָעַק,za'ák,zaʕaqa,direct_cognate_ar→he;lemma_promoted
زَعَقَ,zaʕaqa,זָעַק,za'ák,zaʕaqa,direct_cognate_ar→he;lemma_promoted
زَعَّقَ,zaʕʕaqa,זָעַק,za'ák,zaʕaqa,direct_cognate_ar→he;lemma_promoted
زَعُقَ,zaʕuqa,זָעַק,za'ák,zaʕuqa,direct_cognate_ar→he;lemma_promoted
زَعِق,zaʕiq,זָעַק,za'ák,zaʕiq,direct_cognate_ar→he;lemma_promoted
زَعِقَ,zaʕiqa,זָעַק,za'ák,zaʕiqa,direct_cognate_ar→he;lemma_promoted
زَعْتَر,zaʕtar,הֲדַס,haḏás,zaʕtar,direct_cognate_he→ar
زَعْتَر,zaʕtar,זַעְתָּר,zá'tar,zaʕtar,shared_borrowing_source
زَعْتَر,zaʕtar,צַתְרָה,tsatra,zaʕtar,direct_cognate_ar→he
زَعْزَعَ,zaʕzaʕa,הִזְדַּעֲזֵעַ,hizda'azéa',zaʕzaʔaʕia,root_family
زَعْزَعَ,zaʕzaʕa,הִזְדַּעַזְעוּת,hizda'az'ut,zaʕzaʔaʕat,root_family
زَعْزَعَ,zaʕzaʕa,זְוָעָה,zva'á,zaʕzaʕa,direct_cognate_he→ar
زَعْزَعَ,zaʕzaʕa,זִעְזֵעַ,zi'zéa',zaʕzaʕa,direct_cognate_ar→he;direct_cognate_he→ar
زَعْزَعَ,zaʕzaʕa,זַעֲזוּעַ,za'azúa',zaʕzaʕua,root_family
زَعْزَعَ,zaʕzaʕa,זֻעְזַע,zu'za',zaʕzaʕa,root_family
زَعْفَرَان,zaʕfarān,זְעַפְרָן,ze'afrán,zaʕparan,shared_borrowing_source
زَعْق,zaʕq,זָעַק,za'ák,zaʕaqa,direct_cognate_ar→he;lemma_promoted
زَعْقَة,zaʕqa,אַזְעָקָה,az'aká,zaʕaqa,root_family
زَعْقَة,zaʕqa,זָעַק,za'ák,zaʕaq,root_family
زَكَرِيَّا,zakariyyā,זְכַרְיָה,z'kharyá,zaxarya,shared_borrowing_source
زَكَوٰة,zakāh,זְכוּת,zkhut,zakah,direct_cognate_he→ar
زَمَان,zamān,זְמַן,zmán,,shared_borrowing_source
زَمَرَ,zamara,זִמֵּר,zimér,zamar,shared_borrowing_source
زَمَرَ,zamara,זֶמֶר,zémer,zamar,shared_borrowing_source
زَمَرَ,zamara,זַמָּר,zamár,zamar,shared_borrowing_source
زَمَرَ,zamara,זֻמַּר,zumár,zamar,shared_borrowing_source
زَمَن,zaman,זְמַן,zmán,,shared_borrowing_source
زَمَّرَ,zammara,זִמֵּר,zimér,zammar,shared_borrowing_source
زَمَّرَ,zammara,זֶמֶר,zémer,zamar,shared_borrowing_source
زَمَّرَ,zammara,זַמָּר,zamár,zamar,shared_borrowing_source
زَمَّرَ,zammara,זֻמַּר,zumár,zamar,shared_borrowing_source
زَنَى,zanā,זָנָה,zaná,zana,direct_cognate_ar→he;direct_cognate_he→ar;lemma_promoted
زَنَّى,zannā,זָנָה,zaná,zana,direct_cognate_ar→he;lemma_promoted
زَنْجَبِيل,zanjabīl,גִ׳ינְגִ׳י,jínji,ʔinkiwir,shared_borrowing_source
زَنْجَبِيل,zanjabīl,זַנְגְּבִיל,zangvíl,zanjabil,shared_borrowing_source
زَوْج,zawj,זוּג,zúg,zdiugas,direct_cognate_he→ar;shared_borrowing_source
زَوْجَان,zawjān,זוּג,zúg,zawg,root_family
زَوْل,zawl,זוּלַת,zulát,zawal,direct_cognate_ar→he
زَوْل,zawl,זוּלָת,zulát,zawal,direct_cognate_ar→he;direct_cognate_he→ar
زَيْت,zayt,זַיִת,záyit,zayit,direct_cognate_he→ar
زُبَالَة,zubāla,זְבֻל,z'vúl,zubal,direct_cognate_he→ar
زُبَالَة,zubāla,זֶבֶל,zével,zubal,direct_cognate_he→ar
زُبَالَة,zubāla,זָבַל,zavál,zubal,direct_cognate_he→ar
زُجَاج,zujāj,זְכוּכִית,zkhukhít,zxujaj,direct_cognate_he→ar;lemma_promoted
زُجَاجَة,zujāja,זְכוּכִית,zkhukhít,zxujaj,direct_cognate_ar→he
زُرْزُور,zurzūr,זַרְזִיר,zarzír,zurzur,direct_cognate_ar→he
زُمُرُّد,zumurrud,אִזְמַרְגָּד,izmargád,zmaragdas,shared_borrowing_source
زُنْبُور,zunbūr,דְּבוֹרָה,dvorá,zunbur,direct_cognate_ar→he
زُوفَا,zūfā,אֵזוֹב,ʾēzṓḇ,ʔizufa,direct_cognate_ar→he
زِئْبَق,ziʔbaq,בִּיּוֹ־,biyo-,nan-ablauting,shared_borrowing_source
زِبْل,zibl,זְבֻל,z'vúl,zibil,direct_cognate_he→ar
زِبْل,zibl,זֶבֶל,zével,zibil,direct_cognate_he→ar
زِبْل,zibl,זָבַל,zavál,zibil,direct_cognate_he→ar
زِجَاجَة,zijāja,זְכוּכִית,zkhukhít,zxujaj,direct_cognate_ar→he
زِرْنِيخ,zirnīḵ,זַ׳רְגּוֹן,zhargón,yrhanyam,shared_borrowing_source
زِرْنِيخ,zirnīḵ,כְּלוֹר,klór,gilʕ,shared_borrowing_source
زِفْت,zift,זֶפֶת,zéfet,zifit,direct_cognate_ar→he;direct_cognate_he→ar
زِمَام,zimām,זְמָם,zmam,zimam,direct_cognate_he→ar
زِمَام,zimām,זָמַם,zamám,zimam,direct_cognate_he→ar
زِمَام,zimām,נֶזֶם,nézem,zimam,direct_cognate_ar→he;direct_cognate_he→ar
زِنًى,zinan,זְנוּת,z'nut,zanat,root_family
زِنًى,zinan,זָנָה,zaná,zana,direct_cognate_ar→he
زِنَاء,zināʔ,זְנוּת,z'nut,zanat,root_family
زِنَاء,zināʔ,זָנָה,zaná,zana,root_family
زِير,zīr,סִיר,sír,zawar,direct_cognate_he→ar;shared_borrowing_source
زِيّ,ziyy,זוֹ,zó,ziyy,direct_cognate_ar→he
زِيّ,ziyy,זוּ,zú,ziyy,direct_cognate_ar→he
سَآّل,saʔʔāl,שָׁאוּל,sha'úl,saʔʔal,root_family
سَأَلَ,saʔala,מִשְׁאָלָה,mish'alá,misaʔala,root_family
سَأَلَ,saʔala,נִשְׁאַל,nish'ál,saʔala,root_family
سَأَلَ,saʔala,שְׁאִילְתָה,sh'ílta,saʔalta,root_family
سَأَلَ,saʔala,שְׁאֵלָה,sh'elá,saʔala,lemma_promoted
سَأَلَ,saʔala,שָׁאַל,sha'ál,saʔala,direct_cognate_ar→he;direct_cognate_he→ar
سَاءَ,sāʔa,אֶמֶשׁ,émesh,mušy,lemma_promoted
سَاءَلَ,sāʔala,נִשְׁאַל,nish'ál,saʔala,root_family
سَاءَلَ,sāʔala,שְׁאִילְתָה,sh'ílta,saʔalta,root_family
سَاءَلَ,sāʔala,שָׁאַל,sha'ál,saʔala,root_family
سَائِر,sāʔir,שְׁאֵר,sh'ér,saʔir,lemma_promoted
سَائِر,sāʔir,שְׁאָר,sh'ár,saʔir,direct_cognate_ar→he
سَائِل,sāʔil,שְׁאִילְתָה,sh'ílta,saʔilt,root_family
سَائِل,sāʔil,שָׁאַל,sha'ál,saʔil,root_family
سَابِع,sābiʕ,שְׁבִיעִי,sh'vi'í,sabiʕ,root_family
سَابِع,sābiʕ,שְׁבוּעִי,shvu'í,sabiʕ,root_family
سَابِعَ عَشَرَ,sābiʕa ʕašara,עֲשִׂירִי,asirí,sabiʕaʕasara,root_family
سَابِعَ عَشَرَ,sābiʕa ʕašara,שְׁבִיעִי,sh'vi'í,sabiʕaʕašara,root_family
سَابِعَ عَشَرَ,sābiʕa ʕašara,שְׁבוּעִי,shvu'í,sabiʕaʕašara,root_family
سَاجُور,sājūr,סָגַר,sagár,sagur,direct_cognate_ar→he
سَاجُور,sājūr,סָגוּר,sagúr,sagur,direct_cognate_ar→he
سَاجُور,sājūr,סוֹגֵר,sogér,sagur,direct_cognate_ar→he
سَاجِد,sājid,סָגַד,sagád,sajada,lemma_promoted
سَادِسَ عَشَرَ,sādisa ʕašara,עֲשִׂירִי,asirí,sadisaʕasara,root_family
سَارٍ,sārin,סִיסְרָא,sis'rá,sarina,direct_cognate_he→ar
سَارٍ,sārin,סָר,sar,sarin,lemma_promoted
سَارَ,sāra,סִיסְרָא,sis'rá,sasra,direct_cognate_he→ar
سَارَ,sāra,סָר,sar,sara,lemma_promoted
سَارَة,sāra,שַׂר,sár,sara,lemma_promoted
سَارَة,sāra,שָׁר,shar,sara,lemma_promoted
سَارَة,sāra,שָׁרָה,shará,sara,shared_borrowing_source
سَارَة,sāra,שָׂרָה,sará,sara,shared_borrowing_source
سَارَة,sāra,שרה,,sara,shared_borrowing_source
سَارَّ,sārra,סִיסְרָא,sis'rá,sasrra,direct_cognate_he→ar
سَارَّ,sārra,סָר,sar,sarra,lemma_promoted
سَارّ,sārr,סִיסְרָא,sis'rá,sasrra,direct_cognate_he→ar
سَارّ,sārr,סָר,sar,sarr,lemma_promoted
سَاطٍ,sāṭin,שׁוֹט,shot,šalṭi,lemma_promoted
سَاطَ,sāṭa,שׁוֹט,shot,šalṭi,lemma_promoted
سَاعَة,sāʕa,שָׁעָה,sha'á,šaʕta,direct_cognate_ar→he;direct_cognate_he→ar;shared_borrowing_source
سَافَرَ,sāfara,סְפָר,sfár,safara,direct_cognate_ar→he
سَافَرَ,sāfara,סִפֵּר,sipér,safara,direct_cognate_ar→he
سَافَرَ,sāfara,סֵפֶר,séfer,safara,direct_cognate_ar→he
سَافَرَ,sāfara,סַפָּר,sapár,sapara,direct_cognate_ar→he
سَافَرَ,sāfara,סָפַר,safár,safara,direct_cognate_ar→he
سَافَرَ,sāfara,סֻפַּר,supár,safara,direct_cognate_ar→he
سَافَرَ,sāfara,סוֹפֵר,sofér,safara,lemma_promoted
سَافَرَ,sāfara,סוּפֶּר,súper,sapara,lemma_promoted
سَافِر,sāfir,סְפָר,sfár,šiprum,shared_borrowing_source
سَافِر,sāfir,סִפֵּר,sipér,šiprum,shared_borrowing_source
سَافِر,sāfir,סֵפֶר,séfer,šiprum,direct_cognate_ar→he;shared_borrowing_source
سَافِر,sāfir,סַפָּר,sapár,šiprum,shared_borrowing_source
سَافِر,sāfir,סָפַר,safár,šiprum,shared_borrowing_source
سَافِر,sāfir,סֻפַּר,supár,šiprum,shared_borrowing_source
سَافِر,sāfir,סוֹפֵר,sofér,šiprum,lemma_promoted
سَافِر,sāfir,סוּפֶּר,súper,šiprum,lemma_promoted
سَافِل,sāfil,שְׁפֵלָה,shfelá,safil,direct_cognate_ar→he
سَاق,sāq,שִׁוֵּק,shivék,suqum,lemma_promoted
سَاق,sāq,שִׁוּוּק,shivúk,suqum,lemma_promoted
سَاق,sāq,שׁוֹק,shok,saq,direct_cognate_ar→he;direct_cognate_he→ar
سَاق,sāq,שׁוּק,shuk,suqum,lemma_promoted
سَاقٍ,sāqin,שִׁוֵּק,shivék,suqum,lemma_promoted
سَاقٍ,sāqin,שִׁוּוּק,shivúk,suqum,lemma_promoted
سَاقٍ,sāqin,שׁוּק,shuk,suqum,lemma_promoted
سَاقَ,sāqa,שִׁוֵּק,shivék,suqum,lemma_promoted
سَاقَ,sāqa,שִׁוּוּק,shivúk,suqum,lemma_promoted
سَاقَ,sāqa,שׁוּק,shuk,suqum,lemma_promoted
سَاكَنَ,sākana,שִׁוֵּק,shivék,suqum,lemma_promoted
سَاكَنَ,sākana,שִׁוּוּק,shivúk,suqum,lemma_promoted
سَاكَنَ,sākana,שׁוּק,shuk,suqum,lemma_promoted
سَاكِن,sākin,מְסֻכָּן,m'sukán,misakin,root_family
سَاكِن,sākin,שְׁכִינָה,sh'khiná,sakin,root_family
سَاكِن,sākin,שִׁוֵּק,shivék,suqum,lemma_promoted
سَاكِن,sākin,שִׁוּוּק,shivúk,suqum,lemma_promoted
سَاكِن,sākin,שִׁכּוּן,shikún,sakin,root_family
سَاكِن,sākin,שָׁכֵן,shakhén,sakin,root_family
سَاكِن,sākin,שׁוּק,shuk,suqum,lemma_promoted
سَالَ,sāla,סִילָאן,silán,sala,shared_borrowing_source
سَالَمَ,sālama,שָׁלוֹם,shalóm,salama,lemma_promoted
سَالِم,sālim,שָׁלוֹם,shalóm,salim,lemma_promoted
سَام,sām,שֵׁם,shem,sam,direct_cognate_ar→he
سَامُور,sāmūr,שָׁמִיר,šamīr,šamir,shared_borrowing_source
سَانْتِيَاغُو,sāntiyāḡū,יַעֲקֹב,yaʿaqóv,yaʕaqaw,shared_borrowing_source
سَانْتِيَاغُو,sāntiyāḡū,עֵקֶב,ékev,yaʕaqaw,lemma_promoted
سَانْتِيَاغُو,sāntiyāḡū,עָקֵב,akév,yaʕaqaw,lemma_promoted
سَانْتِيَاغُو,sāntiyāḡū,עָקַב,akáv,yaʕaqaw,lemma_promoted
سَانْدْوِيتْش,sandwitš,סֶנְדְוִיץ׳,séndvich,sandwiš,shared_borrowing_source
سَاهُور,sāhūr,סַהַר,sáhar,sahr,shared_borrowing_source
سَاهُور,sāhūr,סֹהַר,sóhar,sahr,shared_borrowing_source
سَاهُور,sāhūr,שַׂהַר,sáhar,sahr,shared_borrowing_source
سَاو بَاوْلُو,sāw bāwlō,סָאוּ פָּאוּלוּ,sau paulu,saw pawlu,shared_borrowing_source
سَبَانِخ,sabāniḵ,פִּין,pin,spiy,shared_borrowing_source
سَبَانِخ,sabāniḵ,שְׁפִּיץ,shpits,spiy,shared_borrowing_source
سَبَب,sabab,סִבָּה,sibá,sabab,direct_cognate_ar→he;direct_cognate_he→ar
سَبَحَ,sabaḥa,שִׁבֵּחַ,shibéakh,sabiaxa,lemma_promoted
سَبَحَ,sabaḥa,שֶׁבַח,shévakh,sabaxa,lemma_promoted
سَبَحَ,sabaḥa,שֻׁבַּח,shubákh,sabaxa,lemma_promoted
سَبَقَ,sabaqa,שׁוֹק,shok,sabaqa,direct_cognate_he→ar
سَبَى,sabā,נִשְׁבָּה,nishbá,nisaba,root_family
سَبَى,sabā,שֵׁב,shév,saba,lemma_promoted
سَبَى,sabā,שֶׁבִי,shévi,saba,lemma_promoted
سَبَى,sabā,שָׁב,sháv,saba,lemma_promoted
سَبَى,sabā,שָׁבָה,shavá,saba,direct_cognate_he→ar
سَبَى,sabā,שָׁבוּי,shavúy,sabay,root_family
سَبَى,sabā,שבה,,saba,direct_cognate_ar→he
سَبَّحَ,sabbaḥa,שִׁבֵּחַ,shibéakh,sabbiaxa,direct_cognate_he→ar;lemma_promoted
سَبَّحَ,sabbaḥa,שֶׁבַח,shévakh,sabaxa,lemma_promoted
سَبَّحَ,sabbaḥa,שֻׁבַּח,shubákh,sabaxa,lemma_promoted
سَبِيل,sabīl,שְׁבִיל,sh'víl,sabil,direct_cognate_ar→he;direct_cognate_he→ar
سَبِيّ,sabiyy,שֶׁבִי,shévi,sabiyy,direct_cognate_ar→he
سَبْح,sabḥ,שִׁבֵּחַ,shibéakh,sabiaxa,direct_cognate_he→ar
سَبْح,sabḥ,שֶׁבַח,shévakh,sabaxa,direct_cognate_he→ar
سَبْح,sabḥ,שֻׁבַּח,shubákh,sabaxa,direct_cognate_he→ar
سَبْع,sabʕ,שֶׁבַע,shéva',sabʕa,root_family
سَبْعَة,sabʕa,שִׁבְעָה,shiv'á,šabʕ,shared_borrowing_source;lemma_promoted
سَبْعَة,sabʕa,שֶׁבַע,shéva',šabʕ,shared_borrowing_source
سَبْعَة,sabʕa,שבעה,,šabʕ,lemma_promoted
سَبْعَةَ عَشَرَ,sabʕata ʕašara,שִׁבְעָה,shiv'á,sabʕataʕašara,root_family
سَبْي,saby,שֶׁבִי,shévi,saba,direct_cognate_ar→he
سَتَرَ,satara,סֵתֶר,séter,satara,direct_cognate_ar→he;direct_cognate_he→ar;lemma_promoted
سَتَرَ,satara,סָתַר,satár,satara,direct_cognate_he→ar;lemma_promoted
سَتَّرَ,sattara,סֵתֶר,séter,satara,direct_cognate_ar→he;direct_cognate_he→ar;lemma_promoted
سَتَّرَ,sattara,סָתַר,satár,satara,direct_cognate_he→ar;lemma_promoted
سَجَدَ,sajada,מִסְגָּד,misgád,misajada,direct_cognate_he→ar
سَجَدَ,sajada,סָגַד,sagád,sajada,direct_cognate_ar→he
سَجَّلَ,sajjala,שָׁגַל,shagál,sajala,direct_cognate_he→ar
سَحَر,saḥar,שְׁחוֹר,sh'khor,šaxar,lemma_promoted
سَحَر,saḥar,שַׁחַר,shákhar,šaxar,direct_cognate_ar→he;direct_cognate_he→ar;shared_borrowing_source
سَحَر,saḥar,שָׁחֹר,shakhór,šaxar,direct_cognate_he→ar;shared_borrowing_source
سَحَرَ,saḥara,שְׁחוֹר,sh'khor,šaxar,lemma_promoted
سَحَرَ,saḥara,שַׁחַר,shákhar,šaxar,direct_cognate_ar→he;shared_borrowing_source
سَحَرَ,saḥara,שָׁחֹר,shakhór,šaxar,shared_borrowing_source
سَحَقَ,saḥaqa,סְחוּג,skhug,saxaqa,shared_borrowing_source
سَدَر,sadar,שִׁדֵּר,shidér,sadira,direct_cognate_ar→he
سَدِرَ,sadira,שִׁדֵּר,shidér,sadira,direct_cognate_ar→he;lemma_promoted
سَر,sar,גַּרְעִין,gar'ín,kirx,shared_borrowing_source
سَرَدَ,sarada,סִדֵּר,sidér,sarada,lemma_promoted
سَرَدَ,sarada,סֵדֶר,séder,sarada,direct_cognate_ar→he;lemma_promoted
سَرَدَ,sarada,סַיְדֶּר,sáider,sairada,lemma_promoted
سَرَدَ,sarada,סָדַר,sadár,sarada,lemma_promoted
سَرَدَ,sarada,סדר,,sarada,lemma_promoted
سَرَدَ,sarada,סוּדָר,sudár,sarada,lemma_promoted
سَرَطَان,saraṭān,סִרְטֵן,sirtén,saraṭan,direct_cognate_he→ar
سَرَطَان,saraṭān,סַרְטָן,sartán,saraṭan,direct_cognate_ar→he;direct_cognate_he→ar
سَرَّ,sarra,סָר,sar,sarra,root_family
سَرْد,sard,סִדֵּר,sidér,sarada,lemma_promoted
سَرْد,sard,סֵדֶר,séder,sarada,direct_cognate_ar→he;direct_cognate_he→ar;lemma_promoted
سَرْد,sard,סַיְדֶּר,sáider,sairada,lemma_promoted
سَرْد,sard,סָדַר,sadár,sarada,direct_cognate_he→ar;lemma_promoted
سَرْد,sard,סדר,,sarada,direct_cognate_he→ar
سَرْد,sard,סוּדָר,sudár,sarada,lemma_promoted
سَطَحَ,saṭaḥa,שֶׁטַח,shétakh,saṭaxa,lemma_promoted
سَطَحَ,saṭaḥa,שָׁטִיחַ,shatíakh,saṭiaxa,lemma_promoted
سَطَرَ,saṭara,שְׁטָר,shtar,šaṭarum,shared_borrowing_source;lemma_promoted
سَطَرَ,saṭara,שׁוֹטֵר,shotér,šaṭarum,shared_borrowing_source;lemma_promoted
سَطَّحَ,saṭṭaḥa,שֶׁטַח,shétakh,saṭaxa,lemma_promoted
سَطَّحَ,saṭṭaḥa,שָׁטִיחַ,shatíakh,saṭiaxa,lemma_promoted
سَطَّرَ,saṭṭara,שְׁטָר,shtar,šaṭarum,shared_borrowing_source;lemma_promoted
سَطَّرَ,saṭṭara,שׁוֹטֵר,shotér,šaṭarum,shared_borrowing_source;lemma_promoted
سَطْح,saṭḥ,שֶׁטַח,shétakh,saṭaxa,direct_cognate_ar→he
سَطْح,saṭḥ,שָׁטִיחַ,shatíakh,saṭiaxa,direct_cognate_he→ar
سَطْر,saṭr,שְׁטָר,shtar,šaṭarum,direct_cognate_he→ar;shared_borrowing_source
سَطْر,saṭr,שׁוֹטֵר,shotér,šaṭarum,shared_borrowing_source
سَعَلَ,saʕala,הִשְׁתַּעֵל,hishta'él,histaʕala,direct_cognate_he→ar
سَعَّرَ,saʕʕara,שִׁעֵר,shi'ér,siʕʕir,direct_cognate_ar→he
سَعَّرَ,saʕʕara,שֵׂעָר,se'ár,siʕar,direct_cognate_ar→he
سَعَّرَ,saʕʕara,שַׁעַר,shá'ar,siʕar,direct_cognate_ar→he
سَعِير,saʕīr,סְעָרָה,se'ará,saʕir,root_family
سَعِير,saʕīr,סַעַר,sá'ar,saʕir,direct_cognate_ar→he
سَفَر,safar,סְפָר,sfár,šiprum,lemma_promoted
سَفَر,safar,סִפֵּר,sipér,šiprum,lemma_promoted
سَفَر,safar,סֵפֶר,séfer,šiprum,lemma_promoted
سَفَر,safar,סַפָּר,sapár,šiprum,lemma_promoted
سَفَر,safar,סָפַר,safár,šiprum,lemma_promoted
سَفَر,safar,סֻפַּר,supár,šiprum,lemma_promoted
سَفَر,safar,סוֹפֵר,sofér,šiprum,lemma_promoted
سَفَر,safar,סוּפֶּר,súper,šiprum,lemma_promoted
سَفَرَ,safara,סְפָר,sfár,šiprum,lemma_promoted
سَفَرَ,safara,סִפֵּר,sipér,šiprum,lemma_promoted
سَفَرَ,safara,סֵפֶר,séfer,šiprum,lemma_promoted
سَفَرَ,safara,סַפָּר,sapár,šiprum,lemma_promoted
سَفَرَ,safara,סָפַר,safár,šiprum,lemma_promoted
سَفَرَ,safara,סֻפַּר,supár,šiprum,lemma_promoted
سَفَرَ,safara,סוֹפֵר,sofér,šiprum,lemma_promoted
سَفَرَ,safara,סוּפֶּר,súper,šiprum,lemma_promoted
سَفَكَ,safaka,שָׁפַךְ,shafákh,safaka,direct_cognate_he→ar;lemma_promoted
سَفَّان,saffān,סְפִינָה,sfiná,saffan,root_family
سَفَّان,saffān,סַפָּן,sapán,saffan,root_family
سَفَّرَ,saffara,סְפָר,sfár,šiprum,lemma_promoted
سَفَّرَ,saffara,סִפֵּר,sipér,šipprum,lemma_promoted
سَفَّرَ,saffara,סֵפֶר,séfer,šiprum,lemma_promoted
سَفَّرَ,saffara,סַפָּר,sapár,šiprum,lemma_promoted
سَفَّرَ,saffara,סָפַר,safár,šiprum,lemma_promoted
سَفَّرَ,saffara,סֻפַּר,supár,šiprum,lemma_promoted
سَفَّرَ,saffara,סוֹפֵר,sofér,šiprum,lemma_promoted
سَفَّرَ,saffara,סוּפֶּר,súper,šiprum,lemma_promoted
سَفَّكَ,saffaka,שָׁפַךְ,shafákh,safaka,direct_cognate_he→ar;lemma_promoted
سَفُّود,saffūd,שִׁפּוּד,shipúd,saffud,direct_cognate_ar→he
سَفِينَة,safīna,הַסְפָּנָה,haspaná,hsapina,root_family
سَفِينَة,safīna,סְפִינָה,sfiná,sapinta,direct_cognate_ar→he;shared_borrowing_source
سَفِينَة,safīna,סִפּוּן,sipún,sapin,root_family
سَفِينَة,safīna,סַפָּן,sapán,sapin,root_family
سَفْر,safr,סְפָר,sfár,šiprum,lemma_promoted
سَفْر,safr,סִפֵּר,sipér,šiprum,lemma_promoted
سَفْر,safr,סֵפֶר,séfer,šiprum,lemma_promoted
سَفْر,safr,סַפָּר,sapár,šiprum,lemma_promoted
سَفْر,safr,סָפַר,safár,šiprum,lemma_promoted
سَفْر,safr,סֻפַּר,supár,šiprum,lemma_promoted
سَفْر,safr,סוֹפֵר,sofér,šiprum,lemma_promoted
سَفْر,safr,סוּפֶּר,súper,šiprum,lemma_promoted
سَفْك,safk,שָׁפַךְ,shafákh,safaka,direct_cognate_he→ar
سَقَى,saqā,הִשְׁקָה,hishká,hisaqa,direct_cognate_ar→he
سَكَتَ,sakata,שָׁקַט,shakát,sakata,direct_cognate_ar→he
سَكَر,sakar,הִשְׁתַּכֵּר,hishtakér,histakira,root_family
سَكَر,sakar,מְשַׁכֵּר,m'shakér,msakira,root_family
سَكَر,sakar,סַיְדֶּר,sáider,šikar,shared_borrowing_source;lemma_promoted
سَكَر,sakar,שִׁכֵּר,shikér,šikar,shared_borrowing_source;lemma_promoted
سَكَر,sakar,שִׁכּוֹר,shikór,sakira,root_family
سَكَر,sakar,שֵׁכָר,shekhár,šikar,direct_cognate_ar→he;shared_borrowing_source;lemma_promoted
سَكَر,sakar,שָׁכַר,shakhár,šikar,shared_borrowing_source;lemma_promoted
سَكَنَ,sakana,שָׁכֵן,shakhén,sakana,direct_cognate_ar→he;direct_cognate_he→ar
سَكَنَ,sakana,שָׁכַן,shakhán,sakana,direct_cognate_ar→he;direct_cognate_he→ar
سَكَّ,sakka,סִכָּה,siká,sikkatum,shared_borrowing_source
سَكَّتَ,sakkata,שָׁקַט,shakát,sakata,direct_cognate_ar→he
سَكَّرَ,sakkara,סַיְדֶּר,sáider,šikar,lemma_promoted
سَكَّرَ,sakkara,סֻכָּר,sukár,šakar,shared_borrowing_source
سَكَّرَ,sakkara,שִׁכֵּר,shikér,šikkar,lemma_promoted
سَكَّرَ,sakkara,שֵׁכָר,shekhár,šikar,lemma_promoted
سَكَّرَ,sakkara,שָׁכַר,shakhár,šikar,lemma_promoted
سَكِر,sakir,מְשַׁכֵּר,m'shakér,msakir,root_family
سَكِر,sakir,סַיְדֶּר,sáider,šikar,shared_borrowing_source;lemma_promoted
سَكِر,sakir,שִׁכֵּר,shikér,šikar,shared_borrowing_source;lemma_promoted
سَكِر,sakir,שִׁכּוֹר,shikór,sakir,root_family
سَكِر,sakir,שֵׁכָר,shekhár,šikar,direct_cognate_ar→he;shared_borrowing_source;lemma_promoted
سَكِر,sakir,שָׁכַר,shakhár,šikar,shared_borrowing_source;lemma_promoted
سَكِرَ,sakira,הִשְׁתַּכֵּר,hishtakér,histakira,root_family
سَكِرَ,sakira,סַיְדֶּר,sáider,šikar,shared_borrowing_source;lemma_promoted
سَكِرَ,sakira,שִׁכֵּר,shikér,šikar,direct_cognate_he→ar;shared_borrowing_source;lemma_promoted
سَكِرَ,sakira,שִׁכּוֹר,shikór,sakira,root_family
سَكِرَ,sakira,שֵׁכָר,shekhár,šikar,direct_cognate_ar→he;direct_cognate_he→ar;shared_borrowing_source;lemma_promoted
سَكِرَ,sakira,שָׁכַר,shakhár,šikar,direct_cognate_he→ar;shared_borrowing_source;lemma_promoted
سَكِّيّ,sakkiyy,סִכָּה,siká,sikkatum,shared_borrowing_source
سَكّ,sakk,סִכָּה,siká,sikkatum,direct_cognate_he→ar;shared_borrowing_source
سَكْرَان,sakrān,מְשַׁכֵּר,m'shakér,msakiran,root_family
سَكْرَان,sakrān,שִׁכּוֹר,shikór,sakaran,root_family
سَلَام,salām,שָׁלוֹם,shalóm,salima,direct_cognate_ar→he;direct_cognate_he→ar
سَلَام عَلَيْكُمْ,salām ʕalaykum,שָׁלוֹם עֲלֵיכֶם,shalóm alekhém,salima ʕalaykum,direct_cognate_ar→he
سَلَامْتَك,salāmtak,סלאמתק,salámtak,salamtak,shared_borrowing_source
سَلَخَ,salaḵa,שָׁלַח,shalákh,salaxa,direct_cognate_ar→he;lemma_promoted
سَلَقَ,salaqa,סֶלֶק,sélek,salaqa,lemma_promoted
سَلَقَ,salaqa,קְלָס,klas,salaqa,direct_cognate_ar→he;lemma_promoted
سَلَقَ,salaqa,קֶלֶס,keles,salaqa,direct_cognate_ar→he;lemma_promoted
سَلَم,salam,שָׁלוֹם,shalóm,silam,lemma_promoted
سَلَمُون,salamūn,סַלְמוֹן,sálmon,salma,shared_borrowing_source
سَلَّ,salla,שָׁלַל,shalál,sallal,direct_cognate_ar→he;lemma_promoted
سَلَّة,salla,סַל,sal,sill,direct_cognate_he→ar
سَلَّطَ,sallaṭa,הִשְׁתַּלֵּט,hishtalét,hisstalaṭa,root_family
سَلَّطَ,sallaṭa,שִׁלְטוֹן,shiltón,salaṭan,root_family
سَلَّطَ,sallaṭa,שֶׁלֶט,shélet,salaṭa,direct_cognate_he→ar
سَلَّطَ,sallaṭa,שַׁלָּט,shalát,salaṭa,direct_cognate_he→ar
سَلَّطَ,sallaṭa,שָׁלַט,shalát,salaṭa,direct_cognate_he→ar
سَلَّعَ,sallaʕa,סֶלַע,séla,salaʕa,direct_cognate_he→ar
سَلَّمَ,sallama,שָׁלוֹם,shalóm,salama,lemma_promoted
سَلِم m and plural of variety,salim,שָׁלוֹם,shalóm,salim,lemma_promoted
سَلِمَ,salima,שָׁלוֹם,shalóm,salima,lemma_promoted
سَلِيط,salīṭ,שִׁלְטוֹנִי,shiltoní,saliṭan,root_family
سَلِيط,salīṭ,שַׁלִּיט,shalít,saliṭ,root_family
سَلِيل,salīl,שְׁלִילִי,sh'lilí,salil,root_family
سَلّ,sall,שָׁלַל,shalál,sallal,direct_cognate_ar→he
سَلْخ,salḵ,שָׁלַח,shalákh,salaxa,direct_cognate_ar→he
سَلْق,salq,סֶלֶק,sélek,salaqa,direct_cognate_he→ar
سَلْق,salq,קְלָס,klas,salaqa,direct_cognate_ar→he
سَلْق,salq,קֶלֶס,keles,salaqa,direct_cognate_ar→he
سَلْوَى,salwā,שְׁלֵוָה,shlevá,salwa,direct_cognate_he→ar;lemma_promoted
سَلْوَى,salwā,שְׂלָו,slav,salwa,direct_cognate_he→ar;lemma_promoted
سَلْوَى,salwā,שַׁלְוָה,šalwɔ̂,salwa,direct_cognate_ar→he;direct_cognate_he→ar
سَمَاء,samāʔ,שמיים,shamáyim,šamay,shared_borrowing_source
سَمَر,samar,שִׁמֵּר,shimér,samar,direct_cognate_ar→he
سَمَر,samar,שֶׁמֶר,shémer,samar,direct_cognate_ar→he
سَمَر,samar,שָׁמַר,shamár,samar,direct_cognate_ar→he
سَمَر,samar,שֻׁמַּר,šumár,samar,direct_cognate_ar→he
سَمَر,samar,שֻׁמָּר,šumár,samar,direct_cognate_ar→he
سَمَر,samar,שׁוֹמְרוֹן,šōmərōn,samaran,root_family
سَمَر,samar,שׁוֹמֵר,shomér,samar,lemma_promoted
سَمَر,samar,שׁוּמֶר,shumér,samar,lemma_promoted
سَمَرَ,samara,שִׁמֵּר,shimér,samara,direct_cognate_ar→he
سَمَرَ,samara,שֶׁמֶר,shémer,samara,direct_cognate_ar→he
سَمَرَ,samara,שָׁמַר,shamár,samara,direct_cognate_ar→he
سَمَرَ,samara,שֻׁמַּר,šumár,samara,direct_cognate_ar→he
سَمَرَ,samara,שֻׁמָּר,šumár,samara,direct_cognate_ar→he
سَمَرَ,samara,שׁוֹמֵר,shomér,samara,lemma_promoted
سَمَرَ,samara,שׁוּמֶר,shumér,samara,lemma_promoted
سَمَك,samak,סָמַךְ,samákh,samak,direct_cognate_ar→he
سَمَك,samak,שֶׁמֶךְ,shémekh,samak,shared_borrowing_source
سَمَوْأَل,samawʔal,שְׁמוּאֵל,šəmūʾḗl,šmuil,shared_borrowing_source
سَمَّ,samma,סַם,sam,samma,direct_cognate_ar→he;direct_cognate_he→ar;lemma_promoted
سَمَّرَ,sammara,שִׁמֵּר,shimér,sammara,direct_cognate_ar→he
سَمَّرَ,sammara,שֶׁמֶר,shémer,samara,direct_cognate_ar→he
سَمَّرَ,sammara,שָׁמַר,shamár,samara,direct_cognate_ar→he
سَمَّرَ,sammara,שֻׁמַּר,šumár,samara,direct_cognate_ar→he
سَمَّرَ,sammara,שֻׁמָּר,šumár,samara,direct_cognate_ar→he
سَمَّرَ,sammara,שׁוֹמֵר,shomér,samara,lemma_promoted
سَمَّرَ,sammara,שׁוּמֶר,shumér,samara,lemma_promoted
سَمَّعَ,sammaʕa,שִׁמְעוֹן,shim'ón,samʔaʕa,direct_cognate_he→ar;lemma_promoted
سَمُر,samur,שִׁמֵּר,shimér,samur,direct_cognate_ar→he
سَمُر,samur,שֶׁמֶר,shémer,samur,direct_cognate_ar→he
سَمُر,samur,שָׁמַר,shamár,samur,direct_cognate_ar→he
سَمُر,samur,שֻׁמַּר,šumár,samur,direct_cognate_ar→he
سَمُر,samur,שֻׁמָּר,šumár,samur,direct_cognate_ar→he
سَمُر,samur,שׁוֹמֵר,shomér,samur,lemma_promoted
سَمُر,samur,שׁוּמֶר,shumér,samur,lemma_promoted
سَمُّور,sammūr,סַמּוּר,samur,samar,shared_borrowing_source
سَمِعَ,samiʕa,שְׁמַע,sh'má,šamaʕ,direct_cognate_ar→he;direct_cognate_he→ar;shared_borrowing_source
سَمِعَ,samiʕa,שִׁמְעוֹן,shim'ón,samʔiʕa,direct_cognate_he→ar;lemma_promoted
سَمِعَ,samiʕa,שֵׁמַע,shéma,šamaʕ,direct_cognate_ar→he;direct_cognate_he→ar;shared_borrowing_source
سَمِعَ,samiʕa,שָׁמַע,shamá,šamaʕ,direct_cognate_ar→he;direct_cognate_he→ar;shared_borrowing_source
سَمِنَ,samina,הִשְׁמִין,hishmín,samina,root_family
سَمِنَ,samina,שֶׁמֶן,shémen,šamn,shared_borrowing_source
سَمِنَ,samina,שָׁמַן,shamán,šamn,shared_borrowing_source
سَمِنَ,samina,שֻׁמַּן,shumán,šamn,shared_borrowing_source
سَمِنَ,samina,שֻׁמָּן,shumán,šamn,shared_borrowing_source
سَمِير,samīr,שׁוֹמְרוֹן,šōmərōn,samiran,root_family
سَمِين,samīn,שְׁמִינִי,sh'miní,samin,root_family
سَمِين,samīn,שְׁמַנְמַן,shmanmán,smanmin,root_family
سَمِين,samīn,שִׁמֵּן,shimén,samin,direct_cognate_he→ar
سَمِين,samīn,שַׁמְנוּנִי,shamnuní,samnin,root_family
سَمِين,samīn,שָׁמֵן,shamén,samin,direct_cognate_he→ar
سَمّ,samm,סַם,sam,samma,direct_cognate_he→ar
سَمْع,samʕ,שִׁמְעוֹן,shim'ón,samʔiʕa,direct_cognate_he→ar
سَمْن,samn,שֶׁמֶן,shémen,šamn,shared_borrowing_source
سَمْن,samn,שַׁמֶּנֶת,shaménet,saminit,direct_cognate_he→ar
سَنَا,sanā,סְנֶה,s'ne,sana,direct_cognate_ar→he;direct_cognate_he→ar
سَنَا,sanā,סֻנָּה,suná,sana,direct_cognate_ar→he
سَنَا,sanā,שֵׁן,shen,šinn,shared_borrowing_source
سَنَا,sanā,שָׁנִי,shaní,sana,direct_cognate_ar→he
سَنَة,sana,שָׁנָה,shaná,šanat,shared_borrowing_source
سَنَّ,sanna,שָׁנַן,shanán,sannan,direct_cognate_he→ar
سَنَّنَ,sannana,שִׁנֵּן,shinén,sannana,direct_cognate_he→ar
سَنْت,sant,סֶנְט,sent,sint,shared_borrowing_source
سَنْت,sant,סָנַט,sanát,sint,shared_borrowing_source
سَنْدَان,sandān,סַדְנָה,sadná,sandan,shared_borrowing_source
سَنْدَان,sandān,סַדָּן,sadán,sandan,direct_cognate_ar→he;direct_cognate_he→ar;shared_borrowing_source
سَنْدَان,sandān,סָדָן,sadán,sandan,direct_cognate_he→ar;shared_borrowing_source
سَنْط,sanṭ,שִׁטָּה,shitá,sanṭ,direct_cognate_he→ar
سَوَاكِن,sawākin,שִׁוֵּק,shivék,suqum,shared_borrowing_source
سَوَاكِن,sawākin,שִׁוּוּק,shivúk,suqum,lemma_promoted
سَوَاكِن,sawākin,שׁוּק,shuk,suqum,shared_borrowing_source
سَوَّفَ,sawwafa,סוֹף,sóf,sapa,shared_borrowing_source
سَوِيَ,sawiya,שָׁוֶה,shavé,sawiya,direct_cognate_ar→he
سَوْسَن,sawsan,שׁוֹשַׁנָּה,shoshaná,sašan,shared_borrowing_source
سَوْسَن,sawsan,שׁוֹשָׁן,shoshán,sašan,shared_borrowing_source
سَوْط,sawṭ,שׁוֹט,shot,šalṭi,direct_cognate_he→ar;shared_borrowing_source
سَوْفَ,sawfa,סוֹף,sóf,sapa,shared_borrowing_source
سَوْقَم,sawqam,שִׁקְמָה,šiqmā́,šiqma,shared_borrowing_source
سَيَّرَ,sayyara,סָר,sar,sayara,direct_cognate_ar→he
سَيْر,sayr,סָר,sar,sara,direct_cognate_ar→he
سَيْف,sayf,סַיִף,sáyif,sayif,direct_cognate_ar→he;direct_cognate_he→ar
سُؤَال,suʔāl,מִשְׁאָלָה,mish'alá,misaʔala,root_family
سُؤَال,suʔāl,נִשְׁאַל,nish'ál,saʔala,root_family
سُؤَال,suʔāl,שְׁאִילְתָה,sh'ílta,saʔalta,root_family
سُؤَال,suʔāl,שְׁאֵלָה,sh'elá,saʔala,direct_cognate_ar→he;direct_cognate_he→ar
سُؤَال,suʔāl,שָׁאַל,sha'ál,saʔala,root_family
سُبْحَان,subḥān,שִׁבֵּחַ,shibéakh,subiaxan,root_family
سُبْحَان,subḥān,שֶׁבַח,shévakh,subaxan,root_family
سُتَر,sutar,סֵתֶר,séter,sutar,direct_cognate_ar→he;direct_cognate_he→ar;lemma_promoted
سُتَر,sutar,סָתַר,satár,sutar,direct_cognate_he→ar;lemma_promoted
سُتُر,sutur,סֵתֶר,séter,sutur,direct_cognate_ar→he;direct_cognate_he→ar
سُتُر,sutur,סָתַר,satár,sutur,direct_cognate_he→ar
سُتْرَة,sutra,סֵתֶר,séter,sutir,lemma_promoted
سُتْرَة,sutra,סָתַר,satár,sutar,lemma_promoted
سُجَّد,sujjad,סָגַד,sagád,sujjad,direct_cognate_ar→he
سُحَاف,suḥāf,שַׁחֶפֶת,shaḥéfet,suxafit,direct_cognate_ar→he;direct_cognate_he→ar
سُعَار,suʕār,סְעָרָה,se'ará,suʕar,root_family
سُكَّان,sukkān,סַכִּין,sakín,tsigan,shared_borrowing_source
سُكَّر,sukkar,סַיְדֶּר,sáider,šikar,lemma_promoted
سُكَّر,sukkar,סֻכָּר,sukár,sukkar,direct_cognate_he→ar;shared_borrowing_source
سُكَّر,sukkar,שִׁכֵּר,shikér,šikar,lemma_promoted
سُكَّر,sukkar,שֵׁכָר,shekhár,šikar,lemma_promoted
سُكَّر,sukkar,שָׁכַר,shakhár,šikar,lemma_promoted
سُكّ,sukk,סִכָּה,siká,sikkatum,shared_borrowing_source
سُكْر,sukr,הִשְׁתַּכֵּר,hishtakér,histakira,root_family
سُكْر,sukr,סַיְדֶּר,sáider,šikar,shared_borrowing_source;lemma_promoted
سُكْر,sukr,שִׁכֵּר,shikér,šikar,shared_borrowing_source;lemma_promoted
سُكْر,sukr,שִׁכּוֹר,shikór,sakira,root_family
سُكْر,sukr,שֵׁכָר,shekhár,šikar,direct_cognate_ar→he;shared_borrowing_source;lemma_promoted
سُكْر,sukr,שָׁכַר,shakhár,šikar,shared_borrowing_source;lemma_promoted
سُلَحْفَاة,sulaḥfāh,שַׁלְחוּפָה,shalkhufá,sulaxpah,shared_borrowing_source
سُلَّ,sulla,שָׁלַל,shalál,sullal,direct_cognate_ar→he;lemma_promoted
سُلَّم,sullam,סֻלָּם,sulám,sullam,direct_cognate_he→ar;shared_borrowing_source
سُلَّم,sullam,שָׁלוֹם,shalóm,sullam,lemma_promoted
سُلّ,,שָׁלַל,shalál,,direct_cognate_ar→he;lemma_promoted
سُلْطَان,sulṭān,נִשְׁלַט,nishlat,sulṭan,root_family
سُلْطَان,sulṭān,סוּלְטָן,sultán,sulṭan,shared_borrowing_source
سُلْطَان,sulṭān,שְׁלִיטָה,sh'litá,suliṭan,root_family
سُلْطَان,sulṭān,שְׁתַלְּטָן,shtaltán,stulṭan,root_family
سُلْطَان,sulṭān,שִׁלְטוֹן,shiltón,sulṭan,direct_cognate_ar→he;direct_cognate_he→ar
سُلْطَان,sulṭān,שַׁלִּיט,shalít,suliṭan,root_family
سُلْطَة,sulṭa,שְׁלִיטָה,sh'litá,suliṭa,root_family
سُلْطَة,sulṭa,שִׁלְטוֹן,shiltón,sulṭan,root_family
سُلْطَة,sulṭa,שַׁלִּיט,shalít,suliṭ,root_family
سُلْطَوِيَّة,sulṭawiyya,שְׁלִיטָה,sh'litá,sulṭawiyya,root_family
سُلْطَوِيَّة,sulṭawiyya,שִׁלְטוֹן,shiltón,sulṭawiyy,root_family
سُلْطَوِيَّة,sulṭawiyya,שַׁלִּיט,shalít,sulṭawiyy,root_family
سُلْطَوِيّ,sulṭawiyy,שְׁלִיטָה,sh'litá,suliṭaw,root_family
سُلْطَوِيّ,sulṭawiyy,שְׁתַלְּטָן,shtaltán,stulṭaw,root_family
سُلْطَوِيّ,sulṭawiyy,שִׁלְטוֹן,shiltón,sulṭaw,root_family
سُلْطَوِيّ,sulṭawiyy,שִׁלְטוֹנִי,shiltoní,sulṭawi,root_family
سُلْطَوِيّ,sulṭawiyy,שַׁלִּיט,shalít,suliṭaw,root_family
سُنَّة,sunna,סֻנָּה,suná,sunna,shared_borrowing_source
سُنُونُو,sunūnū,סְנוּנִית,snunít,sununut,direct_cognate_ar→he;direct_cognate_he→ar
سُنِّيّ,sunniyy,סוּנִי,suni,sunniyy,shared_borrowing_source
سُنْبُل,sunbul,שִׁבֹּלֶת,shibólet,šunbulat,direct_cognate_ar→he;lemma_promoted
سُنْبُلَة,sunbula,שִׁבֹּלֶת,shibólet,šunbulat,direct_cognate_he→ar;shared_borrowing_source
سُورَة,sūra,סִדְרָה,sidrá,sidra,shared_borrowing_source
سُورَة,sūra,שִׁיר,shir,šir,shared_borrowing_source
سُورِيَا,sūriyā,סוּרְיָה,súrya,syria,shared_borrowing_source
سُوق,sūq,שִׁוֵּק,shivék,suqum,direct_cognate_he→ar;shared_borrowing_source
سُوق,sūq,שִׁוּוּק,shivúk,suqum,lemma_promoted
سُوق,sūq,שׁוּק,shuk,suqum,direct_cognate_ar→he;direct_cognate_he→ar;shared_borrowing_source
سِبْتِمْبِر,sibtimbir,סֶפְּטֶמְבֶּר,septémber,siptimbir,shared_borrowing_source
سِبْط,sibṭ,שֵׁבֶט,shévet,šabṭ,shared_borrowing_source
سِتَار,sitār,סֵתֶר,séter,sitar,lemma_promoted
سِتَار,sitār,סָתַר,satár,sitar,lemma_promoted
سِتَارِيَة,sitāriya,סוֹל,sol,sxiy,shared_borrowing_source
سِتَّة,sitta,שִׁישָּׁה,shishá,šids,shared_borrowing_source
سِتَّة,sitta,שֵׁשׁ,shésh,šids,shared_borrowing_source
سِتْر,sitr,סֵתֶר,séter,sitir,direct_cognate_ar→he;direct_cognate_he→ar;lemma_promoted
سِتْر,sitr,סָתַר,satár,sitar,direct_cognate_he→ar;lemma_promoted
سِجِلّ,sijill,שָׁגַל,shagál,sijill,direct_cognate_he→ar
سِجْن,sijn,סִגְנוֹן,signón,sinu,shared_borrowing_source
سِدْر,sidr,שִׁדֵּר,shidér,sidir,lemma_promoted
سِعْر,siʕr,שִׁעֵר,shi'ér,siʕir,direct_cognate_ar→he;direct_cognate_he→ar
سِعْر,siʕr,שֵׂעָר,se'ár,siʕar,direct_cognate_ar→he
سِعْر,siʕr,שַׁעַר,shá'ar,siʕar,direct_cognate_ar→he;direct_cognate_he→ar
سِفَانَة,sifāna,סְפִינָה,sfiná,sifana,root_family
سِفْر,sifr,סְפָר,sfár,šiprum,shared_borrowing_source
سِفْر,sifr,סִפֵּר,sipér,šiprum,shared_borrowing_source
سِفْر,sifr,סֵפֶר,séfer,šiprum,direct_cognate_he→ar;shared_borrowing_source
سِفْر,sifr,סַפָּר,sapár,šiprum,shared_borrowing_source
سِفْر,sifr,סָפַר,safár,šiprum,shared_borrowing_source
سِفْر,sifr,סֻפַּר,supár,šiprum,shared_borrowing_source
سِفْر,sifr,סוֹפֵר,sofér,šiprum,lemma_promoted
سِفْر,sifr,סוּפֶּר,súper,šiprum,lemma_promoted
سِكَّة,sikka,סִכָּה,siká,sikkatum,shared_borrowing_source
سِكِّير,sikkīr,מְשַׁכֵּר,m'shakér,msikkir,root_family
سِكِّير,sikkīr,שִׁכּוֹר,shikór,sikkir,root_family
سِكِّين,sikkīn,סַכִּין,sakín,tsigan,direct_cognate_ar→he;direct_cognate_he→ar;shared_borrowing_source
سِكِّينَة,sikkīna,סַכִּין,sakín,sakkina,shared_borrowing_source
سِلَام,silām,שָׁלוֹם,shalóm,salama,direct_cognate_he→ar
سِلَّة,silla,סַל,sal,sill,direct_cognate_he→ar
سِلَّة,silla,סָלוֹן,salón,sillan,direct_cognate_ar→he
سِلْبَاح,silbāḥ,צְלוֹפָח,tslofákh,silabax,direct_cognate_ar→he
سِلْخ,silḵ,שָׁלַח,shalákh,silax,direct_cognate_ar→he;lemma_promoted
سِلْسِلَة,silsila,שַׁרְשֶׁרֶת,sharshéret,silsilit,direct_cognate_ar→he
سِلْفِي,silfī,סֶלְפִי,sélfi,silfi,shared_borrowing_source
سِلْق,silq,סֶלֶק,sélek,siliq,lemma_promoted
سِلْق,silq,קְלָס,klas,silaq,lemma_promoted
سِلْق,silq,קֶלֶס,keles,siliq,lemma_promoted
سِلْم,silm,שָׁלוֹם,shalóm,silam,lemma_promoted
سِمْسِم,simsim,שֻׁמְשֹׁם,shumshóm,simsim,direct_cognate_he→ar
سِمْعَان,simʕān,שִׁמְעוֹן,shim'ón,šimʔan,shared_borrowing_source
سِنَة,sina,שֵׁנָה,sheiná,sina,direct_cognate_ar→he;direct_cognate_he→ar
سِنّ,sinn,שֵׁן,shen,šinn,shared_borrowing_source
سِنْجَار,sinjār,שִׁנְעָר,shin'ár,sinjar,direct_cognate_ar→he
سِيرَة,sīra,סָר,sar,sir,lemma_promoted
سِيرْك,sirk,קוֹרוֹנָה,koróna,skir,shared_borrowing_source
سِيمَا,sīmā,סִימָן,simán,siman,direct_cognate_he→ar
سِيمَا,sīmā,סִמֵּן,simén,siman,direct_cognate_he→ar
سِيَاج,siyāj,סְיָג,sə'yág,siyaga,direct_cognate_ar→he;direct_cognate_he→ar;shared_borrowing_source
سِيَر,siyar,סָר,sar,siyar,direct_cognate_ar→he
شاكِر,šākir,מְשַׁכֵּר,m'shakér,mšakir,root_family
شاكِر,šākir,שִׁכּוֹר,shikór,šakir,root_family
شَاء,šāʔ,שֶׂה,sé,saʔ,direct_cognate_ar→he;direct_cognate_he→ar
شَابَهَ,šābaha,הִשְׁוָה,hishvá,hišabaha,root_family
شَاة,šāh,שֶׂה,sé,sah,direct_cognate_ar→he
شَانِئ,šāniʔ,שׂוֹנֵא,soné,saniʔa,direct_cognate_ar→he
شَاه,šāh,צֶ׳ק,chek,šah,shared_borrowing_source
شَاهَة,šāha,צֶ׳ק,chek,šah,shared_borrowing_source
شَبَرَ,šabara,שִׁבֵּר,shibér,sabar,shared_borrowing_source;lemma_promoted
شَبَرَ,šabara,שֶׁבֶר,shéver,šibir,shared_borrowing_source;lemma_promoted
شَبَرَ,šabara,שָׁבַר,shavár,sabar,shared_borrowing_source;lemma_promoted
شَبَرَ,šabara,שֻׁבַּר,shubár,sabar,shared_borrowing_source;lemma_promoted
شَبَّرَ,šabbara,שִׁבֵּר,shibér,sabbar,shared_borrowing_source;lemma_promoted
شَبَّرَ,šabbara,שֶׁבֶר,shéver,šibir,shared_borrowing_source;lemma_promoted
شَبَّرَ,šabbara,שָׁבַר,shavár,sabar,shared_borrowing_source;lemma_promoted
شَبَّرَ,šabbara,שֻׁבַּר,shubár,sabar,shared_borrowing_source;lemma_promoted
شَبُّور,šabbūr,שׁוֹפָר,shofár,šabbur,direct_cognate_ar→he
شَبِعَ,šabiʕa,שָׂבֵעַ,savéa',sabiʕa,direct_cognate_he→ar
شَبِعَ,šabiʕa,שָׂבַע,savá',sabiʕa,direct_cognate_ar→he;direct_cognate_he→ar
شَبِعَ,šabiʕa,שָׂבָע,savá',sabiʕa,direct_cognate_he→ar
شَبِعَ,šabiʕa,שֹׂבַע,sóva',sabiʕa,direct_cognate_he→ar
شَبِهَ,šabiha,הִשְׁוָה,hishvá,hišabiha,direct_cognate_ar→he
شَبْر,šabr,שִׁבֵּר,shibér,sabar,shared_borrowing_source
شَبْر,šabr,שֶׁבֶר,shéver,šibir,shared_borrowing_source
شَبْر,šabr,שָׁבַר,shavár,sabar,shared_borrowing_source
شَبْر,šabr,שֻׁבַּר,shubár,sabar,shared_borrowing_source
شَتَّانَ,šattāna,הִשְׁתַּנָּה,hishtaná,hišattana,direct_cognate_he→ar
شَتِيت,šatīt,מְשֻׁנֶּה,m'shuné,šatiti,root_family
شَتِيت,šatīt,מִשְׁתַּנֶּה,mishtané,mišatiti,root_family
شَتّ,šatt,מְשֻׁנֶּה,m'shuné,mišatti,root_family
شَتّ,šatt,מִשְׁתַּנֶּה,mishtané,mištatti,root_family
شَحَطَ,šaḥaṭa,שָׁחַט,shakhát,šaxaṭa,direct_cognate_ar→he;lemma_promoted
شَحَّطَ,šaḥḥaṭa,שָׁחַט,shakhát,šaxaṭa,direct_cognate_ar→he;lemma_promoted
شَحْط,šaḥṭ,שָׁחַט,shakhát,šaxaṭa,direct_cognate_ar→he
شَدَّة,šadda,שַׁדָּה,shadá,šadda,shared_borrowing_source
شَرَى,šarā,שַׂר,sár,sara,lemma_promoted
شَرَى,šarā,שָׁר,shar,šara,lemma_promoted
شَرَى,šarā,שָׁרָה,shará,šara,direct_cognate_ar→he
شَرَى,šarā,שָׂרָה,sará,sara,direct_cognate_ar→he;direct_cognate_he→ar
شَرَى,šarā,שרה,,šara,direct_cognate_ar→he
شَرَّ,šarra,סָרַר,sarár,sarrar,direct_cognate_he→ar
شَرَّشَ,šarraša,שֹׁרֶשׁ,šóreš,šurš,shared_borrowing_source;lemma_promoted
شَرَّشَ,šarraša,שֹׁרַשׁ,šoráš,šurš,shared_borrowing_source;lemma_promoted
شَرِيش,šarīš,שֶׁרִי,shéri,šariš,shared_borrowing_source
شَرِيط,šarīṭ,מַסְרֵטָה,masretáh,masariṭah,root_family
شَرِيط,šarīṭ,סֶרֶט,séret,sariṭ,direct_cognate_he→ar
شَرِيطَة,šarīṭa,סֶרֶט,séret,sariṭ,root_family
شَرْمُوطَة,šarmūṭa,סְמַרְטוּט,smartút,smarmuṭ,direct_cognate_ar→he
شَرْمُوطَة,šarmūṭa,שַׁרְמוּטָה,sharmúta,šarmuṭa,shared_borrowing_source
شَعَرَ,šaʕara,שֵׂעָר,se'ár,saʕara,direct_cognate_he→ar
شَعُرَ,šaʕura,שֵׂעָר,se'ár,saʕara,direct_cognate_he→ar
شَعِرَ,šaʕira,שֵׂעָר,se'ár,saʕr,direct_cognate_he→ar;shared_borrowing_source
شَعِير,šaʕīr,שְׂעוֹרָה,se'orá,saʕir,direct_cognate_ar→he
شَعْر,šaʕr,שֵׂעָר,se'ár,saʕr,direct_cognate_he→ar;shared_borrowing_source
شَفَة,šafa,שָׂפָה,safá,sapat,shared_borrowing_source
شَفَعَ,šafaʕa,שֶׁפַע,shéfa',šafaʕa,direct_cognate_ar→he;direct_cognate_he→ar;lemma_promoted
شَفَعَ,šafaʕa,שָׁפַע,shafá',šafaʕa,direct_cognate_ar→he;direct_cognate_he→ar;lemma_promoted
شَفَّرَ,šaffara,סִפְרָה,sifrá,kifra,shared_borrowing_source
شَفْع,šafʕ,שֶׁפַע,shéfa',šafaʕa,direct_cognate_ar→he
شَفْع,šafʕ,שָׁפַע,shafá',šafaʕa,direct_cognate_ar→he
شَكَرَ,šakara,שָׂכָר,sakhár,sakara,direct_cognate_ar→he
شَكْشُوكَة,šakšūka,שַׁקְשׁוּקָה,shakshúka,šakšuka,shared_borrowing_source
شَلَّال,šallāl,שְׁלוּלִית,shlulít,šallalit,direct_cognate_he→ar
شَمَر,šamar,שֻׁמָּר,šumár,šimru,direct_cognate_ar→he;direct_cognate_he→ar;shared_borrowing_source
شَمَر,šamar,שׁוֹמֵר,shomér,šimru,lemma_promoted
شَمَر,šamar,שׁוּמֶר,shumér,šimru,lemma_promoted
شَمَّاس,šammās,שֶׁמֶשׁ,shémesh,samš,shared_borrowing_source
شَمْبَانْيَا,šambānyā,קַמְפֵּיְן,kampéin,kampus,shared_borrowing_source
شَمْبَانْيَا,šambānyā,קַמְפּוּס,kampus,kampus,shared_borrowing_source
شَمْبَانْيَا,šambānyā,שַׁמְפַּנְיָה,shampánya,šapan,shared_borrowing_source
شَمْس,šams,שֶׁמֶשׁ,shémesh,samš,shared_borrowing_source
شَمْعُون,šamʕūn,שִׁמְעוֹן,shim'ón,šimʔan,shared_borrowing_source
شَنَأَ,šanaʔa,שִׂנְאָה,sin'á,sanaʔa,root_family
شَنَأَ,šanaʔa,שָׂנֵא,sané,sanaʔa,direct_cognate_ar→he;direct_cognate_he→ar
شَنَأَ,šanaʔa,שׂוֹנֵא,soné,sanaʔa,root_family
شَنَار,šanār,־לֶה •,-le,-tram,shared_borrowing_source
شَنَار,šanār,פוּטֶר,fúter,-tram,shared_borrowing_source
شَنِئَ,šaniʔa,שִׂנְאָה,sin'á,saniʔa,root_family
شَنِئَ,šaniʔa,שׂוֹנֵא,soné,saniʔa,lemma_promoted
شَهَرَ,šahara,סַהַר,sáhar,sahr,lemma_promoted
شَهَرَ,šahara,סֹהַר,sóhar,sahr,lemma_promoted
شَهَرَ,šahara,שַׂהַר,sáhar,sahr,lemma_promoted
شَهَّرَ,šahhara,סַהַר,sáhar,sahr,lemma_promoted
شَهَّرَ,šahhara,סֹהַר,sóhar,sahr,lemma_promoted
شَهَّرَ,šahhara,שַׂהַר,sáhar,sahr,lemma_promoted
شَهِيد,šahīd,שָׂהֵד,sahéd,sahid,direct_cognate_ar→he;direct_cognate_he→ar
شَهْر,šahr,סַהַר,sáhar,sahr,direct_cognate_he→ar;shared_borrowing_source
شَهْر,šahr,סֹהַר,sóhar,sahr,shared_borrowing_source
شَهْر,šahr,שַׂהַר,sáhar,sahr,direct_cognate_he→ar;shared_borrowing_source
شَوْق,šawq,שִׁוֵּק,shivék,suqum,shared_borrowing_source
شَوْق,šawq,שִׁוּוּק,shivúk,suqum,lemma_promoted
شَوْق,šawq,שׁוּק,shuk,suqum,shared_borrowing_source
شَيْخ,šayḵ,שֵׁיךְ,shékh,šayx,shared_borrowing_source
شَيْطَان,šayṭān,שָׂטָן,śāṭān,satan,direct_cognate_ar→he;direct_cognate_he→ar;shared_borrowing_source
شَيْقَل,šayqal,שֶׁקֶל,shékel,šikil,shared_borrowing_source
شُبَاط,šubāṭ,שְׁבָט,sh'vát,šabaṭum,shared_borrowing_source
شُبِر,šubir,שִׁבֵּר,shibér,sabar,lemma_promoted
شُبِر,šubir,שֶׁבֶר,shéver,šibir,lemma_promoted
شُبِر,šubir,שָׁבַר,shavár,sabar,lemma_promoted
شُبِر,šubir,שֻׁבַּר,shubár,sabar,lemma_promoted
شُرَّاب,šurrāb,גֶּרֶב,gérev,šurrab,shared_borrowing_source
شُرَّاب,šurrāb,גָּרַב,garáv,šurrab,shared_borrowing_source
شُرْش,šurš,שֹׁרֶשׁ,šóreš,šurš,shared_borrowing_source
شُرْش,šurš,שֹׁרַשׁ,šoráš,šurš,lemma_promoted
شُعُر,šuʕur,שֵׂעָר,se'ár,suʕur,direct_cognate_he→ar
شُهْرَة,šuhra,שַׂהַר,sáhar,sahara,root_family
شُوفَان,šūfān,שִׁיפוֹן,shifón,šufan,direct_cognate_ar→he;direct_cognate_he→ar
شُوكُولَاتَة,šukūlāta,שׁוֹקוֹלָד,shokolád,šakkalata,shared_borrowing_source
شِبِثّ,šibiṯṯ,שֶׁבֶת,shévet,,direct_cognate_ar→he;direct_cognate_he→ar;shared_borrowing_source
شِبْر,šibr,שִׁבֵּר,shibér,sabar,shared_borrowing_source;lemma_promoted
شِبْر,šibr,שֶׁבֶר,shéver,šibir,shared_borrowing_source;lemma_promoted
شِبْر,šibr,שָׁבַר,shavár,sabar,shared_borrowing_source;lemma_promoted
شِبْر,šibr,שֻׁבַּר,shubár,sabar,shared_borrowing_source;lemma_promoted
شِتَاء,šitāʔ,סְתָו,s'táv,sitaʔ,direct_cognate_ar→he;direct_cognate_he→ar
شِرْش,širš,שֹׁרֶשׁ,šóreš,šurš,shared_borrowing_source;lemma_promoted
شِرْش,širš,שֹׁרַשׁ,šoráš,šurš,shared_borrowing_source;lemma_promoted
شِعَار,šiʕār,שֵׂעָר,se'ár,siʕar,lemma_promoted
شِعَار,šiʕār,שַׁעַר,shá'ar,šiʕar,root_family
شِعْر,šiʕr,שְׁיָר,shyár,šiʕar,direct_cognate_ar→he
شِعْر,šiʕr,שִׁיר,shir,šiʕr,direct_cognate_ar→he
شِعْر,šiʕr,שִׁירָה,shirá,šiʕr,direct_cognate_ar→he
شِعْر,šiʕr,שֵׂעָר,se'ár,siʕar,direct_cognate_he→ar
شِعْر,šiʕr,שַׁיָּרָה,shayará,šiʕar,direct_cognate_ar→he
شِفْرَة,šifra,סִפְרָה,sifrá,kyffri,shared_borrowing_source
شِقُوبِيَّة,šiqūbiyya,סְכֶמָה,skhéma,sig,shared_borrowing_source
شِمَال,šimāl,שְׂמֹאל,s'mól,simaʔl,direct_cognate_ar→he;direct_cognate_he→ar;shared_borrowing_source
شِنَار,šinār,־לֶה •,-le,-tram,shared_borrowing_source
شِنَار,šinār,פוּטֶר,fúter,-tram,shared_borrowing_source
شِيح,šīḥ,שִׂיחַ,síakh,siax,direct_cognate_he→ar;shared_borrowing_source
شِيرَاز,šīrāz,שיראז,shiraz,širaz,shared_borrowing_source
شِيعَة,šīʕa,סִיעָה,si'á,siʕa,direct_cognate_ar→he;direct_cognate_he→ar
شِيك,šīk,צֶ׳ק,chek,šik,shared_borrowing_source
صَابُون,ṣābūn,סַבּוֹן,sabón,sapa,shared_borrowing_source
صَابِر,ṣābir,צוֹבֵר,tsovér,ṣabir,root_family
صَاحِب,ṣāḥib,סַחְבָּק,sákhbak,ṣaxib,shared_borrowing_source
صَاد,ṣād,צַיִד,tsáyid,ṣayid,lemma_promoted
صَاد,ṣād,צַיָּד,tsayád,ṣayid,lemma_promoted
صَادَ,ṣāda,צַיִד,tsáyid,ṣayida,lemma_promoted
صَادَ,ṣāda,צַיָּד,tsayád,ṣayida,lemma_promoted
صَادَ,ṣāda,צָד,tsad,ṣada,direct_cognate_ar→he
صَادِق,ṣādiq,צַדִּיק,tsadík,ṣadiq,direct_cognate_ar→he
صَادِق,ṣādiq,צָדִּי״ק,tsádik,ṣadiq,direct_cognate_ar→he
صَارَ,ṣāra,צָר,tsar,ṣara,root_family
صَاع,ṣāʕ,סְאָה,se'a,ṣaʕ,direct_cognate_ar→he
صَاغِر,ṣāḡir,צָעִיר,tsa'ír,ṣagir,root_family
صَافِن,ṣāfin,צָפַן,tsafán,ṣafan,shared_borrowing_source
صَاقُور,ṣāqūr,סִגְנוֹן,signón,sik,shared_borrowing_source
صَالَة,ṣāla,בְּרִיסֶל,brisel,sali,shared_borrowing_source
صَالَة,ṣāla,סַלְסָה,sálsa,sil,shared_borrowing_source
صَالَة,ṣāla,סָלוֹן,salón,sala,shared_borrowing_source
صَالَة,ṣāla,סוֹל,sol,sala,shared_borrowing_source
صَالُون,ṣālūn,בְּרִיסֶל,brisel,sali,shared_borrowing_source
صَالُون,ṣālūn,סַלְסָה,sálsa,sil,shared_borrowing_source
صَالُون,ṣālūn,סָלוֹן,salón,sala,shared_borrowing_source
صَالُون,ṣālūn,סוֹל,sol,sala,shared_borrowing_source
صَامَ,ṣāma,צָם,tsám,ṣama,direct_cognate_ar→he;direct_cognate_he→ar
صَامَ,ṣāma,צוֹם,tsom,ṣama,lemma_promoted
صَبَا,ṣabā,צָבָא,tsaváʾ,ṣaba,direct_cognate_he→ar
صَبَابَة,ṣabāba,סַבַּבָּה,sabába,ṣababa,shared_borrowing_source
صَبَغَ,ṣabaḡa,צֶבַע,tséva',ṣabaga,direct_cognate_ar→he;direct_cognate_he→ar;lemma_promoted
صَبَغَ,ṣabaḡa,צַבָּע,tsabá',ṣabaga,direct_cognate_ar→he;direct_cognate_he→ar;lemma_promoted
صَبَغَ,ṣabaḡa,צָבַע,tsavá',ṣabaga,direct_cognate_ar→he;direct_cognate_he→ar;lemma_promoted
صَبَّ,ṣabba,סַבַּבָּה,sabába,ṣababa,lemma_promoted
صَبَّار,ṣabbār,צַבָּר,tsabár,ṣabbar,shared_borrowing_source
صَبَّار,ṣabbār,צוֹבֵר,tsovér,ṣabbar,root_family
صَبُور,ṣabūr,צוֹבֵר,tsovér,ṣabur,root_family
صَبّ,ṣabb,סַבַּבָּה,sabába,ṣababa,lemma_promoted
صَبْغ,ṣabḡ,צֶבַע,tséva',ṣabaga,direct_cognate_ar→he
صَبْغ,ṣabḡ,צַבָּע,tsabá',ṣabaga,direct_cognate_ar→he
صَبْغ,ṣabḡ,צָבַע,tsavá',ṣabaga,direct_cognate_ar→he
صَتَم,ṣatam,סְתָם,stám,ṣatam,direct_cognate_he→ar
صَتَم,ṣatam,סֶתֶם,sétem,ṣatam,direct_cognate_he→ar
صَتَم,ṣatam,סָתַם,satám,ṣatam,direct_cognate_he→ar
صَتَمَ,ṣatama,סְתָם,stám,ṣatama,direct_cognate_ar→he;direct_cognate_he→ar
صَتَمَ,ṣatama,סֶתֶם,sétem,ṣatama,direct_cognate_ar→he;direct_cognate_he→ar
صَتَمَ,ṣatama,סָתַם,satám,ṣatama,direct_cognate_ar→he;direct_cognate_he→ar
صَتَّمَ,ṣattama,סְתָם,stám,ṣatama,direct_cognate_he→ar
صَتَّمَ,ṣattama,סֶתֶם,sétem,ṣatama,direct_cognate_he→ar
صَتَّمَ,ṣattama,סָתַם,satám,ṣatama,direct_cognate_he→ar
صَحَارَى,ṣaḥārā,סָהָרָה,sahára,ṣaxara,shared_borrowing_source
صَحِيح,ṣaḥīḥ,צַח,tsákh,ṣaxix,direct_cognate_ar→he
صَحِيح,ṣaḥīḥ,צָחִיחַ,tsakhíakh,ṣaxiax,root_family
صَحْرَاء,ṣaḥrāʔ,סָהָרָה,sahára,ṣaxara,lemma_promoted
صَحْن,ṣaḥn,צַלַּחַת,tsalákhat,ṣalaxan,direct_cognate_ar→he;direct_cognate_he→ar
صَدَاقَة,ṣadāqa,צְדָקָה,ts'daká,ṣadaqa,root_family
صَدَعَ,ṣadaʕa,סוֹדָה לִשְׁתִיָּה,sōdá líš'tíyah,ṣaddaʕa,shared_borrowing_source
صَدَف,ṣadaf,צֶדֶף,tsédef,ṣadap,shared_borrowing_source
صَدَقَة,ṣadaqa,צְדָקָה,ts'daká,ṣadaqa,direct_cognate_ar→he;direct_cognate_he→ar
صَدُقَة,ṣaduqa,צְדָקָה,ts'daká,ṣadaqa,direct_cognate_ar→he
صَدُوق,ṣadūq,צַדִּיק,tsadík,ṣaduq,root_family
صَدُوق,ṣadūq,צוֹדֵק,tsodék,ṣaduq,root_family
صَرَحَ,ṣaraḥa,צְרִיחַ,ts'ríakh,ṣariaxa,lemma_promoted
صَرَخَ,ṣaraḵa,צָרַח,tsarákh,ṣaraxa,direct_cognate_ar→he;direct_cognate_he→ar
صَرَّحَ,ṣarraḥa,צְרִיחַ,ts'ríakh,ṣariaxa,lemma_promoted
صَرُحَ,ṣaruḥa,צְרִיחַ,ts'ríakh,ṣaruaxa,lemma_promoted
صَرْح,ṣarḥ,צְרִיחַ,ts'ríakh,ṣariaxa,direct_cognate_ar→he
صَرْصَر,ṣarṣar,צְרָצַר,tsratsár,ṣarṣar,direct_cognate_he→ar
صَعِدَ,ṣaʕida,צַעַד,tsá'ad,ṣaʕida,direct_cognate_ar→he
صَغُرَ,ṣaḡura,הִצְטַעֵר,hitsta'ér,ṣtagura,root_family
صَغُرَ,ṣaḡura,צָעִיר,tsa'ír,ṣagir,shared_borrowing_source
صَغِير,ṣaḡīr,צָעִיר,tsa'ír,ṣagir,direct_cognate_he→ar;shared_borrowing_source
صَغِيرَة,ṣaḡīra,צְעִירָה,ts'irá,ṣagira,root_family
صَفَر,ṣafar,סְפָרוֹת,s'farót,ṣafara,root_family
صَفَر,ṣafar,סִפְרָה,sifrá,ṣafara,direct_cognate_he→ar
صَفَرَ,ṣafara,סִפְרָה,sifrá,ṣafara,direct_cognate_he→ar;lemma_promoted
صَفَرَ,ṣafara,צָפַר,tsafár,ṣafara,direct_cognate_he→ar
صَفَّرَ,ṣaffara,סִפְרָה,sifrá,ṣafara,direct_cognate_he→ar;lemma_promoted
صَفِرَ,ṣafira,סִפְרָה,sifrá,ṣafira,direct_cognate_he→ar;lemma_promoted
صَفْر,ṣafr,סִפְרָה,sifrá,ṣafr,direct_cognate_he→ar;lemma_promoted
صَفْصَاف,ṣafṣāf,צַפְצָפָה,tsaftsafá,ṣafṣaf,direct_cognate_ar→he
صَلَبَ,ṣalaba,צְלָב,tzlav,ṣalaba,direct_cognate_he→ar
صَلَبَ,ṣalaba,צָלַב,tzaláv,ṣalaba,direct_cognate_ar→he;direct_cognate_he→ar
صَلَى,ṣalā,צָלָה,tsalá,ṣala,direct_cognate_he→ar
صَلِيب,ṣalīb,צְלָב,tzlav,ṣalib,direct_cognate_he→ar
صَلِيب,ṣalīb,צָלַב,tzaláv,ṣalib,direct_cognate_he→ar
صَلْصَة,ṣalṣa,סַלְסָה,sálsa,salsa,shared_borrowing_source
صَلْصَة,ṣalṣa,סָלוֹן,salón,sil,shared_borrowing_source
صَلْصَة,ṣalṣa,סוֹל,sol,sil,shared_borrowing_source
صَنَم,ṣanam,צִלֵּם,tsilém,ṣanam,direct_cognate_he→ar
صَنَم,ṣanam,צֶלֶם,tsélem,ṣanam,direct_cognate_he→ar
صَنَم,ṣanam,צַלָּם,tsalám,ṣanam,direct_cognate_he→ar
صَنَوْبَر,ṣanawbar,צְנוֹבָּר,tsnobár,ṣanawbar,shared_borrowing_source
صَنْج,ṣanj,גִּיטָרָה,gitára,kinnar,shared_borrowing_source
صَنْج,ṣanj,כִּנֶּרֶת,kinéret,kinnar,shared_borrowing_source
صَنْج,ṣanj,כִּנּוֹר,kinór,kinnar,shared_borrowing_source
صَنْعَاء,ṣanʕāʔ,צַנְעָא,tsan'a,ṣanʕaʔ,shared_borrowing_source
صَهَب,ṣahab,צָהֹב,tsahóv,ṣahiba,direct_cognate_ar→he;direct_cognate_he→ar
صَهَّبَ,ṣahhaba,צָהֹב,tsahóv,ṣahiba,direct_cognate_ar→he;direct_cognate_he→ar;lemma_promoted
صَهِبَ,ṣahiba,צָהֹב,tsahóv,ṣahiba,direct_cognate_ar→he;direct_cognate_he→ar;lemma_promoted
صَوَّمَ,ṣawwama,צָם,tsám,ṣawama,root_family
صَوْر,ṣawr,צַוָּאר,tsavár,ṣawar,root_family
صَوْر,ṣawr,צַוָּארוֹן,tsavarón,ṣawaran,root_family
صَوْرَة,ṣawra,צוֹר,tsór,sr,shared_borrowing_source
صَوْم,ṣawm,צוֹם,tsom,ṣama,direct_cognate_ar→he;direct_cognate_he→ar
صَيَّاد,ṣayyād,צַיִד,tsáyid,ṣayyad,direct_cognate_he→ar
صَيَّاد,ṣayyād,צַיָּד,tsayád,ṣayyad,direct_cognate_he→ar
صَيَّاد,ṣayyād,צָד,tsad,ṣayyad,root_family
صَيْد,ṣayd,צַיִד,tsáyid,ṣayida,direct_cognate_ar→he;direct_cognate_he→ar
صَيْد,ṣayd,צַיָּד,tsayád,ṣayida,direct_cognate_ar→he;direct_cognate_he→ar
صَيْد,ṣayd,צָד,tsad,ṣada,root_family
صَيْدَا,Ṣaydā,צִידוֹן,tsidón,sydwn,direct_cognate_ar→he;shared_borrowing_source
صَيْدُون,ṣaydūn,צִידוֹן,tsidón,sydwn,direct_cognate_ar→he;shared_borrowing_source
صُبّ,ṣubb,סַבַּבָּה,sabába,ṣababa,lemma_promoted
صُدَاع,ṣudāʕ,סוֹדָה לִשְׁתִיָּה,sōdá líš'tíyah,ṣudaʕ,shared_borrowing_source
صُرْصُور,ṣurṣūr,צְרָצַר,tsratsár,ṣuraṣur,direct_cognate_ar→he
صُفَّة,ṣuffa,סַפָּה,sapá,ṣuppa,shared_borrowing_source
صُفَّة,ṣuffa,פְּסֵיפָס,psefás,psipas,shared_borrowing_source
صُفْر,ṣufr,סִפְרָה,sifrá,ṣufr,direct_cognate_he→ar;lemma_promoted
صُور,ṣūr,צוֹר,tsór,sr,shared_borrowing_source
صُور,ṣūr,שׁוֹפָר,shofár,šafar,shared_borrowing_source
صُورَة,ṣūra,צַוָּאר,tsavár,ṣuwar,root_family
صُورَة,ṣūra,צָר,tsar,ṣur,root_family
صُورَة,ṣūra,צוּרָה,tsurá,ṣura,direct_cognate_ar→he;direct_cognate_he→ar
صِبًا,ṣiban,צָבָא,tsaváʾ,ṣiban,direct_cognate_he→ar
صِبَغ,ṣibaḡ,צֶבַע,tséva',ṣibag,direct_cognate_ar→he;lemma_promoted
صِبَغ,ṣibaḡ,צַבָּע,tsabá',ṣibag,direct_cognate_ar→he;lemma_promoted
صِبَغ,ṣibaḡ,צָבַע,tsavá',ṣibag,direct_cognate_ar→he;lemma_promoted
صِبْغ,ṣibḡ,צֶבַע,tséva',ṣibag,direct_cognate_ar→he;lemma_promoted
صِبْغ,ṣibḡ,צַבָּע,tsabá',ṣibag,direct_cognate_ar→he;lemma_promoted
صِبْغ,ṣibḡ,צָבַע,tsavá',ṣibag,direct_cognate_ar→he;lemma_promoted
صِبْغَة,ṣibḡa,צֶבַע,tséva',ṣibag,lemma_promoted
صِبْغَة,ṣibḡa,צַבָּע,tsabá',ṣibag,lemma_promoted
صِبْغَة,ṣibḡa,צָבַע,tsavá',ṣibag,lemma_promoted
صِحِّيّ,ṣiḥḥiyy,צַח,tsákh,ṣixx,root_family
صِحِّيّ,ṣiḥḥiyy,צָחִיחַ,tsakhíakh,ṣaxiaxx,root_family
صِدِّيق,ṣiddīq,צַדִּיק,tsadík,ṣiddiq,direct_cognate_he→ar
صِفَة,ṣifa,סַפָּה,sapá,sip-pu,shared_borrowing_source
صِفَة,ṣifa,פְּסֵיפָס,psefás,psipas,shared_borrowing_source
صِفْر,ṣifr,סִפְרָה,sifrá,ṣipr,direct_cognate_he→ar;shared_borrowing_source;lemma_promoted
صِفْرِيّ,ṣifriyy,מִסְפָּרִי,misparí,ṣifpari,root_family
صِير,ṣīr,צִיר,tsír,ṣayyara,direct_cognate_ar→he
صِين,ṣīn,סִין,sin,ṣin,shared_borrowing_source
ضَأْن,ḍaʔn,צֹאן,tsón,ṣaʔn,direct_cognate_he→ar;shared_borrowing_source
ضَبَّ,ḍabba,צָב,tsáv,ṣabb,lemma_promoted
ضَبُع,ḍabuʕ,צָבוֹעַ,tsavóa,ṣabuʕ,direct_cognate_he→ar;shared_borrowing_source
ضَبّ,ḍabb,צָב,tsáv,ṣabb,direct_cognate_ar→he;direct_cognate_he→ar;shared_borrowing_source
ضَحَّكَ,ḍaḥḥaka,צָחַק,tsakhák,ṣaxaka,lemma_promoted
ضَحُوك,ḍaḥūk,מַצְחִיק,matskhík,hiṣaxuk,root_family
ضَحِك,ḍaḥik,צְחוֹק,ts'khok,ṣaxika,root_family
ضَحِك,ḍaḥik,צָחַק,tsakhák,ṣaxika,direct_cognate_ar→he
ضَحِكَ,ḍaḥika,צָחַק,tsakhák,ṣaxika,direct_cognate_he→ar;lemma_promoted
ضَحِكَ,ḍaḥika,שָׂחַק,saḥáq,ṣaxika,direct_cognate_he→ar
ضَرَا,ḍarā,צֳרִי,tsorí,ṣara,direct_cognate_he→ar
ضَرَّة,ḍarra,צַר,tsar,ṣarrat,lemma_promoted
ضَرَّة,ḍarra,צָר,tsar,ṣarrat,lemma_promoted
ضَرَّة,ḍarra,צָרָה,tsará,ṣarrat,direct_cognate_he→ar;shared_borrowing_source
ضَعَّفَ,ḍaʕʕafa,צָעִיף,tsa'íf,ṣaʕafa,direct_cognate_he→ar;lemma_promoted
ضَعُفَ,ḍaʕufa,צָעִיף,tsa'íf,ṣaʕufa,direct_cognate_he→ar;lemma_promoted
ضَعْف,ḍaʕf,צָעִיף,tsa'íf,ṣaʕufa,direct_cognate_he→ar;lemma_promoted
ضَفْدَعَ,ḍafdaʕa,צְפַרְדֵּעַ,tz'fardéa,ṣafrdaʕa,direct_cognate_he→ar
ضَلَع,ḍalaʕ,צֵלָע,tselá,ṣalaʕa,lemma_promoted
ضَلَع,ḍalaʕ,צֶלַע,tséla,ṣalaʕa,lemma_promoted
ضَلَع,ḍalaʕ,צָלַע,tsalá,ṣalaʕa,lemma_promoted
ضَلَعَ,ḍalaʕa,צֵלָע,tselá,ṣalaʕa,lemma_promoted
ضَلَعَ,ḍalaʕa,צֶלַע,tséla,ṣalaʕa,lemma_promoted
ضَلَعَ,ḍalaʕa,צָלַע,tsalá,ṣalaʕa,lemma_promoted
ضَلَّعَ,ḍallaʕa,צֵלָע,tselá,ṣalaʕa,lemma_promoted
ضَلَّعَ,ḍallaʕa,צֶלַע,tséla,ṣalaʕa,lemma_promoted
ضَلَّعَ,ḍallaʕa,צָלַע,tsalá,ṣalaʕa,lemma_promoted
ضَلُعَ,ḍaluʕa,צֵלָע,tselá,ṣaluʕa,lemma_promoted
ضَلُعَ,ḍaluʕa,צֶלַע,tséla,ṣaluʕa,lemma_promoted
ضَلُعَ,ḍaluʕa,צָלַע,tsalá,ṣaluʕa,lemma_promoted
ضَلِعَ,ḍaliʕa,צֵלָע,tselá,ṣaliʕa,lemma_promoted
ضَلِعَ,ḍaliʕa,צֶלַע,tséla,ṣaliʕa,lemma_promoted
ضَلِعَ,ḍaliʕa,צָלַע,tsalá,ṣaliʕa,lemma_promoted
ضَلْع,ḍalʕ,צֵלָע,tselá,ṣalaʕa,direct_cognate_ar→he
ضَلْع,ḍalʕ,צֶלַע,tséla,ṣalaʕa,direct_cognate_ar→he
ضَلْع,ḍalʕ,צָלַע,tsalá,ṣalaʕa,direct_cognate_ar→he
ضُعْف,ḍuʕf,צָעִיף,tsa'íf,ṣaʕufa,direct_cognate_he→ar;lemma_promoted
ضِدَّ,ḍidda,צַד,tsád,ṣidda,direct_cognate_he→ar
ضِدّ,ḍidd,צַד,tsád,ṣidd,direct_cognate_ar→he;direct_cognate_he→ar
ضِدّ,ḍidd,צָד,tsad,ṣidd,direct_cognate_ar→he
ضِعْف,ḍiʕf,צָעִיף,tsa'íf,ṣiʕif,direct_cognate_he→ar;lemma_promoted
ضِفْدِع,ḍifdiʕ,צְפַרְדֵּעַ,tz'fardéa,ṣifardiaʕ,direct_cognate_ar→he;direct_cognate_he→ar
ضِلْع,ḍilʕ,צֵלָע,tselá,ṣilaʕ,direct_cognate_ar→he;direct_cognate_he→ar;lemma_promoted
ضِلْع,ḍilʕ,צֶלַע,tséla,ṣilaʕ,direct_cognate_ar→he;lemma_promoted
ضِلْع,ḍilʕ,צָלַע,tsalá,ṣilaʕ,direct_cognate_ar→he;lemma_promoted
طَابَع,ṭābaʕ,אֶצְבַּע,étsba,ʔiṭabaʕ,direct_cognate_ar→he
طَابَع,ṭābaʕ,דַּף,dáf,ṭuppum,shared_borrowing_source
طَابَع,ṭābaʕ,טַבַּעַת,tabá'at,tabaʕat,direct_cognate_ar→he;shared_borrowing_source
طَاحُونَة,ṭāḥūna,טַחֲנָה,takhaná,ṭaxuna,root_family
طَارَ,ṭāra,טוּר,túr,ṭara,lemma_promoted
طَاس,ṭās,טֶסְט,test,tₔtk-tas,shared_borrowing_source
طَاعَمَ,ṭāʕama,טָעַם,ta'ám,ṭaʕama,root_family
طَاغُوت,ṭāḡūt,טָעוּת,ta'út,taʔut,shared_borrowing_source
طَاهِر,ṭāhir,טָהוֹר,tahór,ṭahir,direct_cognate_ar→he;direct_cognate_he→ar
طَاوِلَة,ṭāwila,טַבְלָה,tavlá,tawala,shared_borrowing_source
طَبَخَ,ṭabaḵa,טֶבַח,tévakh,ṭabaxa,direct_cognate_ar→he;direct_cognate_he→ar
طَبَخَ,ṭabaḵa,טַבָּח,tabákh,ṭabaxa,direct_cognate_ar→he;direct_cognate_he→ar
طَبَخَ,ṭabaḵa,טָבַח,tavákh,ṭabaxa,direct_cognate_ar→he;direct_cognate_he→ar
طَبَخَ,ṭabaḵa,מִטְבָּח,mitbákh,miṭabaxa,root_family
طَبَرِيَّة,ṭabariyya,טְבֶרְיָה,tvéria,tibirias,shared_borrowing_source
طَبَعَ,ṭabaʕa,טֶבַע,téva,ṭabaʕa,lemma_promoted
طَبَلَ,ṭabala,טַבְלָה,tavlá,tabla,lemma_promoted
طَبَّاخ,ṭabbāḵ,טַבָּח,tabákh,ṭabbax,direct_cognate_ar→he
طَبَّاخ,ṭabbāḵ,מִטְבָּח,mitbákh,miṭabbax,root_family
طَبَّعَ,ṭabbaʕa,טֶבַע,téva,ṭabaʕa,lemma_promoted
طَبَّلَ,ṭabbala,טַבְלָה,tavlá,tabla,lemma_promoted
طَبْع,ṭabʕ,טֶבַע,téva,ṭabaʕa,direct_cognate_he→ar
طَبْل,ṭabl,טַבְלָה,tavlá,tabla,shared_borrowing_source
طَحَنَ,ṭaḥana,טָחַן,takhán,ṭaxan,direct_cognate_he→ar;shared_borrowing_source
طَحَّان,ṭaḥḥān,טַחֲנָה,takhaná,ṭaxxan,root_family
طَحَّان,ṭaḥḥān,מַטְחֵנָה,matkhena,ṭatxxan,root_family
طَحِين,ṭaḥīn,טְחִינָה,t'khiná,ṭaxin,root_family
طَحِين,ṭaḥīn,טָחוּן,takhún,ṭaxin,root_family
طَحِينَة,ṭaḥīna,טְחִינָה,t'khiná,ṭaxina,shared_borrowing_source
طَرَّقَ,ṭarraqa,הִדְרִיךְ,hidrikh,ṭaraqa,root_family
طَرِيق,ṭarīq,דֶּרֶךְ,dérekh,ṭariq,direct_cognate_ar→he;direct_cognate_he→ar
طَرِيق,ṭarīq,דָּרַךְ,darákh,ṭariq,direct_cognate_he→ar
طَرِيق,ṭarīq,הַדְרָכָה,hadrakha,haṭariq,root_family
طَرِيق,ṭarīq,מִדְרָכָה,midrakhá,miṭariq,root_family
طَرِيَ,ṭariya,טָרִי,tarí,ṭariya,direct_cognate_ar→he
طَرِيّ,ṭariyy,טָרִי,tarí,ṭari,direct_cognate_ar→he;direct_cognate_he→ar
طَعَام,ṭaʕām,טַעַם,tá'am,ṭaʕam,direct_cognate_ar→he
طَعَّمَ,ṭaʕʕama,טַעַם,tá'am,ṭaʕama,direct_cognate_ar→he;lemma_promoted
طَعَّمَ,ṭaʕʕama,טָעַם,ta'ám,ṭaʕama,lemma_promoted
طَعِمَ,ṭaʕima,טַעַם,tá'am,ṭaʕima,direct_cognate_ar→he;lemma_promoted
طَعِمَ,ṭaʕima,טָעַם,ta'ám,ṭaʕima,lemma_promoted
طَعْم,ṭaʕm,טַעַם,tá'am,ṭaʕima,direct_cognate_ar→he;direct_cognate_he→ar
طَعْم,ṭaʕm,טָעַם,ta'ám,ṭaʕima,direct_cognate_he→ar
طَفَا,ṭafā,הֲצָפָה,hatsafá,haṭafa,root_family
طَفَا,ṭafā,הֵצִיף,hetsíf,ṭafa,root_family
طَفَا,ṭafā,צָף,tsaf,ṭafa,direct_cognate_ar→he
طَقْس,ṭaqs,טֶקֶס,tékes,ṭaqs,shared_borrowing_source
طَلًا,ṭalan,טָלֶה,talé,ṭalay,shared_borrowing_source
طَلَّ,ṭalla,טַל,tal,ṭalla,direct_cognate_ar→he;direct_cognate_he→ar
طَلّ,ṭall,טַל,tal,ṭalla,direct_cognate_ar→he;direct_cognate_he→ar
طَنْجَة,ṭanja,קָרָא,kará,qaraʔ,shared_borrowing_source
طَهَّرَ,ṭahhara,הִטַּהֵר,hitahér,ṭahhara,root_family
طَهَّرَ,ṭahhara,טִהֵר,tihér,ṭahhara,root_family
طَهَّرَ,ṭahhara,טׇהֳרָה,tahorá,ṭahara,root_family
طَهُرَ,ṭahura,הִטַּהֵר,hitahér,ṭahura,root_family
طَهُرَ,ṭahura,טִהֵר,tihér,ṭahura,root_family
طَهُرَ,ṭahura,טׇהֳרָה,tahorá,ṭahura,root_family
طَوْر,ṭawr,טוּר,túr,ṭara,direct_cognate_he→ar
طَيِّب,ṭayyib,טוֹב,tov,ṭab,direct_cognate_he→ar;shared_borrowing_source
طُعَم,ṭuʕam,טַעַם,tá'am,ṭuʕam,direct_cognate_ar→he;lemma_promoted
طُعَم,ṭuʕam,טָעַם,ta'ám,ṭuʕam,lemma_promoted
طُعْم,ṭuʕm,טַעַם,tá'am,ṭuʕam,direct_cognate_ar→he;lemma_promoted
طُعْم,ṭuʕm,טָעַם,ta'ám,ṭuʕam,lemma_promoted
طُفَيْل,ṭufayl,טַפִּיל,tapil,ṭupayl,direct_cognate_ar→he;shared_borrowing_source
طُلّ,ṭull,טַל,tal,ṭalla,direct_cognate_ar→he;direct_cognate_he→ar
طُنّ,ṭunn,טֶנְדֶּר,ténder,tind,shared_borrowing_source
طُوب,ṭūb,רַב,ráv,rub,shared_borrowing_source
طُوب,ṭūb,רֹב,rov,rub,shared_borrowing_source
طُوب,ṭūb,רב,ráv-,rub,shared_borrowing_source
طُوبَة,ṭūba,דַּף,dáf,ṭuppum,shared_borrowing_source
طُوبَة,ṭūba,רַב,ráv,rub,shared_borrowing_source
طُوبَة,ṭūba,רֹב,rov,rub,shared_borrowing_source
طُوبَة,ṭūba,רב,ráv-,rub,shared_borrowing_source
طُوبُوغْرَافْيَا,ṭūbūḡrāfyā,טוֹפּוֹגְרַפְיָה,topográfya,tapagrapia,shared_borrowing_source
طُور,ṭūr,צַר,tsar,ṣurr,lemma_promoted
طُور,ṭūr,צָר,tsar,ṣurr,lemma_promoted
طُور,ṭūr,צֹר,tsór,ṣurr,shared_borrowing_source
طُور,ṭūr,צוֹר,tsór,ṣurr,lemma_promoted
طُور,ṭūr,צוּר,tsúr,ṣurr,shared_borrowing_source;lemma_promoted
طِحَال,ṭiḥāl,טְחוֹל,təḥṓl,ṭixal,shared_borrowing_source
طِفْل,ṭifl,טַפִּיל,tapil,ṭupayl,lemma_promoted
طِيط,ṭīṭ,טִיט,tít,ṭiṭ,direct_cognate_ar→he
طِين,ṭīn,טִיט,tít,ṭin,direct_cognate_ar→he;direct_cognate_he→ar;shared_borrowing_source
طِين,ṭīn,טִין,tín,ṭin,shared_borrowing_source
ظَبْي,ẓaby,צְבִי,tsví,ṣabiy,direct_cognate_ar→he;direct_cognate_he→ar;lemma_promoted
ظَرِبَان,ẓaribān,דׇּרְבָּן,dorbán,ṣariban,shared_borrowing_source
ظَعَنَ,ẓaʕana,צָעַן,tsa'án,ṣaʕana,direct_cognate_ar→he;direct_cognate_he→ar
ظَمِئ,ẓamiʔ,צָמֵא,tsamé,ṣamiʔ,direct_cognate_ar→he;shared_borrowing_source
ظَمِئ,ẓamiʔ,צָמָא,tsamá,ṣamiʔ,shared_borrowing_source
ظَمِئَ,ẓamiʔa,צָמֵא,tsamé,ṣamiʔ,direct_cognate_ar→he;direct_cognate_he→ar;shared_borrowing_source
ظَمِئَ,ẓamiʔa,צָמָא,tsamá,ṣamiʔ,direct_cognate_he→ar;shared_borrowing_source
ظُبِيّ,ẓubiyy,צְבִי,tsví,ṣabiy,direct_cognate_ar→he
ظُفْر,ẓufr,טֹפֶר,tofer,ṣupr,shared_borrowing_source
ظُفْر,ẓufr,צִפֹּרֶן,tsipóren,ṣupr,direct_cognate_he→ar;shared_borrowing_source
ظُهْر,ẓuhr,צׇהֳרַיִם,tsohoráyim,ṣuhar,direct_cognate_ar→he;direct_cognate_he→ar
ظِلّ,ẓill,צֵל,tsél,ṣill,direct_cognate_he→ar;shared_borrowing_source
عَائِم,ʕāʔim,עֲמָמִי,amamí,ʕaʔim,root_family
عَارٍ,ʕārin,עָרֹם,aróm,ʕariya,root_family
عَاصِفَة,ʕāṣifa,סוּפָה,sufá,ʕaṣifa,direct_cognate_he→ar
عَاقَبَ,ʕāqaba,עֵקֶב,ékev,ʕaqaba,direct_cognate_he→ar
عَاقَبَ,ʕāqaba,עָקֵב,akév,ʕaqaba,direct_cognate_he→ar
عَاقَبَ,ʕāqaba,עָקַב,akáv,ʕaqaba,direct_cognate_he→ar
عَالٍ,ʕālin,מְעֻלֶּה,m'ulé,maʕala,root_family
عَالٍ,ʕālin,נַעֲלֶה,na'alé,ʕaʔala,root_family
عَالٍ,ʕālin,עֲלִיָּה,aliyá,ʕalay,root_family
عَالٍ,ʕālin,עֶלְיוֹן,'elyón,ʕalyan,root_family
عَالَم,ʕālam,עוֹלָם,'olám,ʔalam,direct_cognate_he→ar;shared_borrowing_source
عَالَمِيّ,ʕālamiyy,נֶעֱלָם,,,root_family
عَالَمِيّ,ʕālamiyy,עוֹלָמִי,olamí,ʕalami,root_family
عَام,ʕām,עִם,im,ʕam,lemma_promoted
عَام,ʕām,עַם,am,ʕam,lemma_promoted
عَامَ,ʕāma,עִם,im,ʕama,lemma_promoted
عَامَ,ʕāma,עַם,am,ʕama,lemma_promoted
عَامَّة,ʕāmma,עִם,im,ʕamm,direct_cognate_ar→he
عَامَّة,ʕāmma,עַם,am,ʕamm,direct_cognate_ar→he
عَامَّةً,ʕāmmatan,עִם,im,ʕamma,direct_cognate_ar→he
عَامَّةً,ʕāmmatan,עַם,am,ʕamma,direct_cognate_ar→he
عَامِّيّ,ʕāmmiyy,עֲמָמִי,amamí,ʔaʕammi,root_family
عَامّ,ʕāmm,עֲמָמִי,amamí,ʔaʕamm,root_family
عَامّ,ʕāmm,עִם,im,ʕamm,lemma_promoted
عَامّ,ʕāmm,עַם,am,ʕamm,direct_cognate_ar→he;direct_cognate_he→ar;lemma_promoted
عَايَنَ,ʕāyana,עִיֵּן,iyén,ʕayana,root_family
عَبَدَ,ʕabada,הָעֲבוֹדָה,ha'avodá,ʕabada,lemma_promoted
عَبَدَ,ʕabada,עֲבוֹדָה,avodá,ʕabada,lemma_promoted
عَبَدَ,ʕabada,עַבְדוּת,avdút,ʕabadat,lemma_promoted
عَبَرَ,ʕabara,עִבֵּר,ibér,ʕabar,direct_cognate_he→ar;shared_borrowing_source
عَبَرَ,ʕabara,עֵבֶר,éver,ʕabar,direct_cognate_he→ar;shared_borrowing_source
عَبَرَ,ʕabara,עָבַר,avár,ʕabar,direct_cognate_ar→he;direct_cognate_he→ar;shared_borrowing_source
عَبَرَ,ʕabara,עָבָר,avár,ʕabar,direct_cognate_he→ar;shared_borrowing_source
عَبَرَ,ʕabara,עֻבָּר,ubár,ʕabar,direct_cognate_he→ar;shared_borrowing_source
عَبَّدَ,ʕabbada,הָעֲבוֹדָה,ha'avodá,ʕabada,lemma_promoted
عَبَّدَ,ʕabbada,עֲבוֹדָה,avodá,ʕabada,lemma_promoted
عَبَّدَ,ʕabbada,עַבְדוּת,avdút,ʕabadat,lemma_promoted
عَبَّرَ,ʕabbara,עִבֵּר,ibér,ʕabbara,direct_cognate_he→ar
عَبْد,ʕabd,הָעֲבוֹדָה,ha'avodá,ʕabad,lemma_promoted
عَبْد,ʕabd,עֲבוֹדָה,avodá,ʕabad,lemma_promoted
عَبْد,ʕabd,עֶבֶד,éved,ʕabid,direct_cognate_ar→he;direct_cognate_he→ar
عَبْد,ʕabd,עַבְדוּת,avdút,ʕabdut,lemma_promoted
عَبْد اللّٰه,ʕabd allāh,עוֹבַדְיָה,Ovadyá,ʕabdallah,direct_cognate_ar→he;direct_cognate_he→ar
عَتِيق,ʕatīq,עַתִּיק,atík,ʕatiyq,direct_cognate_ar→he;shared_borrowing_source
عَجَل,ʕajal,מַעְגָּל,ma'agál,ʕaʔagila,lemma_promoted
عَجَل,ʕajal,עֲגָלָה,agalá,ʕagila,lemma_promoted
عَجَلَة,ʕajala,מַעְגָּל,ma'agál,ʕaʔagila,direct_cognate_ar→he
عَجَلَة,ʕajala,עֲגָלָה,agalá,ʕagilaa,direct_cognate_ar→he;direct_cognate_he→ar
عَجِل,ʕajil,מַעְגָּל,ma'agál,ʕaʔagil,lemma_promoted
عَجِل,ʕajil,עֲגָלָה,agalá,ʕagil,lemma_promoted
عَجِلَ,ʕajila,מַעְגָּל,ma'agál,ʕaʔagila,lemma_promoted
عَجِلَ,ʕajila,עֲגָלָה,agalá,ʕagila,lemma_promoted
عَدَس,ʕadas,עֲדָשָׁה,adashá,ʕadasa,direct_cognate_ar→he;direct_cognate_he→ar
عَدَسَة,ʕadasa,עֲדָשָׁה,adashá,ʕadasa,direct_cognate_he→ar
عَدَن,ʕadan,עַדֶּן,áden,ʕadan,shared_borrowing_source
عَذَرَ,ʕaḏara,עֲזָרָה,azará,ʕazr,direct_cognate_ar→he;shared_borrowing_source
عَذَرَ,ʕaḏara,עֶזְרָה,ʿezrá,ʕazr,direct_cognate_ar→he;shared_borrowing_source
عَرَاء,ʕarāʔ,עֵירֹם,eróm,ʕaraʔ,root_family
عَرَبَة,ʕaraba,הָעֲרָבָה,ha'aravá,ʕaraba,direct_cognate_he→ar
عَرَبَة,ʕaraba,עֲרָבָה,aravá,ʕaraba,direct_cognate_he→ar
عَرَشَ,ʕaraša,עֶרֶשׂ,éres,ʕarasa,direct_cognate_ar→he;direct_cognate_he→ar;lemma_promoted
عَرَق,ʕaraq,עַרַק,ʿaráq,ʕaraq,shared_borrowing_source
عَرَق,ʕaraq,עָרַק,ʿaráq,ʕaraq,shared_borrowing_source
عَرَقَ,ʕaraqa,עַרַק,ʿaráq,ʕaraq,lemma_promoted
عَرَقَ,ʕaraqa,עָרַק,ʿaráq,ʕaraq,lemma_promoted
عَرَّقَ,ʕarraqa,עַרַק,ʿaráq,ʕaraq,lemma_promoted
عَرَّقَ,ʕarraqa,עָרַק,ʿaráq,ʕaraq,lemma_promoted
عَرِقَ,ʕariqa,עַרַק,ʿaráq,ʕaraq,lemma_promoted
عَرِقَ,ʕariqa,עָרַק,ʿaráq,ʕaraq,lemma_promoted
عَرِيَ,ʕariya,עֵירֹם,eróm,ʕariya,lemma_promoted
عَرْش,ʕarš,עֶרֶשׂ,éres,ʕarasa,direct_cognate_ar→he;direct_cognate_he→ar
عَرْعَر,ʕarʕar,עַרְעָר,ar'ár,ʕarʕar,direct_cognate_ar→he
عَزَبَ,ʕazaba,עָזַב,azáv,ʕazab,direct_cognate_ar→he;direct_cognate_he→ar;shared_borrowing_source
عَزَرَ,ʕazara,עֵזֶר,'ézer,ʕazara,direct_cognate_ar→he;lemma_promoted
عَزَرَ,ʕazara,עָזַר,'azár,ʕazara,direct_cognate_ar→he;lemma_promoted
عَزَّ,ʕazza,עַז,áz,ʕazza,lemma_promoted
عَزَّ,ʕazza,עָזַז,azáz,ʕazzaz,direct_cognate_ar→he;direct_cognate_he→ar
عَزَّ,ʕazza,עֹז,óz,ʕazza,lemma_promoted
عَزَّرَ,ʕazzara,עֵזֶר,'ézer,ʕazara,direct_cognate_ar→he;lemma_promoted
عَزَّرَ,ʕazzara,עָזַר,'azár,ʕazara,direct_cognate_ar→he;lemma_promoted
عَزِيز,ʕazīz,עַז,áz,ʕaziz,root_family
عَزِيز,ʕazīz,עָזִיז,,ʕaziz,shared_borrowing_source
عَزْر,ʕazr,עֵזֶר,'ézer,ʕazara,direct_cognate_ar→he
عَزْر,ʕazr,עָזַר,'azár,ʕazara,direct_cognate_ar→he
عَشَرَ,ʕašara,עֲשֶׂרֶת,aséret,ʕasarat,root_family
عَشَرَ,ʕašara,עֶשֶׂר,éser,ʕasara,root_family
عَشَرَة,ʕašara,עֲשָׂרָה,asará,ʕasar,lemma_promoted
عَشَرَة,ʕašara,עֶשְׂרֵה,esré,ʕasar,lemma_promoted
عَشَرَة,ʕašara,עֶשֶׂר,éser,ʕasar,shared_borrowing_source;lemma_promoted
عَشَّار,ʕaššār,מַעֲשֵׂר,ma'aser,ʕaʔaššar,root_family
عَشْر,ʕašr,עֲשֶׂרֶת,aséret,ʕasirit,root_family
عَشْر,ʕašr,עֲשָׂרָה,asará,ʕasar,lemma_promoted
عَشْر,ʕašr,עֶשְׂרֵה,esré,ʕasar,lemma_promoted
عَشْر,ʕašr,עֶשֶׂר,éser,ʕasar,shared_borrowing_source
عَصًا,ʕaṣan,עֵץ,ʿēṣ,ʕiṣ,direct_cognate_ar→he;shared_borrowing_source
عَطَسَ,ʕaṭasa,הִתְעַטֵּשׁ,hit'atésh,ʕaṭasa,direct_cognate_he→ar
عَظِيم,ʕaẓīm,עָצוּם,atsúm,ʕaṣim,direct_cognate_ar→he;direct_cognate_he→ar
عَظْم,ʕaẓm,עֶצֶם,étsem,ʕaṣm,direct_cognate_he→ar;shared_borrowing_source
عَظْم,ʕaẓm,עָצַם,atsám,ʕaṣm,direct_cognate_he→ar;shared_borrowing_source
عَفَر,ʕafar,עָפָר,afár,ʕapar,shared_borrowing_source
عَقَد,ʕaqad,עֲקֵדָה,ʿaqedá,ʕaqada,lemma_promoted
عَقَدَ,ʕaqada,עֲקֵדָה,ʿaqedá,ʕaqada,lemma_promoted
عَقَرَ,ʕaqara,עָקַר,akár,ʕaqara,direct_cognate_ar→he;lemma_promoted
عَقَّدَ,ʕaqqada,עֲקֵדָה,ʿaqedá,ʕaqada,lemma_promoted
عَقُرَ,ʕaqura,עָקַר,akár,ʕaqura,direct_cognate_ar→he;lemma_promoted
عَقِب,ʕaqib,עָקֵב,akév,ʕaqib,direct_cognate_ar→he
عَقِدَ,ʕaqida,עֲקֵדָה,ʿaqedá,ʕaqida,lemma_promoted
عَقْد,ʕaqd,עֲקֵדָה,ʿaqedá,ʕaqada,direct_cognate_he→ar
عَقْر,ʕaqr,עָקַר,akár,ʕaqara,direct_cognate_ar→he
عَقْرَب,ʕaqrab,עַקְרָב,akráv,ʕaqrab,direct_cognate_ar→he;direct_cognate_he→ar;shared_borrowing_source
عَقْعَق,ʕaqʕaq,עַקְעָק,ak'ák,ʕaqʕaq,direct_cognate_ar→he;direct_cognate_he→ar
عَلَا,ʕalā,הִתְעַלָּה,hit'alá,ʕitala,root_family
عَلَا,ʕalā,הֶעֱלָה,he'elá,ʕala,root_family
عَلَا,ʕalā,עֲלִיָּה,aliyá,ʕalay,root_family
عَلَا,ʕalā,עָלָה,ʕālā,ʕala,direct_cognate_ar→he
عَلَاء,ʕalāʔ,מַעֲלָה,ma'alá,maʕaliya,root_family
عَلَاء,ʕalāʔ,עֲלִיָּה,aliyá,ʕaliya,root_family
عَلَاء,ʕalāʔ,עֶלְיוֹן,'elyón,ʕaliyan,root_family
عَلَقَة,ʕalaqa,עֲלוּקָה,ʿălūqâ,ʕalaqa,direct_cognate_ar→he;direct_cognate_he→ar
عَلَى,ʕalā,עֲלֵי,alé,ʕala,direct_cognate_he→ar
عَلَى,ʕalā,עֵלִי,eli,ʕal,shared_borrowing_source
عَلَى,ʕalā,עַל,al,ʕalay,direct_cognate_ar→he;shared_borrowing_source
عَلَى,ʕalā,עָלֶה,alé,ʕal,shared_borrowing_source
عَلَى,ʕalā,עָלַי,aláy,ʕalay,direct_cognate_he→ar
عَلَى,ʕalā,עָלָה,ʕālā,ʕaly,shared_borrowing_source
عَلَى,ʕalā,עֹלָה,óla,ʕal,shared_borrowing_source
عَلِيَ,ʕaliya,הִתְעַלָּה,hit'alá,ʕaliya,root_family
عَلِيَ,ʕaliya,הֶעֱלָה,he'elá,ʕaliya,root_family
عَلِيَ,ʕaliya,עֲלִיָּה,aliyá,ʕaliya,root_family
عَلِيَ,ʕaliya,עֲלֵי,alé,ʕaliya,direct_cognate_ar→he
عَلِيَ,ʕaliya,עֲלֵי־,alé,ʕaliya,direct_cognate_ar→he
عَلِيَ,ʕaliya,עִלִּי,ilí,ʕaliya,direct_cognate_ar→he
عَلِيَ,ʕaliya,עֵלִי,eli,ʕal,direct_cognate_ar→he;shared_borrowing_source
عَلِيَ,ʕaliya,עָלֶה,alé,ʕal,direct_cognate_he→ar;shared_borrowing_source;lemma_promoted
عَلِيَ,ʕaliya,עָלַי,aláy,ʕaliya,direct_cognate_ar→he
عَلِيَ,ʕaliya,עָלָה,ʕālā,ʕaly,direct_cognate_ar→he;direct_cognate_he→ar;shared_borrowing_source;lemma_promoted
عَلِيَ,ʕaliya,עֹלָה,óla,ʕal,direct_cognate_he→ar;shared_borrowing_source;lemma_promoted
عَلِيُّونَ,ʕaliyyūna,עֶלְיוֹן,'elyón,ʕaliyyan,root_family
عَلِيّ,ʕaliyy,מְעֻלֶּה,m'ulé,maʕala,root_family
عَلِيّ,ʕaliyy,נַעֲלֶה,na'alé,ʕaʔali,root_family
عَلِيّ,ʕaliyy,עֵלִי,eli,ʕali,direct_cognate_he→ar
عَلِيّ,ʕaliyy,עֶלְיוֹן,'elyón,ʕalyan,root_family
عَلْمَانِيّ,ʕalmāniyy,נֶעֱלָם,,,root_family
عَلْمَانِيّ,ʕalmāniyy,עוֹלָמִי,olamí,ʕalmani,root_family
عَلْيَاء,ʕalyāʔ,מַעֲלָה,ma'alá,maʕalyaʔ,root_family
عَلْيَاء,ʕalyāʔ,עֲלִיָּה,aliyá,ʕaliyaʔ,root_family
عَلْيَاء,ʕalyāʔ,עֶלְיוֹן,'elyón,ʕalyaʔ,root_family
عَمَد,ʕamad,עָמַד,amád,ʕamad,direct_cognate_ar→he;lemma_promoted
عَمَدَ,ʕamada,עָמַד,amád,ʕamada,direct_cognate_ar→he;direct_cognate_he→ar;lemma_promoted
عَمَّدَ,ʕammada,עָמַד,amád,ʕamada,direct_cognate_ar→he;lemma_promoted
عَمُود,ʕamūd,עַמּוּד,amúd,ʕamud,direct_cognate_ar→he;direct_cognate_he→ar
عَمُود,ʕamūd,עָמַד,amád,ʕamud,lemma_promoted
عَمِلَ,ʕamila,הִתְעַמֵּל,hitamél,ʕamila,root_family
عَمِلَ,ʕamila,עָמַל,amál,ʕamila,direct_cognate_ar→he;direct_cognate_he→ar
عَمِيم,ʕamīm,עֲמָמִי,amamí,ʕamim,root_family
عَمّ,ʕamm,עַם,am,ʕamm,direct_cognate_ar→he;direct_cognate_he→ar
عَمْد,ʕamd,עָמַד,amád,ʕamada,direct_cognate_ar→he
عَمْق,ʕamq,עֵמֶק,émek,ʕamiq,direct_cognate_he→ar
عَمْق,ʕamq,עָמַק,amák,ʕamiq,direct_cognate_he→ar
عَمْق,ʕamq,עָמֹק,amók,ʕamiq,direct_cognate_he→ar
عَمْق,ʕamq,עֹמֶק,ómek,ʕamiq,direct_cognate_he→ar
عَنَان,ʕanān,עָנָן,'anán,ʕanan,direct_cognate_ar→he;direct_cognate_he→ar
عَنِيَ,ʕaniya,עָנִי,aní,ʕaniya,direct_cognate_he→ar
عَنِيَ,ʕaniya,עוני,óni,ʕaniya,lemma_promoted
عَنْبَا,ʕanbā,עַמְבָּה,'ámba,ʕamba,shared_borrowing_source
عَنْبَة,ʕanba,עַמְבָּה,'ámba,ʕanba,shared_borrowing_source
عَنْبَر,ʕanbar,עִנְבָּר,inbár,ʕanbar,shared_borrowing_source
عَنْبَر,ʕanbar,עַנְבָּר,anbár,ʕanbar,shared_borrowing_source
عَنْز,ʕanz,עֵז,éz,ʕanz,direct_cognate_ar→he;direct_cognate_he→ar;shared_borrowing_source
عَنْزَة,ʕanza,עֵז,éz,ʕanz,direct_cognate_ar→he
عَنْكَب,ʕankab,עַכָּבִישׁ,akavísh,ʕankab,shared_borrowing_source
عَنْكَبُوت,ʕankabūt,עַכָּבִישׁ,akavísh,ʕankab,direct_cognate_ar→he;direct_cognate_he→ar;shared_borrowing_source
عَوَر,ʕawar,עִוֵּר,ʕiwwer,ʕawira,direct_cognate_ar→he;direct_cognate_he→ar
عَوَر,ʕawar,עוֹר,ʕōr,ʕawira,direct_cognate_ar→he
عَوَّرَ,ʕawwara,עִוֵּר,ʕiwwer,ʕawwara,direct_cognate_ar→he;direct_cognate_he→ar;lemma_promoted
عَوَّرَ,ʕawwara,עוֹר,ʕōr,ʕawara,direct_cognate_ar→he;lemma_promoted
عَوِرَ,ʕawira,עִוֵּר,ʕiwwer,ʕawira,direct_cognate_ar→he;direct_cognate_he→ar;lemma_promoted
عَوِرَ,ʕawira,עוֹר,ʕōr,ʕawira,direct_cognate_ar→he;lemma_promoted
عَوْرَة,ʕawra,עֵירֹם,eróm,ʕawar,root_family
عَوْرَة,ʕawra,עֶרְוָה,'ervá,ʕawra,direct_cognate_he→ar
عَوْرَة,ʕawra,ערווה,'ervá,ʕawra,direct_cognate_ar→he
عَيْر,ʕayr,עַיִר,áyir,ʕayr,shared_borrowing_source
عَيْن,ʕayn,מַעֲיָן,ma'ayán,ʕaʔayan,root_family
عَيْن,ʕayn,עִיֵּן,iyén,ʕayn,shared_borrowing_source
عَيْن,ʕayn,עֵינִית,'einít,ʕaiyin,root_family
عَيْن,ʕayn,עַיִן,áyin,ʕayn,shared_borrowing_source
عُبَب,ʕubab,צָב,tsáv,ṣabb,shared_borrowing_source
عُبُب,ʕubub,צָב,tsáv,ṣabb,shared_borrowing_source
عُبُودِيَّة,ʕubūdiyya,עַבְדוּת,avdút,ʕabadat,direct_cognate_ar→he
عُجُل,ʕujul,מַעְגָּל,ma'agál,ʕaʔugul,lemma_promoted
عُجُل,ʕujul,עֲגָלָה,agalá,ʕugul,lemma_promoted
عُجْل,ʕujl,מַעְגָּל,ma'agál,ʕaʔugal,lemma_promoted
عُجْل,ʕujl,עֲגָלָה,agalá,ʕugal,lemma_promoted
عُذْر,ʕuḏr,עֲזָרָה,azará,ʕuzr,direct_cognate_he→ar
عُذْر,ʕuḏr,עֶזְרָה,ʿezrá,ʕuzr,direct_cognate_he→ar
عُرِقَ,ʕuriqa,עַרַק,ʿaráq,ʕaraq,lemma_promoted
عُرِقَ,ʕuriqa,עָרַק,ʿaráq,ʕaraq,lemma_promoted
عُرْي,ʕury,עֵירֹם,eróm,ʕariya,lemma_promoted
عُرْيَان,ʕuryān,עָרֹם,aróm,ʕuryan,direct_cognate_he→ar
عُرْيَان,ʕuryān,עָרוּם,arúm,ʕuryan,direct_cognate_he→ar;lemma_promoted
عُشَار,ʕušār,עֲשָׂרָה,asará,ʕasar,lemma_promoted
عُشَار,ʕušār,עֶשְׂרֵה,esré,ʕasar,lemma_promoted
عُشَار,ʕušār,עֶשֶׂר,éser,ʕasar,shared_borrowing_source
عُشُر,ʕušur,מַעֲשֵׂר,ma'aser,ʕaʔusur,root_family
عُشُر,ʕušur,עֲשֶׂרֶת,aséret,ʕusurit,root_family
عُشُر,ʕušur,עֲשָׂרוֹת,asarót,ʕusurit,root_family
عُشْب,ʕušb,עֵשֶׂב,ésev,ʕusib,direct_cognate_ar→he
عُصْفُور,ʕuṣfūr,צִפּוֹר,tsipór,ʕuṣpur,direct_cognate_ar→he;direct_cognate_he→ar
عُضّ,ʕuḍḍ,עֵץ,ʿēṣ,ʕiṣ,shared_borrowing_source
عُلْوِيّ,ʕulwiyy,מְעֻלֶּה,m'ulé,maʕulaw,root_family
عُلْوِيّ,ʕulwiyy,נַעֲלֶה,na'alé,ʕuʔaliw,root_family
عُلْوِيّ,ʕulwiyy,עֶלְיוֹן,'elyón,ʕulwan,root_family
عُمُومِيّ,ʕumūmiyy,עֲמָמִי,amamí,ʕumumi,root_family
عُود,ʕūd,עוּד,'úd,ʕud,shared_borrowing_source
عِبَادَة,ʕibāda,הָעֲבוֹדָה,ha'avodá,ʕabadaa,direct_cognate_he→ar
عِبَادَة,ʕibāda,עֲבוֹדָה,avodá,ʕabadaa,direct_cognate_ar→he;direct_cognate_he→ar
عِبَادَة,ʕibāda,עוֹבֵד,ovéd,ʕabada,root_family
عِبْرِيّ,ʕibriyy,עִבְרִי,ivrí,ʕiwri,shared_borrowing_source
عِجْل,ʕijl,מַעְגָּל,ma'agál,ʕiʔagal,lemma_promoted
عِجْل,ʕijl,עֲגָלָה,agalá,ʕigal,lemma_promoted
عِجْل,ʕijl,עֵגֶל,égel,ʕigl,direct_cognate_ar→he;shared_borrowing_source
عِرْق,ʕirq,עַרַק,ʿaráq,ʕaraq,lemma_promoted
عِرْق,ʕirq,עָרַק,ʿaráq,ʕaraq,lemma_promoted
عِزَّة,ʕizza,עֹז,óz,ʕizz,direct_cognate_he→ar
عِزّ,ʕizz,עַז,áz,ʕazza,direct_cognate_he→ar
عِزّ,ʕizz,עֹז,óz,ʕazza,direct_cognate_he→ar
عِشْرَة,ʕišra,עֲשָׂרָה,asará,ʕasar,lemma_promoted
عِشْرَة,ʕišra,עֶשְׂרֵה,esré,ʕasar,lemma_promoted
عِشْرَة,ʕišra,עֶשֶׂר,éser,ʕasar,lemma_promoted
عِشْرُونَ,ʕišrūna,עֲשִׂירִי,asirí,ʕisiruna,root_family
عِشْرُونَ,ʕišrūna,עֶשְׂרִים,'esrím,ʕisru,direct_cognate_ar→he;shared_borrowing_source
عِصْمَة,ʕiṣma,עׇצְמָה,otsmá,ʕiṣma,direct_cognate_he→ar
عِضّ,ʕiḍḍ,עֵץ,ʿēṣ,ʕiṣ,shared_borrowing_source
عِفْرِيت,ʕifrīt,עִפְרִית,ʿifrīt,ʕiprit,shared_borrowing_source
عِقْد,ʕiqd,עֲקֵדָה,ʿaqedá,ʕiqid,lemma_promoted
عِلِّيَّة,ʕilliyya,עֲלִיָּה,aliyá,ʕilliyya,direct_cognate_ar→he
عِلِّيُّون,ʕilliyyūn,עֶלְיוֹן,'elyón,ʕilyan,shared_borrowing_source
عِلِّيُّونَ,ʕilliyyūna,עֶלְיוֹן,'elyón,ʕaliyyan,root_family
عِلْمِيّ,ʕilmiyy,נֶעֱלָם,,,root_family
عِلْمِيّ,ʕilmiyy,עוֹלָמִי,olamí,ʕilami,root_family
عِمَاد,ʕimād,עַמּוּד,amúd,ʕimad,direct_cognate_ar→he
عِنَب,ʕinab,עֲנָבָה,,,direct_cognate_ar→he
عِنَب,ʕinab,עֵנָב,'enáv,ʕinab,direct_cognate_ar→he;direct_cognate_he→ar
عِيد الْمِيلَاد,ʕīd al-mīlād,חַג הַמּוֹלָד,khág hamolád,ʕid hal milad,direct_cognate_he→ar
عِيسَى,ʕīsā,יֵשׁוּ,yéshu,ʕisa,direct_cognate_ar→he
عِيسَى,ʕīsā,יֵשׁוּעַ,yeshúa,ʕisua,direct_cognate_ar→he
غَار,ḡār,עָר,'ár,gar,direct_cognate_ar→he
غَاز,ḡāz,גֵּז,gez,gaz,shared_borrowing_source
غَاز,ḡāz,גָּז,gaz,gaz,shared_borrowing_source
غَاز,ḡāz,כָּאוֹס,ká'os,kas,shared_borrowing_source
غَبَرَة,ḡabara,עָפָר,afár,gabar,direct_cognate_he→ar
غَبَرَة,ḡabara,עָפֹר,afór,gabar,direct_cognate_he→ar
غَبَرَة,ḡabara,עֹפֶר,ófer,gabar,direct_cognate_he→ar
غَرِيب,ḡarīb,מְעֹרָב,m'oráv,garib,root_family
غَرْب,ḡarb,המערב,hama'aráv,gaʔaraba,root_family
غَزَّة,ḡazza,עַזָּה,áza,gazza,direct_cognate_he→ar
غَطَا,ḡaṭā,עָטָה,ʿatá,gaṭa,direct_cognate_ar→he;direct_cognate_he→ar
غَطَّى,ḡaṭṭā,עָטָה,ʿatá,gaṭa,direct_cognate_ar→he
غَلَّ,ḡalla,עֹל,ol,galla,lemma_promoted
غَلّ,ḡall,עֹל,ol,galla,lemma_promoted
غَنَّى,ḡannā,עָנָה,ʿanáh,ganah,direct_cognate_ar→he
غَيْطَلَة,ḡayṭala,עֲלָטָה,alatá,gayṭala,direct_cognate_ar→he;direct_cognate_he→ar
غُبَار,ḡubār,עָפָר,afár,gubar,root_family
غُبْرَة,ḡubra,עָפָר,afár,gubar,root_family
غُرَاب,ḡurāb,עוֹרֵב,'orév,gurayb,direct_cognate_he→ar;shared_borrowing_source
غُرَيْبَة,ḡurayba,עוֹרֵב,'orév,gurayb,shared_borrowing_source
غُرُوب,ḡurūb,עֲרָבָה,aravá,garaba,root_family
غُرُوب,ḡurūb,עֶרֶב,érev,garaba,root_family
غُرُوب,ḡurūb,עַרְבַּיִם,arbáyim,garaba,root_family
غُرْلَة,ḡurla,עָרְלָה,orlá,gurla,direct_cognate_ar→he
غُلَام,ḡulām,עֶלֶם,élem,gulam,direct_cognate_ar→he
غُلَّ,ḡulla,עֹל,ol,gulla,lemma_promoted
غُلّ,ḡull,עֹל,ol,galla,direct_cognate_he→ar
غِلّ,ḡill,עֹל,ol,galla,lemma_promoted
ـهُمْ,-hum,הֵם,hem,hum,direct_cognate_he→ar;lemma_promoted
ـَات,-āt,־וֹת,-ót,ʔat,direct_cognate_he→ar
ـَان,-ān,־ָן,-án,ʔan,direct_cognate_ar→he;direct_cognate_he→ar
ـَان,-ān,־וֹן,-on,ʔan,direct_cognate_he→ar
ـَانِ,-āni,־ָן,-án,ʔani,direct_cognate_ar→he
ـَانِ,-āni,־וֹן,-on,ʔani,direct_cognate_he→ar
فَاحَ,fāḥa,פּוּחַ,púakh,puaxa,direct_cognate_he→ar
فَاخَ,fāḵa,פּוּחַ,púakh,puaxa,direct_cognate_he→ar
فَارِس,fāris,פֶּרֶץ,pérets,paris,root_family
فَاطِمَة,fāṭima,פִּטְמָה,pitma,paṭima,direct_cognate_he→ar
فَانُوس,fānūs,פַּנָּס,panás,panas,shared_borrowing_source
فَتَحَ,fataḥa,פִּתֵּחַ,pitéakh,patax,direct_cognate_he→ar;shared_borrowing_source
فَتَحَ,fataḥa,פֶּתַח,pétakh,pataxa,lemma_promoted
فَتَحَ,fataḥa,פַּתָּח,patákh,pataxa,lemma_promoted
فَتَحَ,fataḥa,פָּתַח,patákh,patax,direct_cognate_he→ar;shared_borrowing_source
فَتَّحَ,fattaḥa,פֶּתַח,pétakh,pataxa,lemma_promoted
فَتَّحَ,fattaḥa,פַּתָּח,patákh,pataxa,lemma_promoted
فَتْح,fatḥ,פֶּתַח,pétakh,pataxa,direct_cognate_he→ar
فَتْح,fatḥ,פַּתָּח,patákh,pataxa,direct_cognate_he→ar
فَتْحَة,fatḥa,פֶּתַח,pétakh,putax,direct_cognate_he→ar
فَتْحَة,fatḥa,פַּתָּח,patákh,putax,direct_cognate_ar→he;direct_cognate_he→ar
فَجَرَ,fajara,פֶּגֶר,péger,pagara,lemma_promoted
فَجَّرَ,fajjara,פֶּגֶר,péger,pagara,lemma_promoted
فَجْر,fajr,פֶּגֶר,péger,pagara,direct_cognate_he→ar
فَحْم,faḥm,פֶּחָם,pekhám,paxam,direct_cognate_ar→he;direct_cognate_he→ar
فَخَّ,faḵḵa,פַּח,pakh,paxxa,direct_cognate_he→ar
فَدَى,fadā,פָּדָה,padá,pada,direct_cognate_he→ar
فَرَأ,faraʔ,פֶּרֶא,pére,paraʔ,direct_cognate_ar→he;direct_cognate_he→ar
فَرَس,faras,פָּרַס,parás,paras,lemma_promoted
فَرَس,faras,פָּרַץ,paráts,paras,lemma_promoted
فَرَس,faras,פָּרָשׁ,parásh,paras,direct_cognate_ar→he;direct_cognate_he→ar
فَرَسَ,farasa,פָּרַס,parás,parasa,direct_cognate_ar→he;lemma_promoted
فَرَسَ,farasa,פָּרַץ,paráts,parasa,direct_cognate_ar→he;lemma_promoted
فَرَضَ,faraḍa,פֶּרֶץ,pérets,paraṣa,direct_cognate_he→ar
فَرَضَ,faraḍa,פָּרַץ,paráts,paraṣa,direct_cognate_ar→he;direct_cognate_he→ar
فَرَق,faraq,פֻּרְקָן,purkán,purqan,lemma_promoted
فَرَقَ,faraqa,פֻּרְקָן,purkán,purqan,lemma_promoted
فَرَّخَ,farraḵa,אֶפְרוֹחַ,'efróakh,ʔifaraxa,direct_cognate_he→ar
فَرَّسَ,farrasa,פָּרַס,parás,parasa,lemma_promoted
فَرَّسَ,farrasa,פָּרַץ,paráts,parasa,lemma_promoted
فَرَّسَ,farrasa,פָּרָס,parás,parsa,shared_borrowing_source
فَرَّضَ,farraḍa,פָּרַץ,paráts,paraṣa,direct_cognate_ar→he
فَرَّقَ,farraqa,פֻּרְקָן,purkán,purqan,lemma_promoted
فَرِقَ,fariqa,פֻּרְקָן,purkán,purqan,lemma_promoted
فَرْث,farṯ,פֶּרֶשׁ,péresh,paris,direct_cognate_he→ar
فَرْخ,farḵ,אֶפְרוֹחַ,'efróakh,ʔifarax,direct_cognate_he→ar
فَرْخ,farḵ,פְּרִיחָה,p'rikhá,parix,root_family
فَرْخ,farḵ,פֶּרַח,pérakh,parax,direct_cognate_ar→he;direct_cognate_he→ar
فَرْخ,farḵ,פָּרַח,parákh,parax,direct_cognate_he→ar
فَرْخ,farḵ,תִּפְרַחַת,tifrákhat,tifarxat,root_family
فَرْس,fars,פָּרַס,parás,parasa,direct_cognate_ar→he
فَرْس,fars,פָּרַץ,paráts,parasa,direct_cognate_ar→he
فَرْسَخ,farsaḵ,פַּרְסָה,parsa,parsax,direct_cognate_he→ar
فَرْق,farq,פֻּרְקָן,purkán,purqan,lemma_promoted
فَرْو,farw,פַּרְוֶה,párve,parw,shared_borrowing_source
فَرْو,farw,פרווה,parvá,parw,shared_borrowing_source
فَسَخَ,fasaḵa,פִּסֵּחַ,piséakh,pasaxa,direct_cognate_he→ar
فَسَخَ,fasaḵa,פִסֵּחַ,piséakh,pasaxa,direct_cognate_he→ar
فَسَخَ,fasaḵa,פֶּסַח,pésakh,pasaxa,direct_cognate_he→ar
فَسَخَ,fasaḵa,פָּסַח,pasákh,pasaxa,direct_cognate_ar→he;direct_cognate_he→ar
فَسْفَس,fasfas,פִּשְׁפֵּשׁ,pishpésh,paspas,direct_cognate_ar→he
فَشَل,fašal,פַשְׁלָה,fáshla,pašal,shared_borrowing_source
فَشَّلَ,faššala,פַשְׁלָה,fáshla,pašal,lemma_promoted
فَشِل,fašil,פַשְׁלָה,fáshla,pašal,lemma_promoted
فَشِلَ,fašila,פַשְׁלָה,fáshla,pašal,lemma_promoted
فَصُحَ,faṣuḥa,פִּיצָה,pítsa,paṣuxa,lemma_promoted
فَصُحَ,faṣuḥa,פִּצָּה,pitsá,paṣuxa,direct_cognate_he→ar
فَصُحَ,faṣuḥa,פָּצָה,patsá,paṣuxa,direct_cognate_ar→he;direct_cognate_he→ar
فَصُحَ,faṣuḥa,פֻּצָּה,putsá,paṣuxa,direct_cognate_he→ar
فَصْفَص,faṣfaṣ,אַסְפֶּסֶת,aspéset,ʔaspastu,shared_borrowing_source;lemma_promoted
فَصْفَص,faṣfaṣ,הִיפּוֹפּוֹטָם,hipopotám,hikwas,shared_borrowing_source
فَصْفَصَة,faṣfaṣa,אַסְפֶּסֶת,aspéset,ʔaspast,shared_borrowing_source
فَضِيحَة,faḍīḥa,פָדִיחָה,fadíkha,paṣixa,shared_borrowing_source
فَطَرَ,faṭara,הִפְטִיר,hiftír,faṭara,direct_cognate_he→ar;lemma_promoted
فَطَرَ,faṭara,פֶּטֶר,péter,paṭara,direct_cognate_ar→he;lemma_promoted
فَطَرَ,faṭara,פָּטַר,patár,paṭara,direct_cognate_ar→he;lemma_promoted
فَطْر,faṭr,הִפְטִיר,hiftír,faṭara,direct_cognate_he→ar
فَطْر,faṭr,פֶּטֶר,péter,paṭara,direct_cognate_ar→he
فَطْر,faṭr,פָּטַר,patár,paṭara,direct_cognate_ar→he
فَظِيع,faẓīʕ,פֶּצַע,pétsa,paṣiʕ,direct_cognate_ar→he
فَظِيع,faẓīʕ,פָּצַע,patsá,paṣiʕ,direct_cognate_ar→he
فَعَلَ,faʕala,פִּעֵל,pi'el,paʕala,direct_cognate_he→ar;lemma_promoted
فَعَلَ,faʕala,פָּעַל,pa'al,paʕala,direct_cognate_ar→he;direct_cognate_he→ar;lemma_promoted
فَعَلَ,faʕala,פֹּעַל,pó'al,paʕala,direct_cognate_he→ar;lemma_promoted
فَعَلَ,faʕala,פּוֹעֵל,po'él,paʕala,lemma_promoted
فَعَّلَ,faʕʕala,פִּעֵל,pi'el,paʕala,direct_cognate_he→ar;lemma_promoted
فَعَّلَ,faʕʕala,פָּעַל,pa'al,paʕala,direct_cognate_he→ar;lemma_promoted
فَعَّلَ,faʕʕala,פֹּעַל,pó'al,paʕala,direct_cognate_he→ar;lemma_promoted
فَعَّلَ,faʕʕala,פּוֹעֵל,po'él,paʕala,lemma_promoted
فَعْل,faʕl,פִּעֵל,pi'el,paʕala,direct_cognate_he→ar;lemma_promoted
فَعْل,faʕl,פָּעַל,pa'al,paʕala,direct_cognate_he→ar;lemma_promoted
فَعْل,faʕl,פֹּעַל,pó'al,paʕala,direct_cognate_he→ar;lemma_promoted
فَعْل,faʕl,פּוֹעֵל,po'él,paʕala,lemma_promoted
فَقُّوس,faqqūs,פַקְס,faks,pik,shared_borrowing_source
فَكَّ,fakka,פּוּךְ,pukh,pakka,direct_cognate_he→ar
فَلَافِل,falāfil,פִּלְפֵּל,pilpél,pilpil,shared_borrowing_source
فَلَافِل,falāfil,פָלָאפֶל,faláfel,palapil,shared_borrowing_source
فَلَقَ,falaqa,פֶּלֶג,péleg,palaqa,direct_cognate_he→ar
فَلْفَلَ,falfala,פִּלְפֵּל,pilpél,pippali,shared_borrowing_source
فَلْفَلَ,falfala,פָלָאפֶל,faláfel,pippali,shared_borrowing_source
فَم,fam,פֶּה,pe,pay,direct_cognate_he→ar;shared_borrowing_source
فَنِيَ,faniya,פֶּנִי,péni,pan,shared_borrowing_source
فَنِيَ,faniya,פָּנִים,paním,pan,shared_borrowing_source
فَيْلَسُوف,faylasūf,פִּילוֹסוֹף,pilosóf,pilasapas,shared_borrowing_source
فَيْلَسُوف,faylasūf,פִילוֹסוֹף,filosof,pilasapas,shared_borrowing_source
فُتَات,futāt,פַּת,pát,futat,direct_cognate_ar→he
فُتْحَة,futḥa,פַּתָּח,patákh,putax,direct_cognate_ar→he
فُرْس,furs,פָּרַס,parás,puras,lemma_promoted
فُرْس,furs,פָּרַץ,paráts,puras,lemma_promoted
فُرْس,furs,פָּרָס,parás,parsa,shared_borrowing_source
فُرْضَة,furḍa,פִּרְצָה,pirtsá,purṣa,root_family
فُرْضَة,furḍa,פֶּרֶץ,pérets,puriṣ,root_family
فُرْقَان,furqān,פֻּרְקָן,purkán,purqan,shared_borrowing_source
فُسَيْفِسَاء,fusayfisāʔ,פְּסֵיפָס,psefás,psipas,shared_borrowing_source
فُسْتَان,fustān,גִ׳ינְס,jins,fustaniu,shared_borrowing_source
فُسْتَان,fustān,פִיסְטוּק,fístuk,pustuq,shared_borrowing_source
فُسْتُق,fustuq,פִיסְטוּק,fístuk,pustuq,shared_borrowing_source
فُطْر,fuṭr,הִפְטִיר,hiftír,fuṭir,direct_cognate_he→ar;lemma_promoted
فُطْر,fuṭr,פֶּטֶר,péter,puṭir,direct_cognate_ar→he;lemma_promoted
فُطْر,fuṭr,פָּטַר,patár,puṭar,direct_cognate_ar→he;lemma_promoted
فُطْرَة,fuṭra,הִפְטִיר,hiftír,fuṭir,lemma_promoted
فُطْرَة,fuṭra,פִּטְרִיָּה,pitriyá,puṭriya,direct_cognate_ar→he;direct_cognate_he→ar
فُلَان,fulān,פלוני,plóni,pulani,direct_cognate_he→ar
فُلْك,fulk,פֶּלֶךְ,pélekh,pulik,direct_cognate_ar→he
فُلْكْلُور,folklōr,פוֹלְקְלוֹר,folklór,faukla,shared_borrowing_source
فُنْدُق,funduq,פֻּנְדָּק,pundák,pandakian,shared_borrowing_source
فُنْدُق,funduq,פּוּנְדָק,pundák,pandakian,shared_borrowing_source;lemma_promoted
فُول,fūl,פּוֹל,pol,pul,direct_cognate_he→ar
فُول,fūl,פוּל,ful,pul,shared_borrowing_source
فُولَاذ,fūlāḏ,פְּלָדָה,pladá,palad,shared_borrowing_source
فُوم,fūm,שׁוּם,shúm,sum,shared_borrowing_source
فِئَة,fiʔa,פֵּאָה,pe'á,piʔat,shared_borrowing_source
فِئَة,fiʔa,פֹּת,pót,piʔat,shared_borrowing_source
فِبْرَايِر,fibrāyir,פֶבְּרוּאָר,fébruar,fibruarius,shared_borrowing_source
فِدَاء,fidāʔ,פִּדְיוֹן,pidyón,padyan,root_family
فِدَاء,fidāʔ,פָּדָה,padá,pada,root_family
فِدْيَة,fidya,פִּדְיוֹן,pidyón,pidyan,root_family
فِدْيَة,fidya,פָּדָה,padá,pidya,root_family
فِرَق,firaq,פֻּרְקָן,purkán,purqan,lemma_promoted
فِرْجَار,firjār,סְפּוֹרְט,spórt,pir,shared_borrowing_source
فِرْدَوْس,firdaws,פַּרְדֵּס,pardés,paridayyah,shared_borrowing_source
فِرْسِك,firsik,אֲפַרְסֵק,afarsék,pirsik,shared_borrowing_source
فِرْصَاد,firṣād,חַרְצָן,ḥarṣā́n,firṣad,direct_cognate_ar→he
فِرْعَوْن,firʕawn,פַּרְעֹה,par'ó,parʔa,shared_borrowing_source
فِرْكِس,firkis,אֲפַרְסֵק,afarsék,pirkis,shared_borrowing_source
فِصْح,fiṣḥ,פֶּסַח,pésakh,pisax,shared_borrowing_source
فِصْح,fiṣḥ,פַּסְחָא,páskha,psx,shared_borrowing_source
فِطَر,fiṭar,הִפְטִיר,hiftír,fiṭar,direct_cognate_he→ar;lemma_promoted
فِطَر,fiṭar,פֶּטֶר,péter,piṭar,lemma_promoted
فِطَر,fiṭar,פָּטַר,patár,piṭar,lemma_promoted
فِطْر,fiṭr,הִפְטִיר,hiftír,fiṭir,direct_cognate_he→ar;lemma_promoted
فِطْر,fiṭr,פֶּטֶר,péter,piṭir,direct_cognate_ar→he;lemma_promoted
فِطْر,fiṭr,פָּטַר,patár,piṭar,direct_cognate_ar→he;lemma_promoted
فِطْرَة,fiṭra,הִפְטִיר,hiftír,fiṭir,lemma_promoted
فِطْرَةً,fiṭratan,הִפְטִיר,hiftír,fiṭratan,lemma_promoted
فِعْل,fiʕl,פִּעֵל,pi'el,paʕala,direct_cognate_he→ar;lemma_promoted
فِعْل,fiʕl,פָּעַל,pa'al,paʕala,direct_cognate_he→ar;lemma_promoted
فِعْل,fiʕl,פֹּעַל,pó'al,paʕala,direct_cognate_he→ar;lemma_promoted
فِعْل,fiʕl,פּוֹעֵל,po'él,paʕala,lemma_promoted
فِلَسْطِين,filasṭīn,יִשְׂרָאֵל,yisra'él,yisraʔil,shared_borrowing_source
فِلَسْطِين,filasṭīn,פָּלֶשְׂתִּינָה,palestína,palaistini,shared_borrowing_source
فِلَسْطِين,filasṭīn,פָלַסְטִין,falastín,pilasṭin,shared_borrowing_source
فِلْتَر,filtar,פוּל,ful,filla,shared_borrowing_source
فِلْس,fils,פוּל,ful,fallis,shared_borrowing_source
فِلْفِل,filfil,פִּלְפֵּל,pilpél,pilpil,shared_borrowing_source
فِلْفِل,filfil,פָלָאפֶל,faláfel,pilpil,shared_borrowing_source
فِلْم,,וִילוֹן,vilón,wilu,shared_borrowing_source
فِنْجَان,finjān,פִּנְקָס,pinkás,pinaks,shared_borrowing_source
فِي,fī,בְּ־,b'-,ba,shared_borrowing_source
فِي,fī,פֵּאָה,pe'á,piʔat,shared_borrowing_source
فِي,fī,פֶּה,pe,pay,shared_borrowing_source
فِي,fī,פֹּה,pó,pi,direct_cognate_ar→he
فِي,fī,פֹּת,pót,piʔat,shared_borrowing_source
فِيدِيُو,fīdiyū,אִינְץ׳,ínch,wiyd,shared_borrowing_source
فِيدِيُو,fīdiyū,אָדִישׁ,adísh,wiyd,shared_borrowing_source
فِيدِيُو,fīdiyū,הִיסְטוֹרְיָה,história,wiyd,shared_borrowing_source
فِيدِيُو,fīdiyū,וִידֵאוֹ,víde'o,widiau,shared_borrowing_source
فِيزِيقَا,fīzīqā,פִיזִיקָה,fízika,pysikas,shared_borrowing_source
فِيل,fīl,פִּיל,píl,pil,direct_cognate_ar→he;direct_cognate_he→ar
فِيلْم,fīlm,וִילוֹן,vilón,wilu,shared_borrowing_source
فْلَاش,flāš,פְלֶאשׁ,flesh,flaš,shared_borrowing_source
قَاءَ,qāʔa,הֵקִיא,hekí,qaʔa,direct_cognate_he→ar
قَائِم,qāʔim,מְקוֹמִי,m'komí,mqama,root_family
قَابِيل,qābīl,קַיִן,káyin,kayin,shared_borrowing_source
قَات,qāt,גַּת,gat,qat,shared_borrowing_source
قَات,qāt,גָּת,gat,qat,shared_borrowing_source
قَادُوس,qādūs,כַּד,kad,kanda,shared_borrowing_source
قَادِم,qādim,מִתְקַדֵּם,mitkadém,hitqadim,root_family
قَادِم,qādim,מֻקְדָּם,muqdɔm,muqadim,root_family
قَادِم,qādim,קַדְמוֹן,kadmón,qadmim,root_family
قَادِم,qādim,קַדְמוֹנִי,qaḏmōnî,qadmimi,root_family
قَادِم,qādim,קָדוּם,kadúm,qadim,root_family
قَادِيَان,qādiyān,קַאדִיָאן,qādiyān,qadiyan,shared_borrowing_source
قَارَّة,qārra,קָרָה,qará,qarra,root_family
قَارُون,qārūn,קֹרַח,kórakh,qarax,shared_borrowing_source
قَارّ,qārr,מְקוֹרִי,m'kori,mqarr,root_family
قَارّ,qārr,קָרִיר,karír,qarrir,root_family
قَاضٍ,qāḍin,קִיצוֹנִי,kitsoní,qaṣan,root_family
قَاضٍ,qāḍin,קָצִין,katsín,qaṣan,direct_cognate_he→ar
قَاضٍ,qāḍin,קצין,katsín,qaṣan,direct_cognate_he→ar
قَاطُور,qāṭūr,אוּלְטִימָטִיבִי,ultimatívi,xil,shared_borrowing_source
قَالَ,qāla,קוֹל,kol,qala,lemma_promoted
قَامَ,qāma,מָקוֹם,makóm,maqama,lemma_promoted
قَامَ,qāma,קָם,qɔm,qama,direct_cognate_ar→he;direct_cognate_he→ar
قَامُوس,qāmūs,אוֹקְיָנוֹס,okyános,ʔakianas,shared_borrowing_source;lemma_promoted
قَاوَمَ,qāwama,הִתְקוֹמֵם,hitkomem,qawama,root_family
قَاوُوش,qāwūš,קֻפְסָה,kufsá,qwwpsa,shared_borrowing_source
قَايِين,qāyīn,קַיִן,káyin,kayin,shared_borrowing_source
قَبَرَ,qabara,קְבוּרָה,k'vura,qabara,direct_cognate_he→ar;lemma_promoted
قَبَرَ,qabara,קֶבֶר,kéver,qabara,lemma_promoted
قَبَرَ,qabara,קָבַר,kavár,qabara,direct_cognate_ar→he;direct_cognate_he→ar
قَبَضَ,qabaḍa,הִתְקַבֵּץ,hitkabéts,qabaṣa,root_family
قَبَضَ,qabaḍa,קִבֵּץ,kibéts,qabaṣa,direct_cognate_ar→he;direct_cognate_he→ar
قَبَضَ,qabaḍa,קִבּוּץ,kibútz,qabaṣa,direct_cognate_he→ar
قَبَضَ,qabaḍa,קָבַץ,kaváts,qabaṣa,direct_cognate_ar→he;direct_cognate_he→ar
قَبَضَ,qabaḍa,קֹבֶץ,kóvets,qabaṣa,direct_cognate_he→ar
قَبْر,qabr,נִקְבַּר,nikbár,qabara,root_family
قَبْر,qabr,קְבוּרָה,k'vura,qabara,direct_cognate_he→ar
قَبْر,qabr,קֶבֶר,kéver,qabara,direct_cognate_ar→he;direct_cognate_he→ar
قَتَلَ,qatala,קִטֵּל,kitél,qatal,direct_cognate_he→ar;shared_borrowing_source
قَتَلَ,qatala,קֶטֶל,kétel,qatal,direct_cognate_he→ar;shared_borrowing_source
قَتَلَ,qatala,קָטַל,katál,qatal,direct_cognate_he→ar;shared_borrowing_source
قَدَح,qadaḥ,קָדַח,kadákh,qadax,direct_cognate_he→ar
قَدَس,qadas,קִדּוּשׁ,kidúsh,qudš,direct_cognate_he→ar;lemma_promoted
قَدَس,qadas,קָדוֹשׁ,kadósh,qudš,direct_cognate_he→ar;lemma_promoted
قَدَمَ,qadama,הִקְדִּים,hiqdīm,qadama,root_family
قَدَمَ,qadama,קְדַם־,kdám-,qadama,direct_cognate_ar→he;direct_cognate_he→ar;shared_borrowing_source
قَدَمَ,qadama,קִדֵּם,kidém,qadama,direct_cognate_ar→he;direct_cognate_he→ar;shared_borrowing_source
قَدَمَ,qadama,קֶדֶם,kédem,qadama,direct_cognate_ar→he;direct_cognate_he→ar;shared_borrowing_source
قَدَمَ,qadama,קָדַם,kadám,qadama,direct_cognate_ar→he;direct_cognate_he→ar;shared_borrowing_source
قَدَمَ,qadama,קֹדֶם,kódem,qadama,direct_cognate_ar→he;direct_cognate_he→ar;shared_borrowing_source
قَدَّسَ,qaddasa,קִדּוּשׁ,kidúsh,qudš,direct_cognate_he→ar;lemma_promoted
قَدَّسَ,qaddasa,קָדוֹשׁ,kadósh,qudš,direct_cognate_he→ar;lemma_promoted
قَدُسَ,qadusa,קִדּוּשׁ,kidúsh,qudš,direct_cognate_he→ar;shared_borrowing_source;lemma_promoted
قَدُسَ,qadusa,קָדוֹשׁ,kadósh,qudš,direct_cognate_he→ar;shared_borrowing_source;lemma_promoted
قَدِيم,qadīm,מִתְקַדֵּם,mitkadém,hitqadim,root_family
قَدِيم,qadīm,מֻקְדָּם,muqdɔm,muqadim,root_family
قَدِيم,qadīm,קַדְמוֹן,kadmón,qadmim,root_family
قَدِيم,qadīm,קַדְמוֹנִי,qaḏmōnî,qadmimi,root_family
قَدِيم,qadīm,קָדוּם,kadúm,qadim,direct_cognate_he→ar
قَرَأَ,qaraʔa,קָרָא,kará,qaraʔ,direct_cognate_ar→he;shared_borrowing_source
قَرَاسِيَا,qarāsiyā,שֶׁרִי,shéri,kirasas,shared_borrowing_source
قَرَاصِيَا,qarāṣiyā,שֶׁרִי,shéri,kirasas,shared_borrowing_source
قَرَصَ,qaraṣa,קָרַץ,karáts,qaraṣ,shared_borrowing_source
قَرَضَ,qaraḍa,קָרַץ,karáts,qaraṣ,shared_borrowing_source
قَرَنَ,qarana,קֶרֶן,kéren,qarn,lemma_promoted
قَرَنَ,qarana,קָרַן,karán,qarn,lemma_promoted
قَرَنَ,qarana,קוֹרוֹנָה,koróna,skir,lemma_promoted
قَرَّ,qarra,קַר,qar,qarra,direct_cognate_ar→he;lemma_promoted
قَرَّ,qarra,קֹר,kór,qarra,lemma_promoted
قَرَّ,qarra,קוּר,kúr,qarra,lemma_promoted
قَرَّنَ,qarrana,קֶרֶן,kéren,qarn,lemma_promoted
قَرَّنَ,qarrana,קָרַן,karán,qarn,lemma_promoted
قَرَّنَ,qarrana,קוֹרוֹנָה,koróna,skir,lemma_promoted
قَرُبَ,qaruba,קְרָב,krav,qaruba,direct_cognate_he→ar
قَرُبَ,qaruba,קָרַב,karáv,qarib,direct_cognate_he→ar;shared_borrowing_source
قَرُّوعَة,qarrūʕa,קֵרֵחַ,keréakh,qarruʕ,direct_cognate_ar→he
قَرُّوعَة,qarrūʕa,קֶרַח,kérakh,qarruʕ,direct_cognate_ar→he
قَرِبَ,qariba,קָרַב,karáv,qarib,shared_borrowing_source
قَرِيب,qarīb,קָרוֹב,karóv,qarib,direct_cognate_ar→he;direct_cognate_he→ar
قَرِير,qarīr,מְקוֹרִי,m'kori,mqarir,root_family
قَرِير,qarīr,קָרִיר,karír,qarir,root_family
قَرِيَّة,qariyya,קִרְיָה,kiryá,qariyya,direct_cognate_he→ar
قَرِيَّة,qariyya,קֶרֶת,qeret,qariyy,direct_cognate_he→ar
قَرّ,qarr,הִתְקָרְרוּת,hitkar'rút,hitqarrat,root_family
قَرّ,qarr,הֵקֵר,hekér,qarra,root_family
قَرّ,qarr,מְקוֹרִי,m'kori,mqarra,root_family
قَرّ,qarr,קְרִירוּת,qrirut,qrarrat,root_family
قَرّ,qarr,קֵרֵר,kerér,qarrar,root_family
قَرّ,qarr,קַר,qar,qarra,direct_cognate_ar→he;direct_cognate_he→ar
قَرّ,qarr,קָרִיר,karír,qarrar,root_family
قَرّ,qarr,קָרָה,qará,qarra,root_family
قَرّ,qarr,קֹר,kór,qarra,direct_cognate_he→ar
قَرّ,qarr,קוּר,kúr,qarra,lemma_promoted
قَرْن,qarn,קֶרֶן,kéren,qarn,direct_cognate_he→ar;shared_borrowing_source
قَرْن,qarn,קָרַן,karán,qarn,direct_cognate_he→ar;shared_borrowing_source
قَرْن,qarn,קוֹרוֹנָה,koróna,skir,shared_borrowing_source
قَرْنَبِيط,qarnabīṭ,כְּרוּבִית,kruvít,qarnabiṭ,shared_borrowing_source
قَرْيَة,qarya,קִרְיָה,kiryá,qarya,direct_cognate_ar→he;direct_cognate_he→ar
قَرْيَة,qarya,קֶרֶת,qeret,qariy,direct_cognate_ar→he;direct_cognate_he→ar
قَشَّ,qašša,קַשׁ,kash,qašša,lemma_promoted
قَشّ,qašš,קַשׁ,kash,qašša,direct_cognate_he→ar
قَصَّ,qaṣṣa,קָצַץ,katsáts,qaṣṣats,direct_cognate_ar→he;direct_cognate_he→ar;lemma_promoted
قَصَّ,qaṣṣa,קֻצַּץ,kutsáts,qaṣṣats,direct_cognate_he→ar
قَصَّ,qaṣṣa,קוֹצֵץ,kotséts,qaṣṣats,lemma_promoted
قَصَّاب,qaṣṣāb,קֶצֶב,kétsev,qaṣṣab,direct_cognate_ar→he
قَصَّاب,qaṣṣāb,קַצָּב,katsáv,qaṣṣab,direct_cognate_ar→he;direct_cognate_he→ar
قَصَّار,qaṣṣār,־לֶה •,-le,-tram,shared_borrowing_source
قَصَّار,qaṣṣār,פוּטֶר,fúter,-tram,shared_borrowing_source
قَصَّرَ,qaṣṣara,קִצֵּר,kitsér,qaṣṣara,root_family
قَصَّرَ,qaṣṣara,קִצּוּר,kitsúr,qaṣara,root_family
قَصَّرَ,qaṣṣara,קָצַר,katsár,qaṣara,root_family
قَصَّرَ,qaṣṣara,קֹצֶר,kótser,qaṣara,root_family
قَصَّرَ,qaṣṣara,קֻצַּר,kutsár,qaṣara,root_family
قَصُرَمَا,qaṣuramā,בְּקִצּוּר,b'kitsúr,bqaṣurama,root_family
قَصِير,qaṣīr,קְצַרְצַר,k'tsartsár,qtsarṣir,root_family
قَصِير,qaṣīr,קִצֵּר,kitsér,qaṣir,direct_cognate_he→ar
قَصِير,qaṣīr,קָצַר,katsár,qaṣir,direct_cognate_ar→he;direct_cognate_he→ar
قَصِير,qaṣīr,קָצָר,katsár,qaṣir,direct_cognate_ar→he;direct_cognate_he→ar
قَصِير,qaṣīr,קֹצֶר,kótser,qaṣir,direct_cognate_he→ar;lemma_promoted
قَصِير,qaṣīr,קֻצַּר,kutsár,qaṣir,direct_cognate_he→ar;lemma_promoted
قَصِير,qaṣīr,קוֹצֵר,kótser,qaṣir,lemma_promoted
قَصِيّ,qaṣiyy,קִיצוֹנִי,kitsoní,qaṣani,root_family
قَصِيّ,qaṣiyy,קָצֶה,katsé,qaṣi,direct_cognate_ar→he
قَصّ,qaṣṣ,קָצַץ,katsáts,qaṣṣats,direct_cognate_ar→he
قَصْر,qaṣr,־לֶה •,-le,-tram,shared_borrowing_source
قَصْر,qaṣr,פוּטֶר,fúter,-tram,shared_borrowing_source
قَضَى,qaḍā,קָצִין,katsín,qaṣan,lemma_promoted
قَضَى,qaḍā,קצין,katsín,qaṣan,lemma_promoted
قَضَّى,qaḍḍā,קָצִין,katsín,qaṣan,lemma_promoted
قَضَّى,qaḍḍā,קצין,katsín,qaṣan,lemma_promoted
قَضِيَّة,qaḍiyya,קָצִין,katsín,qaṣiyy,root_family
قَطَبَ,qaṭaba,הקוטב,hakótev,qaṭb,lemma_promoted
قَطَبَ,qaṭaba,קֹטֶב,kótev,qaṭb,lemma_promoted
قَطَرَ,qaṭara,קִטֵּר,qitér,qaṭara,direct_cognate_he→ar
قَطَف,qaṭaf,קָטַף,katáf,qaṭafa,direct_cognate_ar→he;lemma_promoted
قَطَفَ,qaṭafa,קָטַף,katáf,qaṭafa,direct_cognate_ar→he;lemma_promoted
قَطَّ,qaṭṭa,חָתוּל,khatúl,qaṭṭal,direct_cognate_he→ar;lemma_promoted
قَطَّبَ,qaṭṭaba,הקוטב,hakótev,qaṭb,lemma_promoted
قَطَّبَ,qaṭṭaba,קֹטֶב,kótev,qaṭb,lemma_promoted
قَطَّفَ,qaṭṭafa,קָטַף,katáf,qaṭafa,direct_cognate_ar→he;lemma_promoted
قَطُّ,qaṭṭu,חָתוּל,khatúl,qaṭṭul,direct_cognate_he→ar;lemma_promoted
قَطِيفَة,qaṭīfa,קְטִיפָה,k'tifá,qaṭipa,shared_borrowing_source
قَطّ,qaṭṭ,חָתוּל,khatúl,qaṭṭal,direct_cognate_he→ar
قَطْب,qaṭb,הקוטב,hakótev,qaṭb,lemma_promoted
قَطْب,qaṭb,קֹטֶב,kótev,qaṭb,shared_borrowing_source
قَطْرَان,qaṭrān,קִטֵּר,qitér,qaṭiran,direct_cognate_ar→he
قَطْف,qaṭf,קָטַף,katáf,qaṭafa,direct_cognate_ar→he
قَفَزَ,qafaza,הִקְפִּיץ,hikpíts,qapaza,root_family
قَفَزَ,qafaza,קְפִיצָה,qfitsá,qafaza,root_family
قَفَزَ,qafaza,קִפֵּץ,kipéts,qapaza,direct_cognate_he→ar
قَفَزَ,qafaza,קָפַץ,kafáts,qafaza,direct_cognate_ar→he;direct_cognate_he→ar
قَفَص,qafaṣ,קֻפְסָה,kufsá,qwwpsa,shared_borrowing_source
قَفِير,qafīr,כְּפוֹר,k'fór,qafir,direct_cognate_ar→he
قَفْزَة,qafza,הִקְפִּיץ,hikpíts,qapiz,root_family
قَفْزَة,qafza,מַקְפֵּצָה,makpetsá,maqapiza,root_family
قَفْزَة,qafza,קְפִיצָה,qfitsá,qafiza,root_family
قَفْزَة,qafza,קִפֵּץ,kipéts,qapiz,root_family
قَفْزَة,qafza,קפזה,Qafza,qapza,shared_borrowing_source
قَلَبَ,qalaba,לִבֵּב,libév,libb,shared_borrowing_source;lemma_promoted
قَلَم,qalam,קַלְמָר,kalmár,kalamas,shared_borrowing_source
قَلَم,qalam,קַלְמָרִין,kalmarín,kalamas,shared_borrowing_source
قَلَم,qalam,קֻלְמוּס,kulmus,kalamas,direct_cognate_he→ar;shared_borrowing_source
قَلَى,qalā,קָלִי,qalí,qala,direct_cognate_ar→he;direct_cognate_he→ar;lemma_promoted
قَلَى,qalā,קָלָה,qalá,qala,direct_cognate_he→ar
قَلَّ,qalla,קָלַל,kalál,qallal,direct_cognate_he→ar
قَلَّبَ,qallaba,לִבֵּב,libév,libb,shared_borrowing_source;lemma_promoted
قَلَّسَ,qallasa,קְלָס,klas,qalasa,direct_cognate_ar→he
قَلَّسَ,qallasa,קֶלֶס,keles,qillis,direct_cognate_ar→he;shared_borrowing_source
قَلِيل,qalīl,מֵקֵל,mekél,qalil,root_family
قَلِيل,qalīl,קַל,kal,qalil,direct_cognate_he→ar
قَلِيَ,qaliya,קָלִי,qalí,qaliya,lemma_promoted
قَلْب,qalb,לִבֵּב,libév,libb,shared_borrowing_source
قَلْعَة,qalʕa,קוֹטֶג׳,kótej,katah,shared_borrowing_source
قَلْي,qaly,קָלִי,qalí,qala,lemma_promoted
قَمَرَة,qamara,קַמְפֵּיְן,kampéin,kxim,shared_borrowing_source
قَمَرَة,qamara,קַמְפּוּס,kampus,kxim,shared_borrowing_source
قَمَرَة,qamara,שַׁמְפַּנְיָה,shampánya,kxim,shared_borrowing_source
قَمِين,qamīn,קַמְפֵּיְן,kampéin,kxim,shared_borrowing_source
قَمِين,qamīn,קַמְפּוּס,kampus,kxim,shared_borrowing_source
قَمِين,qamīn,קָמִין,kamin,qamin,direct_cognate_he→ar
قَمِين,qamīn,שַׁמְפַּנְיָה,shampánya,kxim,shared_borrowing_source
قَمْح,qamḥ,קֶמַח,kémakh,qamax,direct_cognate_ar→he;direct_cognate_he→ar
قَنَاة,qanāh,קָנֶה,kané,qanum,shared_borrowing_source
قَنَعَ,qanaʕa,כְּנַעַן,k'ná'an,qanaʕan,direct_cognate_he→ar
قَنْبَر,qanbar,קַמְפֵּיְן,kampéin,kxim,shared_borrowing_source
قَنْبَر,qanbar,קַמְפּוּס,kampus,kxim,shared_borrowing_source
قَنْبَر,qanbar,שַׁמְפַּנְיָה,shampánya,kxim,shared_borrowing_source
قَنْدَاق,qandāq,קֻנְדֵּס,kundés,kantas,shared_borrowing_source
قَنْدَاق,qandāq,קֻנְדָּס,kundás,kantas,shared_borrowing_source
قَنْطَرَة,qanṭara,קֻנְדֵּס,kundés,kint,shared_borrowing_source
قَنْطَرَة,qanṭara,קֻנְדָּס,kundás,kint,shared_borrowing_source
قَهْوَة,qahwa,כֵּהֶה,kehé,qahiw,direct_cognate_ar→he;direct_cognate_he→ar
قَهْوَة,qahwa,קַהְוָה,kahvá,qahwa,shared_borrowing_source
قَهْوَة,qahwa,קָפֶה,kafé,qahwa,shared_borrowing_source
قَوَّلَ,qawwala,קוֹל,kol,qawl,direct_cognate_ar→he
قَوَّمَ,qawwama,הֵקִים,hekím,qawama,root_family
قَوِسَ,qawisa,קֶשֶׁת,késhet,qawisa,direct_cognate_ar→he
قَوْس,qaws,קֶשֶׁת,késhet,qawis,direct_cognate_he→ar
قَوْس,qaws,קַשָּׁת,kashát,qawis,direct_cognate_he→ar
قَوْل,qawl,קוֹל,kol,qala,direct_cognate_ar→he;direct_cognate_he→ar
قَوْمِيّ,qawmiyy,מְקוֹמִי,m'komí,mqawmi,root_family
قَيَّرَ,qayyara,גִּיר,gir,giru,shared_borrowing_source
قَيُّوم,qayyūm,קִיֵּם,kiyém,qayyum,direct_cognate_he→ar
قَيُّوم,qayyūm,קַיָּם,kayám,kayam,direct_cognate_he→ar;shared_borrowing_source
قَيْء,qayʔ,הֵקִיא,hekí,qaʔa,root_family
قَيْدَام,qaydām,הַקְדָּמָה,hakdamá,qaydam,root_family
قَيْدُوم,qaydūm,הַקְדָּמָה,hakdamá,qaydum,root_family
قَيْصَر,qayṣar,צָאר,tsár,tsar,shared_borrowing_source
قَيْصَر,qayṣar,קֵיסָר,kesár,kaisar,direct_cognate_he→ar;shared_borrowing_source
قَيْظ,qayẓ,קַיִץ,káyits,qayṣ,direct_cognate_ar→he;direct_cognate_he→ar;shared_borrowing_source
قُبَّر,qubbar,קְבוּרָה,k'vura,qubbar,direct_cognate_he→ar;lemma_promoted
قُبَّر,qubbar,קֶבֶר,kéver,qubbar,lemma_promoted
قُبَّعَة,qubbaʕa,כּוֹבַע,kóva,qubbaʕ,direct_cognate_ar→he;direct_cognate_he→ar
قُبْرُص,qubruṣ,קַפְרִיסִין,kafrisín,kypras,shared_borrowing_source
قُدَّام,quddām,קָדוּם,kadúm,quddam,root_family
قُدُس,qudus,קִדּוּשׁ,kidúsh,qudš,direct_cognate_he→ar;shared_borrowing_source
قُدُس,qudus,קָדוֹשׁ,kadósh,qudš,direct_cognate_he→ar;shared_borrowing_source
قُدّ,qudd,קוֹד,kód,kuda,direct_cognate_ar→he;shared_borrowing_source
قُرّ,qurr,קַר,qar,qurr,direct_cognate_ar→he;lemma_promoted
قُرّ,qurr,קֹר,kór,qurr,lemma_promoted
قُرّ,qurr,קוּר,kúr,qurr,lemma_promoted
قُرْبَان,qurbān,קורבן,korbán,qurban,direct_cognate_ar→he;direct_cognate_he→ar
قُرْصَان,qurṣān,קוּרְס,kurs,kursus,shared_borrowing_source
قُطْب,quṭb,הקוטב,hakótev,qaṭb,shared_borrowing_source;lemma_promoted
قُطْب,quṭb,קֹטֶב,kótev,qaṭb,direct_cognate_he→ar;shared_borrowing_source;lemma_promoted
قُطْر,quṭr,קֹטֶר,kóter,quṭr,shared_borrowing_source
قُطْن,quṭn,כֻּתְנָה,kutná,quṭn,shared_borrowing_source
قُلَّب,qullab,לִבֵּב,libév,libb,shared_borrowing_source;lemma_promoted
قُلْب,qulb,לִבֵּב,libév,libb,lemma_promoted
قُنّ,qunn,קֵן,ken,qunn,direct_cognate_ar→he
قُنّ,qunn,קָנֶה,kané,qanum,shared_borrowing_source
قُنْفُذ,qunfuḏ,קִפּוֹד,qippṓḏ,qupda,direct_cognate_ar→he;direct_cognate_he→ar;shared_borrowing_source
قُورَح,qūraḥ,קֹרַח,kórakh,qarax,shared_borrowing_source
قُوْبِيَّة,quwbiyya,יַעֲקֹב,yaʿaqóv,yaʕaqaw,shared_borrowing_source
قُوْبِيَّة,quwbiyya,עֵקֶב,ékev,yaʕaqaw,lemma_promoted
قُوْبِيَّة,quwbiyya,עָקֵב,akév,yaʕaqaw,lemma_promoted
قُوْبِيَّة,quwbiyya,עָקַב,akáv,yaʕaqaw,lemma_promoted
قُيَاء,quyāʔ,הֵקִיא,hekí,quyaʔ,root_family
قِبْط,qibṭ,צוֹעֲנִי,tso'aní,xayakuypatax,shared_borrowing_source
قِرْش,qirš,גְּרוֹס,gros,grassus,shared_borrowing_source
قِرْش,qirš,כָּרִישׁ,karísh,qiriš,direct_cognate_he→ar
قِرْطَاس,qirṭās,כַּרְטִיס,kartís,kartis,shared_borrowing_source
قِرْفَة,qirfa,קְלִיפָה,k'lifá,qirifa,direct_cognate_he→ar
قِرْفَة,qirfa,קְלִפָּה,k'lipá,qiripa,direct_cognate_he→ar
قِطَار,qiṭār,קִטֵּר,qitér,qiṭar,direct_cognate_he→ar
قِطَار,qiṭār,קַטָּר,katár,qiṭar,direct_cognate_he→ar
قِطَار,qiṭār,קָטָר,Qatar,qiṭar,direct_cognate_he→ar
قِطَار,qiṭār,קֹטֶר,kóter,qiṭar,lemma_promoted
قِطَار,qiṭār,קוּטֶר,kúter,qiṭar,lemma_promoted
قِطّ,qiṭṭ,חָתוּל,khatúl,qiṭṭul,direct_cognate_he→ar;lemma_promoted
قِطْف,qiṭf,קָטַף,katáf,qaṭafa,direct_cognate_ar→he;lemma_promoted
قِلًى,qilan,קָלִי,qalí,qala,direct_cognate_ar→he
قِلَّة,qilla,קְלָלָה,k'lalá,qlallaa,root_family
قِلَّة,qilla,קַלּוּת,kalút,qallat,root_family
قِلْي,qily,קָלִי,qalí,qiliy,lemma_promoted
قِنِّينَة,qinnīna,קָנֶה,kané,qanum,shared_borrowing_source
قِيثَارَة,qīṯāra,גִּיטָרָה,gitára,kinnar,shared_borrowing_source
قِيثَارَة,qīṯāra,כִּנֶּרֶת,kinéret,kinnar,shared_borrowing_source
قِيثَارَة,qīṯāra,כִּנּוֹר,kinór,kinnar,shared_borrowing_source
قِير,qīr,גִּיר,gir,giru,shared_borrowing_source
قِيَامَة,qiyāma,הִתְקוֹמְמוּת,hitkomemut,hitqiyamut,root_family
كَأْس,kaʔs,כּוֹס,kos,kaʔs,shared_borrowing_source
كَأْس,kaʔs,רֹאשׁ,rosh,raʔš,shared_borrowing_source
كَئِبَ,kaʔiba,כְּאֵב,ke'év,kaʔiba,direct_cognate_he→ar
كَئِبَ,kaʔiba,כָּאַב,ka'áv,kaʔiba,direct_cognate_ar→he;direct_cognate_he→ar
كَاب,kāb,קִיּוֹסְק,kiósk,giw,shared_borrowing_source
كَاب,kāb,קאפּ,káp,kap,shared_borrowing_source
كَاب,kāb,שֶׁף,shef,kaput,shared_borrowing_source
كَابُتْشِينُو,kābutšīnū,קַפּוּצִ׳ינוֹ,kapuchino,kapputtšina,shared_borrowing_source
كَابُل,kābul,קֻפְסָה,kufsá,kapya,shared_borrowing_source
كَاتَبَ,kātaba,כְּתָב,k'táv,kataba,lemma_promoted
كَاتِب,kātib,כְּתָב,k'táv,kataba,lemma_promoted
كَاتِب,kātib,כַּתָּב,katáv,kataba,lemma_promoted
كَاتِب,kātib,כָּתַב,katáv,kataba,lemma_promoted
كَاتِب,kātib,כּוֹתֵב,kotév,kaatib,direct_cognate_ar→he;direct_cognate_he→ar
كَارَة,kāra,כְּרֵשָׁה,kərēšā́,gakaskal,shared_borrowing_source
كَامِيرَا,kamera,קַמְפֵּיְן,kampéin,kxim,shared_borrowing_source
كَامِيرَا,kamera,קַמְפּוּס,kampus,kxim,shared_borrowing_source
كَامِيرَا,kamera,שַׁמְפַּנְיָה,shampánya,kxim,shared_borrowing_source
كَامْبُودِيَا,kambōdiyā,קַמְבּוֹדְיָה,kambódya,kambaudia,shared_borrowing_source
كَامْرَا,kamrā,קַמְפֵּיְן,kampéin,kxim,shared_borrowing_source
كَامْرَا,kamrā,קַמְפּוּס,kampus,kxim,shared_borrowing_source
كَامْرَا,kamrā,שַׁמְפַּנְיָה,shampánya,kxim,shared_borrowing_source
كَانُون,kānūn,כּוּר,kur,kini,shared_borrowing_source
كَاهِن,kāhin,כּוֹהֵן,kohén,kahin,direct_cognate_he→ar
كَاهِنَة,kāhina,כֹּהֶנֶת,kohénet,kahinit,direct_cognate_ar→he
كَبَر,kabar,כְּבָר,kvár,kabar,lemma_promoted
كَبَرَ,kabara,כְּבָר,kvár,kabura,direct_cognate_ar→he;lemma_promoted
كَبَّرَ,kabbara,כְּבָר,kvár,kabura,direct_cognate_ar→he;lemma_promoted
كَبُرَ,kabura,כְּבָר,kvár,kabura,direct_cognate_ar→he;lemma_promoted
كَبِد,kabid,כִּבֵּד,kibéd,kabid,direct_cognate_he→ar
كَبِد,kabid,כָּבֵד,kavéd,kabid,direct_cognate_he→ar;shared_borrowing_source
كَبِد,kabid,כֹּבֶד,kóved,kabid,direct_cognate_he→ar
كَبْر,kabr,כְּבָר,kvár,kabura,direct_cognate_ar→he;lemma_promoted
كَبْش,kabš,כֶּבֶשׂ,kéves,kabis,direct_cognate_ar→he;direct_cognate_he→ar
كَبْل,kabl,כֶּבֶל,kével,kabil,direct_cognate_he→ar
كَتَبَ,kataba,חֲפִירָה,khafirá,kataba,lemma_promoted
كَتَبَ,kataba,כְּתָב,k'táv,kataba,lemma_promoted
كَتَبَ,kataba,כְּתֹבֶת,k'tóvet,katabat,lemma_promoted
كَتَبَ,kataba,כַּתָּב,katáv,kataba,lemma_promoted
كَتَبَ,kataba,כָּתַב,katáv,katab,shared_borrowing_source;lemma_promoted
كَتَبَ,kataba,כּוֹתֵב,kotév,kataba,lemma_promoted
كَتَم,katam,כֶּתֶם,kétem,katam,direct_cognate_ar→he;lemma_promoted
كَتَمَ,katama,כֶּתֶם,kétem,katama,direct_cognate_ar→he;lemma_promoted
كَتَّبَ,kattaba,חֲפִירָה,khafirá,kataba,lemma_promoted
كَتَّبَ,kattaba,כְּתָב,k'táv,kataba,lemma_promoted
كَتَّبَ,kattaba,כְּתֹבֶת,k'tóvet,katabat,lemma_promoted
كَتَّبَ,kattaba,כַּתָּב,katáv,kataba,lemma_promoted
كَتَّبَ,kattaba,כָּתַב,katáv,katab,lemma_promoted
كَتَّبَ,kattaba,כּוֹתֵב,kotév,kataba,lemma_promoted
كَتَّمَ,kattama,כֶּתֶם,kétem,katama,direct_cognate_ar→he;lemma_promoted
كَتِف,katif,כָּתֵף,katéf,katip,shared_borrowing_source
كَتْب,katb,חֲפִירָה,khafirá,kataba,lemma_promoted
كَتْب,katb,כְּתָב,k'táv,kataba,lemma_promoted
كَتْب,katb,כְּתֹבֶת,k'tóvet,katabat,lemma_promoted
كَتْب,katb,כַּתָּב,katáv,kataba,lemma_promoted
كَتْب,katb,כָּתַב,katáv,katab,shared_borrowing_source;lemma_promoted
كَتْب,katb,כּוֹתֵב,kotév,kataba,lemma_promoted
كَتْم,katm,כֶּתֶם,kétem,katama,direct_cognate_ar→he
كَدَّ,kadda,כַּד,kad,kanda,lemma_promoted
كَدّ,kadd,כַּד,kad,kanda,shared_borrowing_source
كَذَبَ,kaḏaba,כִּזֵּב,kizév,kazaba,direct_cognate_he→ar
كَذَبَ,kaḏaba,כָּזָב,kazáv,kazaba,direct_cognate_ar→he;direct_cognate_he→ar;lemma_promoted
كَذَّبَ,kaḏḏaba,כִּזֵּב,kizév,kazzaba,direct_cognate_he→ar
كَذَّبَ,kaḏḏaba,כָּזָב,kazáv,kazaba,direct_cognate_ar→he;lemma_promoted
كَذِب,kaḏib,כָּזָב,kazáv,kazaba,direct_cognate_ar→he
كَرَامِيل,karāmīl,קַלְמָר,kalmár,kalamus,shared_borrowing_source
كَرَامِيل,karāmīl,קַלְמָרִין,kalmarín,kalamas,shared_borrowing_source
كَرَامِيل,karāmīl,קֻלְמוּס,kulmus,kalamas,shared_borrowing_source
كَرَفْس,karafs,כַּרְפַּס,karpás,karapas,direct_cognate_he→ar
كَرَم,karam,כְּרוֹם,króm,kram,lemma_promoted
كَرَّشَ,karraša,כָּרֵס,karés,karis,shared_borrowing_source
كَرَّمَ,karrama,כְּרוֹם,króm,kram,lemma_promoted
كَرُمَ,karuma,כְּרוֹם,króm,kram,lemma_promoted
كَرُوبِيّ,karūbiyy,כְּרוּב,kruv,kruw,shared_borrowing_source
كَرُوبِيّ,karūbiyy,כְּרוּבִית,kruvít,krambi,shared_borrowing_source
كَرِش,kariš,כָּרֵס,karés,karis,direct_cognate_he→ar;shared_borrowing_source
كَرِشَ,kariša,כָּרֵס,karés,karis,shared_borrowing_source
كَرِيم,karīm,קְרֵם,k'rem,krim,shared_borrowing_source
كَرْسَنَّة,karsanna,כָּרֵס,karés,karis,shared_borrowing_source
كَرْكَنْد,karkand,כַּדְכֹּד,kad̠kōd̠,karkand,direct_cognate_ar→he;direct_cognate_he→ar
كَرْم,karm,כְּרוֹם,króm,kram,lemma_promoted
كَرْم,karm,כֶּרֶם,kérem,kaʔam,direct_cognate_ar→he;direct_cognate_he→ar;shared_borrowing_source
كَسَا,kasā,כָּסָה,kasá,kasa,direct_cognate_he→ar
كَعْبَة,kaʕba,כַּעְבָּה,Káʿba,kaʕba,shared_borrowing_source
كَفَر,kavar,כְּפָר,kfar,kapra,lemma_promoted
كَفَر,kavar,כִּפֵּר,kippér,kapra,lemma_promoted
كَفَر,kavar,כֹּפֶר,kṓp̄er,kapra,lemma_promoted
كَفَرَ,kafara,כְּפָר,kfar,kapra,lemma_promoted
كَفَرَ,kafara,כִּפֵּר,kippér,kapra,lemma_promoted
كَفَرَ,kafara,כֹּפֶר,kṓp̄er,kapra,lemma_promoted
كَفَّ,kaffa,כַּף,kaf,kapp,lemma_promoted
كَفَّ,kaffa,כאפה,káfa,kappa,shared_borrowing_source;lemma_promoted
كَفَّ,kaffa,קָפָּא,káppa,kapp,lemma_promoted
كَفَّرَ,kaffara,כְּפָר,kfar,kapra,lemma_promoted
كَفَّرَ,kaffara,כִּפֵּר,kippér,kappra,direct_cognate_he→ar;lemma_promoted
كَفَّرَ,kaffara,כֹּפֶר,kṓp̄er,kapra,lemma_promoted
كَفّ,kaff,כְּפָפָה,kfafá,kfaffa,root_family
كَفّ,kaff,כַּף,kaf,kapp,direct_cognate_ar→he;direct_cognate_he→ar;shared_borrowing_source
كَفّ,kaff,כאפה,káfa,kapp,shared_borrowing_source
كَفّ,kaff,קָפָּא,káppa,kapp,shared_borrowing_source
كَفْر,kafr,כְּפָר,kfar,kapra,direct_cognate_ar→he;direct_cognate_he→ar;shared_borrowing_source
كَفْر,kafr,כִּפֵּר,kippér,kapra,direct_cognate_he→ar;shared_borrowing_source
كَفْر,kafr,כֹּפֶר,kṓp̄er,kapra,direct_cognate_he→ar;shared_borrowing_source
كَلْب,kalb,כֶּלֶב,kɛ́lɛḇ,kalb,shared_borrowing_source
كَلْخ,kalḵ,כֶּלֶךְ,kélekh,kalx,shared_borrowing_source
كَلْوَرَ,kalwara,זַ׳רְגּוֹן,zhargón,gilʕ,shared_borrowing_source
كَلْوَرَ,kalwara,כְּלוֹר,klór,klarin,shared_borrowing_source
كَمَا,kamā,כְּמוֹ,k'mó,kama,direct_cognate_ar→he;direct_cognate_he→ar
كَمَر,kamar,קַמְפֵּיְן,kampéin,kxim,shared_borrowing_source
كَمَر,kamar,קַמְפּוּס,kampus,kxim,shared_borrowing_source
كَمَر,kamar,שַׁמְפַּנְיָה,shampánya,kxim,shared_borrowing_source
كَمَرَة,kamara,קַמְפֵּיְן,kampéin,kxim,shared_borrowing_source;lemma_promoted
كَمَرَة,kamara,קַמְפּוּס,kampus,kxim,shared_borrowing_source;lemma_promoted
كَمَرَة,kamara,שַׁמְפַּנְיָה,shampánya,kxim,shared_borrowing_source;lemma_promoted
كَمُّون,kammūn,כַּמּוֹן,kamón,kammana,direct_cognate_he→ar;shared_borrowing_source
كَمِرَة,kamira,קַמְפֵּיְן,kampéin,kxim,shared_borrowing_source;lemma_promoted
كَمِرَة,kamira,קַמְפּוּס,kampus,kxim,shared_borrowing_source;lemma_promoted
كَمِرَة,kamira,שַׁמְפַּנְיָה,shampánya,kxim,shared_borrowing_source;lemma_promoted
كَمْ,kam,כַּמָּה,káma,kam,direct_cognate_he→ar
كَنَزَ,kanaza,גָּנַז,ganáz,kanaza,direct_cognate_he→ar
كَنَف,kanaf,כָּנָף,kanáf,kanap,direct_cognate_ar→he;direct_cognate_he→ar;shared_borrowing_source
كَنَّة,kanna,כַּלָּה,kalá,xakanna,direct_cognate_ar→he
كَنِز,kaniz,גָּנַז,ganáz,kaniz,direct_cognate_he→ar
كَنِيس,kanīs,כְּנֶסֶת,knéset,kanisit,direct_cognate_ar→he
كَنِيس,kanīs,כֶּנֶס,kénes,kanis,root_family
كَنِيسَة,kanīsa,כְּנֵסִיָּה,knesiyá,kanisiya,direct_cognate_he→ar
كَنِيسَة,kanīsa,כְּנֶסֶת,knéset,kanisit,direct_cognate_ar→he
كَنْدُوج,kandūj,כַּד,kad,kanda,shared_borrowing_source
كَنْز,kanz,גְּנִיזָה,g'nizá,ganjam,shared_borrowing_source
كَنْز,kanz,גְּנָזִים,g'nazím,ganjam,shared_borrowing_source
كَنْز,kanz,גָּנַז,ganáz,ganjam,direct_cognate_he→ar;shared_borrowing_source
كَنْعَان,kanʕān,כְּנַעַן,k'ná'an,kanaʕan,direct_cognate_ar→he;direct_cognate_he→ar
كَنْغَر,kanḡar,קֶנְגּוּרוּ,kénguru,kangaru,shared_borrowing_source
كَوَى,kawā,כִּי,ki,kawa,lemma_promoted
كَوْكَب,kawkab,כּוֹכָב,kokháv,kabkab,shared_borrowing_source
كَيّ,kayy,כִּי,ki,kawa,direct_cognate_he→ar
كَيْ,kay,כִּי,ki,kiya,shared_borrowing_source
كَيْف,kayf,הִתְכַּיֵּף,hitkayéf,kayif,root_family
كَيْف,kayf,כֵּיף,kef,kayp,shared_borrowing_source
كُبَر,kubar,כְּבָר,kvár,kabura,direct_cognate_ar→he;lemma_promoted
كُبَّر,kubbar,כְּבָר,kvár,kubbar,lemma_promoted
كُبْر,kubr,כְּבָר,kvár,kabura,direct_cognate_ar→he;lemma_promoted
كُتُب,kutub,חֲפִירָה,khafirá,kutub,lemma_promoted
كُتُب,kutub,כְּתָב,k'táv,kutub,lemma_promoted
كُتُب,kutub,כְּתֹבֶת,k'tóvet,kutubit,lemma_promoted
كُتُب,kutub,כַּתָּב,katáv,kutub,lemma_promoted
كُتُب,kutub,כָּתַב,katáv,katab,lemma_promoted
كُتُب,kutub,כּוֹתֵב,kotév,kutub,lemma_promoted
كُحُول,kuḥūl,אַלְכּוֹהוֹל,alkohol,ʔalkahal,shared_borrowing_source
كُحْل,kuḥl,אַלְכּוֹהוֹל,alkohol,kuxl,shared_borrowing_source
كُحْل,kuḥl,כָּחַל,kakhál,kuxal,direct_cognate_he→ar
كُحْل,kuḥl,כָּחָל,kakhál,kuxal,direct_cognate_ar→he;direct_cognate_he→ar
كُحْل,kuḥl,כָּחֹל,kaḥól,kuxal,direct_cognate_he→ar
كُحْلِيّ,kuḥliyy,כָּחֹל,kaḥól,kuxal,direct_cognate_he→ar
كُرَّاث,kurrāṯ,כְּרֵשָׁה,kərēšā́,gakaskal,direct_cognate_ar→he;direct_cognate_he→ar;shared_borrowing_source
كُرُنْب,kurunb,כְּרוּבִית,kruvít,krambi,shared_borrowing_source
كُرُوم,kurūm,כְּרוֹם,króm,kram,shared_borrowing_source
كُرّ,kurr,כּוֹר,kor,kurr,direct_cognate_ar→he;direct_cognate_he→ar
كُرّ,kurr,כּוּר,kur,kurr,direct_cognate_ar→he
كُرْج,kurj,גֵּאוֹרְגְּיָה,geórgya,wiruz-an,shared_borrowing_source
كُرْسُف,kursuf,כַּרְפַּס,karpás,karpasa,shared_borrowing_source;lemma_promoted
كُرْسِيّ,kursiyy,כִּסֵּא,kisé,kussum,shared_borrowing_source
كُرْسِيّ,kursiyy,כֵּס,kés,kursiyy,root_family
كُرْفُس,kurfus,כַּרְפַּס,karpás,karpasa,shared_borrowing_source
كُزْبَرَة,kuzbara,כֻּסְבָּרָה,kúsbara,kuzbara,shared_borrowing_source
كُسّ,kuss,כּוּס,kus,kuss,shared_borrowing_source
كُسْكُس,kuskus,כּוּסְכּוּס,kuskus,kuskus,direct_cognate_he→ar;shared_borrowing_source
كُفْتَة,kufta,כֻּפְתָּה,kuftá,kupta,shared_borrowing_source
كُفْر,kufr,כְּפָר,kfar,kapra,lemma_promoted
كُفْر,kufr,כִּפֵּר,kippér,kapra,lemma_promoted
كُفْر,kufr,כֹּפֶר,kṓp̄er,kapra,lemma_promoted
كُلُور,kulūr,זַ׳רְגּוֹן,zhargón,gilʕ,shared_borrowing_source
كُلُور,kulūr,כְּלוֹר,klór,klarin,shared_borrowing_source
كُلِّيَّة,kulliyya,מִכְלָלָה,mikhlalá,mikulliyya,direct_cognate_he→ar
كُلّ,kull,כֹּל,kól,kull,direct_cognate_he→ar;shared_borrowing_source
كُلْيَة,kulya,כִּלְיָה,kilyá,kulya,direct_cognate_ar→he;direct_cognate_he→ar
كُمَّثْرَى,kummaṯrā,שֶׁרִי,shéri,,shared_borrowing_source
كُوب,kūb,קאפּ,káp,kupa,shared_borrowing_source
كُوبَنْهَاغَن,kūbanhāḡan,שֶׁף,shef,kap,shared_borrowing_source
كُور,kūr,כּוּר,kur,kini,direct_cognate_he→ar;shared_borrowing_source
كُورَة,kūra,כּוּר,kur,kini,shared_borrowing_source
كُوس,kūs,כּוֹס,kos,kas,shared_borrowing_source
كُونْت,kōnt,קוֹמֵיס,kómes,kamis,shared_borrowing_source
كُونْت,kōnt,קוֹמוֹס,kómos,kamis,shared_borrowing_source
كُونْلِي,konlī,קונלי,kónli,kanli,shared_borrowing_source
كُوَالَا لُمْبُور,kuwālā lumbūr,קוּאָלָה לוּמְפּוּר,kuala lumpur,kwala lumpar,shared_borrowing_source
كُي,kuy,כִּי,ki,kuy,direct_cognate_he→ar
كُي,kuy,כִי,khi,kuy,direct_cognate_ar→he
كِبَر,kibar,כְּבָר,kvár,kabura,direct_cognate_ar→he;lemma_promoted
كِبْر,kibr,כְּבָר,kvár,kibar,lemma_promoted
كِتَاب,kitāb,כְּתָב,k'táv,kataba,direct_cognate_he→ar
كِتَاب,kitāb,כְּתֹבֶת,k'tóvet,katabat,root_family
كِتَاب,kitāb,כְּתֻבָּה,k'tubá,kataba,root_family
كِتَاب,kitāb,כִּתּוּב,kitúv,kataba,root_family
كِتَاب,kitāb,כָּתוּב,katúv,kataba,root_family
كِتَاب,kitāb,מִכְתָּב,mikhtáv,mikataba,root_family
كِتَابَة,kitāba,חֲפִירָה,khafirá,katabaa,direct_cognate_he→ar
كِتَابَة,kitāba,כְּתֹבֶת,k'tóvet,katabat,direct_cognate_he→ar
كِتٰب,kitāb,חֲפִירָה,khafirá,kitab,lemma_promoted
كِتٰب,kitāb,כְּתָב,k'táv,kitab,lemma_promoted
كِتٰب,kitāb,כְּתֹבֶת,k'tóvet,kitabit,lemma_promoted
كِتٰب,kitāb,כַּתָּב,katáv,kitab,lemma_promoted
كِتٰب,kitāb,כָּתַב,katáv,katab,lemma_promoted
كِتٰب,kitāb,כּוֹתֵב,kotév,kitab,lemma_promoted
كِرْبَاس,kirbās,כַּרְפַּס,karpás,karpasa,shared_borrowing_source
كِنَّارَة,kinnāra,גִּיטָרָה,gitára,kinnar,shared_borrowing_source
كِنَّارَة,kinnāra,כִּנֶּרֶת,kinéret,kinnar,shared_borrowing_source
كِنَّارَة,kinnāra,כִּנּוֹר,kinór,kinnar,shared_borrowing_source
كِيبُوتْس,kībūts,קִבּוּץ,kibútz,kibuṣ,shared_borrowing_source
كِيس,kīs,כִּיֵּס,kiyés,kiyis,direct_cognate_he→ar
كِيس,kīs,כִּיס,kís,kis,direct_cognate_ar→he;direct_cognate_he→ar
كِيس,kīs,כַּיָּס,kayás,kiyas,direct_cognate_he→ar
كِيمِيَاء,kīmiyāʔ,כִימְיָה,khímya,kimiyaʔ,direct_cognate_he→ar
كِيُوتُو,kiyōtō,קְיוֹטוֹ,kyoto,kata,shared_borrowing_source
كِيِيف,kiyīf,קִיֶב,kiyev,kiw,shared_borrowing_source
كْرُوم,krōm,כְּרוֹם,króm,kram,shared_borrowing_source
كْرِيم,krēm,קְרֵם,k'rem,krim,shared_borrowing_source
لص,,לִסְטִים,listím,listis,shared_borrowing_source;lemma_promoted
لَأَكَ,laʔaka,מַלְאָךְ,mal'ákh,mlaʔaka,direct_cognate_he→ar
لَا,lā,לֹא,lo,la,direct_cognate_ar→he;direct_cognate_he→ar;shared_borrowing_source
لَابْتُوب,lābtop,לָפְּטוֹפּ,láptop,laptap,shared_borrowing_source
لَاثَ,lāṯa,לָשׁ,lash,lawas,shared_borrowing_source
لَازَوَرْد,lāzaward,זַ׳רְגּוֹן,zhargón,gilʕ,shared_borrowing_source
لَازَوَرْد,lāzaward,כְּלוֹר,klór,gilʕ,shared_borrowing_source
لَاسُلْطَوِيّ,lā-sulṭawiyy,שִׁלְטוֹנִי,shiltoní,lasulṭawi,root_family
لَاسُلْطَوِيّ,lā-sulṭawiyy,שַׁלִּיט,shalít,lasuliṭaw,root_family
لَبَسَ,labasa,לָבַשׁ,lavásh,labisa,direct_cognate_he→ar
لَبَن,laban,לִבֵּן,libén,laban,lemma_promoted
لَبَن,laban,לָבָן,laván,laban,direct_cognate_he→ar;shared_borrowing_source
لَبَن,laban,לֹבֶן,lóven,laban,direct_cognate_he→ar;shared_borrowing_source
لَبَن,laban,לֻבַּן,lubán,laban,direct_cognate_he→ar;shared_borrowing_source
لَبَنِيّ,labaniyy,לְבַנְבַּן,l'vanban,lwanban,root_family
لَبَنِيّ,labaniyy,לָבָן,laván,laban,root_family
لَبَّ,labba,לִבֵּב,libév,libb,shared_borrowing_source
لَبَّ,labba,לֵב,lev,libb,direct_cognate_ar→he;direct_cognate_he→ar;shared_borrowing_source
لَبَّ,labba,לֵבָב,leváv,libb,shared_borrowing_source
لَبُؤَة,labuʔa,לְבִיָּא,l'viyá,labiʔ,shared_borrowing_source
لَبُؤَة,labuʔa,לְבִיאָה,l'vi'á,labiʔ,shared_borrowing_source
لَبُؤَة,labuʔa,לָבִיא,laví,labiʔ,shared_borrowing_source
لَبِيس,labīs,לָבוּשׁ,lavúsh,labis,root_family
لَبْنَة,labna,לָבָן,laván,laban,root_family
لَبْوَة,labwa,לְבִיָּא,l'viyá,labiʔ,shared_borrowing_source
لَبْوَة,labwa,לְבִיאָה,l'vi'á,labiʔ,shared_borrowing_source
لَبْوَة,labwa,לָבִיא,laví,labiʔ,shared_borrowing_source
لَحِقَ,laḥiqa,לֶקַח,lékakh,laxiqa,direct_cognate_he→ar
لَحِقَ,laḥiqa,לָקַח,lakákh,laxiqa,direct_cognate_he→ar
لَحْلَاح,laḥlāḥ,כֶּלֶךְ,kélekh,qlxlx,shared_borrowing_source
لَحْم,laḥm,לֶחֶם,lékhem,laxim,direct_cognate_ar→he;direct_cognate_he→ar
لَحْن,laḥn,לַחַן,lákhan,laxn,shared_borrowing_source
لَصَّ,laṣṣa,לִסְטִים,listím,listis,shared_borrowing_source;lemma_promoted
لَصّ,laṣṣ,לִסְטִים,listím,listis,shared_borrowing_source
لَطَّفَ,laṭṭafa,לִטֵּף,litéf,laṭṭapa,shared_borrowing_source
لَعَبَ,laʕaba,הִלְעִיב,hil'ív,laʕaba,direct_cognate_he→ar
لَفَّة,laffa,לָאפָה,láfa,lappa,shared_borrowing_source
لَقَانِق,laqāniq,נַקְנִיק,nakník,lwqnyq,shared_borrowing_source
لَقَنْت,laqant,ראשת,rasht,liwk,shared_borrowing_source
لَكَد,lakad,הַלִּיכּוּד,ha-likúd,lakida,direct_cognate_he→ar
لَكَد,lakad,לִיכּוּד,likúd,lakida,direct_cognate_he→ar
لَكَدَ,lakada,הַלִּיכּוּד,ha-likúd,lakada,lemma_promoted
لَكَدَ,lakada,לִיכּוּד,likúd,lakada,lemma_promoted
لَكَدَ,lakada,לָכַד,lakhád,lakada,direct_cognate_ar→he
لَكِدَ,lakida,הַלִּיכּוּד,ha-likúd,lakida,lemma_promoted
لَكِدَ,lakida,לִיכּוּד,likúd,lakida,lemma_promoted
لَكْد,lakd,הַלִּיכּוּד,ha-likúd,lakida,lemma_promoted
لَكْد,lakd,לִיכּוּד,likúd,lakida,lemma_promoted
لَمَا,lamā,לָ֫מָּה,láma,lama,direct_cognate_he→ar
لَمَّا,lammā,לָ֫מָּה,láma,lamma,direct_cognate_he→ar
لَهَب,lahab,לֶהָבָה,lehavá,lahab,shared_borrowing_source
لَهَّبَ,lahhaba,לֶהָבָה,lehavá,lahab,lemma_promoted
لَهِبَ,lahiba,לֶהָבָה,lehavá,lahab,lemma_promoted
لَهِبَ,lahiba,לַהַב,láhav,lahiba,direct_cognate_ar→he
لَهِيب,lahīb,הִתְלַהֲבוּת,hitlahavút,hitlahibut,root_family
لَهِيب,lahīb,לַהַב,láhav,lahib,root_family
لَهْب,lahb,לֶהָבָה,lehavá,lahab,lemma_promoted
لَهْجَة,lahja,לַהַג,láhag,lahaj,direct_cognate_he→ar
لَوَّحَ,lawwaḥa,לוּחַ,lúakh,luawx,direct_cognate_ar→he
لَوْ,,לוּ,lu,law,direct_cognate_ar→he;direct_cognate_he→ar
لَوْح,lawḥ,לוּחִית,lukhít,lawix,root_family
لَوْح,lawḥ,לוּחַ,lúakh,luawx,direct_cognate_ar→he;direct_cognate_he→ar
لَوْحَة,lawḥa,לוּחִית,lukhít,lawix,root_family
لَوْحَة,lawḥa,לוּחַ,lúakh,luawx,root_family
لَيْث,layṯ,לַיִשׁ,láyish,layis,direct_cognate_ar→he;direct_cognate_he→ar
لَيْرَة,layra,לִיטֶר,líter,lizra,shared_borrowing_source
لَيْرَة,layra,לִירָה,líra,lira,shared_borrowing_source
لَيْسَ,laysa,יֵשׁ,yésh,laysa,direct_cognate_ar→he;direct_cognate_he→ar
لَيْسَ,laysa,יש!,yésh!,laysa,direct_cognate_he→ar
لَيْل,layl,לִיל,lil,layl,lemma_promoted
لَيْل,layl,לֵיל,leil,layl,direct_cognate_he→ar;shared_borrowing_source
لَيْل,layl,לַיְלָה,láyla,layl,direct_cognate_he→ar;shared_borrowing_source;lemma_promoted
لَيْل,layl,לַיִל,láyil,layl,direct_cognate_he→ar;shared_borrowing_source;lemma_promoted
لَيْلَة,layla,לִיל,lil,layl,lemma_promoted
لَيْلَة,layla,לֵיל,leil,layl,shared_borrowing_source
لَيْلَة,layla,לַיְלָה,láyla,layl,direct_cognate_ar→he;shared_borrowing_source;lemma_promoted
لَيْلَة,layla,לַיִל,láyil,layl,shared_borrowing_source;lemma_promoted
لَيْلَك,laylak,לִילָךְ,lilákh,laylak,shared_borrowing_source
لُبّ,lubb,לִבֵּב,libév,libb,shared_borrowing_source
لُبّ,lubb,לֵב,lev,libb,direct_cognate_ar→he;direct_cognate_he→ar;shared_borrowing_source
لُبّ,lubb,לֵבָב,leváv,libb,shared_borrowing_source
لُبْنَان,lubnān,לִבֵּן,libén,laban,lemma_promoted
لُبْنَان,lubnān,לָבָן,laván,laban,direct_cognate_ar→he;shared_borrowing_source
لُبْنَان,lubnān,לֹבֶן,lóven,laban,shared_borrowing_source
لُبْنَان,lubnān,לֻבַּן,lubán,laban,shared_borrowing_source
لُبْنَى,lubnā,לִבְנֶה,livné,lubna,root_family
لُصّ,luṣṣ,לִסְטִים,listím,listis,shared_borrowing_source;lemma_promoted
لُغَة,luḡa,גֵּאוֹלוֹג,geológ,lagas,shared_borrowing_source
لُغَة,luḡa,סוֹצִיוֹלוֹגִיָה,sotsyológya,lagas,shared_borrowing_source
لُغْز,luḡz,לַעַז,lá'az,lugaz,direct_cognate_he→ar
لُغْز,luḡz,לָעַז,la'áz,lugaz,direct_cognate_he→ar
لُنْدُن,lundun,לוֹנְדּוֹן,lóndon,landan,shared_borrowing_source
لُوط,lūṭ,לוֹט,lót,lat,shared_borrowing_source
لِبَاس,libās,הַלְבָּשָׁה,halbashá,halibasa,root_family
لِبَاس,libās,לְבוּשׁ,l'vúsh,libas,root_family
لِبَاس,libās,לָבַשׁ,lavásh,libas,root_family
لِبَاس,libās,תִּלְבֹּשֶׁת,tilbóšet,tlibasit,root_family
لِبْد,libd,לֶבֶד,léved,libid,direct_cognate_he→ar
لِبْن,libn,לְבֵנָה,l'vená,libin,direct_cognate_ar→he
لِتْر,litr,לִיטֶר,líter,litr,shared_borrowing_source
لِتْر,litr,לִירָה,líra,lizra,shared_borrowing_source
لِدَة,lida,לְיָדָהּ,lyadá,waladaa,lemma_promoted
لِدَة,lida,לֵדָה,leydá,waladaa,direct_cognate_ar→he;direct_cognate_he→ar
لِسَان,lisān,לָשׁוֹן,lashón,lišan,direct_cognate_ar→he;shared_borrowing_source
لِشْبُونَة,Lišbūna,לִיסְבּוֹן,lísbon,lišbuna,shared_borrowing_source
لِصّ,liṣṣ,לִסְטִים,listím,listis,shared_borrowing_source;lemma_promoted
لِفْت,lift,לֶפֶת,léfet,lapt,direct_cognate_ar→he;shared_borrowing_source
لِمَا,limā,לָ֫מָּה,láma,lima,direct_cognate_he→ar
لِمَاذَا,li-māḏā,לָמָּה זֶה,láma zé,limaza,direct_cognate_he→ar
مذكر,,הִזְכִּיר,hizkír,muzakkar,root_family
مذكر,,זִכָּרוֹן,zikarón,muzakkaran,root_family
مذكر,,מַזְכֶּרֶת,mazkéret,muzakkarit,root_family
ميشال,mīšāl,מִיכָאֵל,mikha'él,mixaʔil,shared_borrowing_source
مَأْكَل,maʔkal,אֲכִילָה,akhilá,ʔakala,root_family
مَأْكَل,maʔkal,אִכֵּל,ikél,ʔakala,root_family
مَأْكَل,maʔkal,אָכַל,akhál,ʔakala,root_family
مَأْكَل,maʔkal,אׇכְלָה,okhlá,ʔakala,root_family
مَأْكَل,maʔkal,מַאֲכָל,ma'akhál,maʔakala,root_family
مَأْكَل,maʔkal,מַכֹּלֶת,makólet,ʔakalat,root_family
مَأْكَل,maʔkal,נֶאֱכַל,ne'ekhál,ʔakala,root_family
مَا,mā,מָה,ma,ma,direct_cognate_ar→he;direct_cognate_he→ar
مَاء,māʔ,מַיִם,máyim,may,direct_cognate_ar→he;direct_cognate_he→ar;shared_borrowing_source
مَاتَ,māta,מֵת,mét,mawut,direct_cognate_ar→he;direct_cognate_he→ar;shared_borrowing_source
مَاتَ,māta,מָוֶת,mávet,mata,lemma_promoted
مَاتَ,māta,מוּת,mút,mata,lemma_promoted
مَاثَلَ,māṯala,מָשָׁל,mashál,masala,lemma_promoted
مَار,mār,מַר,mar,mara,shared_borrowing_source
مَارَ,māra,מַר,mar,mara,shared_borrowing_source
مَارَسَ,mārasa,מֶרְץ,merts,martius,shared_borrowing_source
مَارَسَ,mārasa,מֶרֶס,mereš,martius,shared_borrowing_source
مَارَسَ,mārasa,מֶרֶץ,mérets,martius,shared_borrowing_source
مَارَسَ,mārasa,מַרְס,márs,martius,shared_borrowing_source
مَارِد,mārid,מַרְדָנוּת,,,root_family
مَارِد,mārid,מָרַד,marád,marid,root_family
مَارِد,mārid,מוֹרֵד,moréd,marid,root_family
مَارِس,māris,מֶרְץ,merts,martius,shared_borrowing_source
مَارِس,māris,מֶרֶס,mereš,martius,shared_borrowing_source
مَارِس,māris,מֶרֶץ,mérets,martius,shared_borrowing_source
مَارِس,māris,מַרְס,márs,martius,shared_borrowing_source
مَارّ,mārr,מַר,mar,mara,shared_borrowing_source
مَارّ,mārr,מָרִיר,marír,marrir,root_family
مَارْس,mārs,מֶרְץ,merts,martius,shared_borrowing_source
مَارْس,mārs,מֶרֶס,mereš,martius,shared_borrowing_source
مَارْس,mārs,מֶרֶץ,mérets,martius,shared_borrowing_source
مَارْس,mārs,מַרְס,márs,martius,shared_borrowing_source
مَاعُون,māʕūn,מָעוֹן,māʿṓn,maʕan,shared_borrowing_source
مَالَقَة,Mālaqa,מֶלֶךְ,mélekh,malk,shared_borrowing_source
مَالَقَة,Mālaqa,מֶלַח,mélaḥ,milx,shared_borrowing_source
مَالَقَة,Mālaqa,מָלַךְ,malákh,malk,shared_borrowing_source
مَالَقَة,Mālaqa,מָלָגָה,Malága,malaqa,shared_borrowing_source
مَالِح,māliḥ,מַלּוּחַ,malúakh,maliax,direct_cognate_ar→he
مَالِح,māliḥ,מָלוּחַ,malúakh,maliax,direct_cognate_ar→he;direct_cognate_he→ar
مَالِك,mālik,מִלְכָּה,milká,malik,root_family
مَالِك,mālik,מַלְכוּת,malkhút,malxik,root_family
مَالِك,mālik,מַלְכוּתִי,malkhutí,malxik,root_family
مَالِك,mālik,מַמְלַכְתִּי,mamlakhtí,mamlixk,root_family
مَالِك,mālik,מַמְלָכָה,mamlakhá,mamlik,root_family
مَاهَ,māha,מַיִם,máyim,may,shared_borrowing_source
مَاهِر,māhir,מָהִיר,mahír,mahir,root_family
مَاهِيَّة,māhiyya,מָאמִי,mámi,mihns,shared_borrowing_source
مَايُو,māyū,מַאי,may,mayyus,shared_borrowing_source
مَايُو,māyū,מַיְנְץ,máynts,migxs,shared_borrowing_source
مَايُو,māyū,מַקְסִימָלִי,maksimáli,migxs,shared_borrowing_source
مَايْكَل,māykal,מִיכָאֵל,mikha'él,mixaʔil,shared_borrowing_source
مَبْسُوط,mabsūṭ,מַבְּסוּט,mabsút,mabsuṭ,shared_borrowing_source
مَبْنًى,mabnan,מִבְנֶה,mivné,mabnan,direct_cognate_ar→he;direct_cognate_he→ar
مَتَرَ,matara,מֵיְל,méyl,mih,shared_borrowing_source
مَتَرَ,matara,מֶטֶר,méter,mitr,shared_borrowing_source
مَتَرَ,matara,מָטָר,matár,mitr,shared_borrowing_source
مَتَرَ,matara,מוֹל,mol,mih,shared_borrowing_source
مَتَى,matā,מֵת,mét,mata,lemma_promoted
مَتَى,matā,מַתִּי,máti,mata,direct_cognate_ar→he
مَتَى,matā,מָתַי,matái,matay,direct_cognate_ar→he;direct_cognate_he→ar
مَتَّة,matta,מֵיְל,méyl,mixd,shared_borrowing_source
مَتَّة,matta,שַׁחְמָט,shakhmát,šah mat,shared_borrowing_source
مَتَّى,mattā,מָתַי,matái,matay,shared_borrowing_source
مَثَل,maṯal,מָשַׁל,mashál,masal,direct_cognate_he→ar
مَثَل,maṯal,מָשָׁל,mashál,masal,direct_cognate_ar→he;direct_cognate_he→ar
مَثَلَ,maṯala,מָשָׁל,mashál,masala,direct_cognate_ar→he
مَثَّلَ,maṯṯala,מָשָׁל,mashál,masala,direct_cognate_ar→he
مَثِيل,maṯīl,מֶמְשַׁלְתִּי,memshaltí,mamsilt,root_family
مَجَدَ,majada,מֶגֶד,méged,magada,direct_cognate_ar→he;direct_cognate_he→ar;lemma_promoted
مَجَدَ,majada,מֻגָּד,mugád,magada,direct_cognate_ar→he
مَجَرِيّ,majariyy,גְּרוֹנִי,groní,majari,root_family
مَجَرِّيّ,majarriyy,גְּרוֹנִי,groní,majarri,root_family
مَجَلَّة,majalla,מְגִלָּה,m'gilá,magalla,direct_cognate_he→ar
مَجَّدَ,majjada,מֶגֶד,méged,magada,direct_cognate_he→ar;lemma_promoted
مَجُوس,majūs,מָג,mag,,shared_borrowing_source
مَجْبُور,majbūr,גַּבְרִי,gavrí,majbur,root_family
مَجْد,majd,מֶגֶד,méged,magada,direct_cognate_he→ar
مَجْنُون,majnūn,מַגְ׳נוּן,majnún,majnun,shared_borrowing_source
مَحَافِظ,maḥāfiẓ,מָחוֹז,makhóz,maxafiṣ,lemma_promoted
مَحَبَّة,maḥabba,חִבָּה,khibá,xabbaa,root_family
مَحَبَّة,maḥabba,חָבִיב,khavív,xabbaw,root_family
مَحَطَّة طَاقَة,maḥaṭṭat ṭāqa,תַּחֲנַת־כֹּחַ,takhanát-kóakh,pawir statian,shared_borrowing_source
مَحَقَ,maḥaqa,מַחַק,mákhak,maxaqa,direct_cognate_he→ar
مَحَقَ,maḥaqa,מָחַק,makhák,maxaqa,direct_cognate_ar→he;direct_cognate_he→ar;lemma_promoted
مَحَقَ,maḥaqa,נִמְחַק,nimkhák,maxaqa,root_family
مَحَلّ,maḥall,חַלּוֹן,khalón,maxallan,root_family
مَحَّقَ,maḥḥaqa,מָחַק,makhák,maxaqa,direct_cognate_ar→he;lemma_promoted
مَحْبُوب,maḥbūb,חָבִיב,khavív,maxabub,root_family
مَحْق,maḥq,מְחִיקָה,m'khika,maxaqa,root_family
مَحْق,maḥq,מָחַק,makhák,maxaqa,direct_cognate_ar→he
مَحْق,maḥq,נִמְחַק,nimkhák,maxaqa,root_family
مَحْيًا,maḥyan,חִיּוּת,khiyút,xayiya,root_family
مَحْيًا,maḥyan,תְּחִיָּה,t'khiyá,xayiya,root_family
مَخَازِن,maḵāzin,מַחְסָנִית,makhsanít,maxazin,shared_borrowing_source
مَخَازِن,maḵāzin,מָגָזִין,magazín,maxazin,shared_borrowing_source
مَخْزَن,maḵzan,מְחֻסָּן,m'khusán,maxuzan,direct_cognate_he→ar
مَخْزَن,maḵzan,מַחְסָן,makhsán,maxzan,direct_cognate_ar→he;direct_cognate_he→ar
مَخْزَن,maḵzan,מַחְסָנִית,makhsanít,maxazin,lemma_promoted
مَخْزَن,maḵzan,מָגָזִין,magazín,maxazin,lemma_promoted
مَدَّ,madda,מַדָּד,madád,maddad,direct_cognate_he→ar
مَدَّ,madda,מָדַד,madád,maddad,direct_cognate_he→ar
مَدِينَة,madīna,דַּיָּן,dayán,madin,root_family
مَدِينَة,madīna,מְדִינָה,m'diná,mdiynta,direct_cognate_ar→he;direct_cognate_he→ar;shared_borrowing_source
مَدِينَة,madīna,מָדִינָה,madína,mdiynta,direct_cognate_ar→he;direct_cognate_he→ar;shared_borrowing_source
مَدْرِيد,madrīd,מַדְרִיד,madríd,madrid,shared_borrowing_source
مَرَارَة,marāra,מָרִיר,marír,marar,root_family
مَرَارَة,marāra,מָרָה,mará,marara,root_family
مَرَخَ,maraḵa,מָרַח,marákh,maraxa,direct_cognate_ar→he;direct_cognate_he→ar;lemma_promoted
مَرَخَ,maraḵa,מָרָק,marák,maraxa,direct_cognate_ar→he;lemma_promoted
مَرَدَ,marada,מַרְדָנוּת,,,root_family
مَرَدَ,marada,מָרַד,marád,marada,root_family
مَرَدَ,marada,מוֹרֵד,moréd,marada,root_family
مَرَشَ,maraša,מֶרֶץ,mérets,maraša,direct_cognate_ar→he;lemma_promoted
مَرَق,maraq,מָרָק,marák,maraq,direct_cognate_he→ar
مَرَقَة,maraqa,מָרָק,marák,maraq,direct_cognate_ar→he;direct_cognate_he→ar
مَرَنَ,marana,תִּמְרוֹן,timrón,tamrin,lemma_promoted
مَرَّ,marra,מָרִיר,marír,marrar,root_family
مَرَّ,marra,מָרָה,mará,marra,root_family
مَرَّخَ,marraḵa,מָרַח,marákh,maraxa,direct_cognate_ar→he;lemma_promoted
مَرَّخَ,marraḵa,מָרָק,marák,maraxa,direct_cognate_ar→he;lemma_promoted
مَرَّنَ,marrana,תִּמְרוֹן,timrón,tamrin,lemma_promoted
مَرِخ,mariḵ,מָרַח,marákh,marix,direct_cognate_ar→he;lemma_promoted
مَرِخ,mariḵ,מָרָק,marák,marix,direct_cognate_ar→he;lemma_promoted
مَرِن,marin,תִּמְרוֹן,timrón,tamrin,lemma_promoted
مَرّ,marr,מַר,mar,mara,shared_borrowing_source
مَرْخ,marḵ,מָרַח,marákh,maraxa,direct_cognate_ar→he
مَرْخ,marḵ,מָרָק,marák,maraxa,direct_cognate_ar→he
مَرْش,marš,מֶרֶץ,mérets,maraša,direct_cognate_he→ar
مَرْصَبَان,marṣabān,מַרְצִיפָּן,martsipán,martsapani,shared_borrowing_source
مَرْعًى,marʕan,מִרְעֶה,mir'é,raʕa,direct_cognate_ar→he;direct_cognate_he→ar
مَرْكَب,markab,מֶרְכָּבָה,merkavá,markab,direct_cognate_ar→he
مَرْكَبَة,markaba,מֶרְכָּבָה,merkavá,markaba,direct_cognate_he→ar
مَرْكَز,markaz,מְרֻכָּז,m'rukáz,markaz,shared_borrowing_source
مَرْكَز,markaz,מֶרְכָּז,merkáz,markaz,shared_borrowing_source
مَرْيَم,maryam,מִרְיָם,miryám,miryam,shared_borrowing_source
مَزَجَ,mazaja,מָזַג,mazág,mazaga,direct_cognate_he→ar
مَزِيج,mazīj,מִזּוּג,mizúg,mazig,root_family
مَزْمُور,mazmūr,זִמְרָה,zimrá,mazimur,root_family
مَزْمُور,mazmūr,מִזְמוֹר,mizmór,mazmur,root_family
مَسَاء,masāʔ,אֶמֶשׁ,émesh,mušy,shared_borrowing_source
مَسَحَ,masaḥa,מָשַׁח,mashákh,masaxa,direct_cognate_ar→he;direct_cognate_he→ar;lemma_promoted
مَسَخَ,masaḵa,מַסֵּכָה,masekhá,masaxa,direct_cognate_ar→he
مَسَكَ,masaka,מֶשֶׁךְ,méshekh,mašk,direct_cognate_he→ar;shared_borrowing_source;lemma_promoted
مَسَكَ,masaka,מָשַׁךְ,mashákh,masaka,direct_cognate_he→ar
مَسَكَ,masaka,שְׂמִיכָה,smikhá,mašk,shared_borrowing_source;lemma_promoted
مَسَّحَ,massaḥa,מָשַׁח,mashákh,masaxa,direct_cognate_ar→he;lemma_promoted
مَسَّكَ,massaka,מֶשֶׁךְ,méshekh,mašk,shared_borrowing_source;lemma_promoted
مَسَّكَ,massaka,שְׂמִיכָה,smikhá,mašk,shared_borrowing_source;lemma_promoted
مَسِيح,masīḥ,מָשִׁיחַ,mashíakh,masiax,direct_cognate_ar→he;direct_cognate_he→ar
مَسِيرَة,masīra,הֲסָרָה,hasara,hasaraa,root_family
مَسِيرَة,masīra,סָר,sar,sara,root_family
مَسْأَلَة,masʔala,מִשְׁאָלָה,mish'alá,misaʔalaa,root_family
مَسْأَلَة,masʔala,נִשְׁאַל,nish'ál,saʔala,root_family
مَسْأَلَة,masʔala,שְׁאִילְתָה,sh'ílta,saʔaltaa,root_family
مَسْأَلَة,masʔala,שָׁאַל,sha'ál,saʔala,root_family
مَسْؤُول,masʔūl,שָׁאוּל,sha'úl,saʔala,root_family
مَسْجِد,masjid,מִסְגָּד,misgád,masjid,shared_borrowing_source
مَسْح,masḥ,מָשַׁח,mashákh,masaxa,direct_cognate_ar→he
مَسْطُول,masṭūl,מַסְטוּל,mastúl,masṭul,shared_borrowing_source
مَسْك,mask,מֶשֶׁךְ,méshekh,mašk,shared_borrowing_source
مَسْك,mask,שְׂמִיכָה,smikhá,mašk,shared_borrowing_source
مَسْكَن,maskan,הַמִּשְׁכָּן,hamishkán,maskan,direct_cognate_he→ar
مَسْكَن,maskan,מִשְׁכָּן,mishkán,maskan,direct_cognate_ar→he;direct_cognate_he→ar
مَسْكُونَة,maskūna,שִׁכּוּן,shikún,masikun,root_family
مَسْلُول,maslūl,שְׁלִילִי,sh'lilí,maslul,root_family
مَشْرِق,mašriq,מִזְרָח,mizrákh,mašriq,direct_cognate_he→ar
مَشْعَر,mašʕar,שֵׂעָר,se'ár,saʕr,shared_borrowing_source
مَشْعَر,mašʕar,שָׂעִיר,sa'ir,mašʕar,root_family
مَصَّ,maṣṣa,מָצַץ,matsáts,maṣṣats,direct_cognate_ar→he;direct_cognate_he→ar
مَطَر,maṭar,מָטָר,matár,maṭara,direct_cognate_he→ar
مَطَرَ,maṭara,מָטָר,matár,maṭara,lemma_promoted
مَطِر,maṭir,מָטָר,matár,maṭir,lemma_promoted
مَطْبَخ,maṭbaḵ,טַבָּח,tabákh,maṭbax,root_family
مَطْبَخ,maṭbaḵ,מִטְבָּח,mitbákh,maṭbax,direct_cognate_ar→he;direct_cognate_he→ar
مَطْر,maṭr,מָטָר,matár,maṭara,lemma_promoted
مَطْهَر,maṭhar,הִטַּהֵר,hitahér,maṭhar,root_family
مَطْهَر,maṭhar,טִהֵר,tihér,maṭihar,root_family
مَطْهَر,maṭhar,טׇהֳרָה,tahorá,maṭhar,root_family
مَعَ,maʕa,עִם,im,ʔimaʕa,direct_cognate_ar→he;direct_cognate_he→ar
مَعَ,maʕa,עַם,am,maʕa,direct_cognate_ar→he
مَعِين,maʕīn,מַעֲיָן,ma'ayán,maʔaʕin,lemma_promoted
مَعِين,maʕīn,עַיִן,áyin,maʕin,root_family
مَعْبَد,maʕbad,עוֹבֵד,ovéd,maʕbad,root_family
مَعْرَكَة,maʕraka,מַעֲרָכָה,ma'arakha,maʕaraka,direct_cognate_ar→he;direct_cognate_he→ar
مَعْلُوم,maʕlūm,נֶעֱלָם,,,root_family
مَعْلُوم,maʕlūm,עוֹלָמִי,olamí,maʕalum,root_family
مَعْي,maʕy,מְעִי,m'í,miʕay,shared_borrowing_source
مَعْي,maʕy,מַעֲיָן,ma'ayán,miʕay,lemma_promoted
مَغازة,maḡāza,מַחְסָנִית,makhsanít,magaddzina,shared_borrowing_source
مَغازة,maḡāza,מָגָזִין,magazín,magaddzina,shared_borrowing_source
مَغَارَة,maḡāra,מְעָרָה,m'ará,magara,direct_cognate_ar→he;direct_cognate_he→ar
مَغْرَبَ,maḡraba,מַעֲרָב,ma'aráv,magarib,direct_cognate_ar→he
مَغْرِب,maḡrib,המערב,hama'aráv,magarib,direct_cognate_he→ar
مَغْرِب,maḡrib,מַעֲרָב,ma'aráv,magarib,direct_cognate_ar→he;direct_cognate_he→ar
مَغْرِب,maḡrib,עֲרָבָה,aravá,magrib,root_family
مَغْرِب,maḡrib,עֶרֶב,érev,magrib,root_family
مَغْرِب,maḡrib,עַרְבַּיִם,arbáyim,magrib,root_family
مَقَال,maqāl,קוֹל,kol,qala,root_family
مَقَال,maqāl,קוֹלָן,kolán,qalan,root_family
مَقَال,maqāl,רַמְקוֹל,ramkol,ramqala,root_family
مَقَام,maqām,הֲקָמָה,hakamá,haqama,root_family
مَقَام,maqām,מָקוֹם,makóm,maqama,direct_cognate_ar→he;direct_cognate_he→ar
مَقَانِق,maqāniq,נַקְנִיק,nakník,lwqnyq,shared_borrowing_source
مَقُولَة,maqūla,קוֹלָן,kolán,maqulan,root_family
مَقْدِس,maqdis,מִקְדָּשׁ,mikdásh,maqdis,direct_cognate_ar→he;direct_cognate_he→ar
مَكَان,makān,מָכוֹן,makhón,makan,direct_cognate_ar→he
مَكَر,makar,מֶכֶר,mécher,makar,lemma_promoted
مَكَر,makar,מַכָּר,makár,makar,lemma_promoted
مَكَر,makar,מָכַר,makhár,makar,lemma_promoted
مَكَرَ,makara,מֶכֶר,mécher,makara,direct_cognate_ar→he;lemma_promoted
مَكَرَ,makara,מַכָּר,makár,makara,direct_cognate_ar→he;lemma_promoted
مَكَرَ,makara,מָכַר,makhár,makara,direct_cognate_ar→he;lemma_promoted
مَكَرّ,makarr,מֶכֶר,mécher,makarr,lemma_promoted
مَكَرّ,makarr,מַכָּר,makár,makarr,lemma_promoted
مَكَرّ,makarr,מָכַר,makhár,makarr,lemma_promoted
مَكَّة,makka,מֶכָּה,méka,makka,shared_borrowing_source
مَكْتُوب,maktūb,מַכְּתּוּבּ,maktúb,maktub,shared_borrowing_source
مَكْر,makr,מֶכֶר,mécher,makara,direct_cognate_ar→he
مَكْر,makr,מַכָּר,makár,makara,direct_cognate_ar→he
مَكْر,makr,מָכַר,makhár,makara,direct_cognate_ar→he
مَلَأَ,malaʔa,הִתְמַלֵּא,hitmalé,malaʔa,root_family
مَلَأَ,malaʔa,מְלִית,m'lít,malaʔa,root_family
مَلَأَ,malaʔa,מְלוֹא,m'lo,malaʔa,root_family
مَلَأَ,malaʔa,מִלֵּא,milé,malaʔa,direct_cognate_he→ar
مَلَأَ,malaʔa,מִלּוּי,milúi,malaʔa,root_family
مَلَأَ,malaʔa,מֵילָא,mḗla,malaʔa,lemma_promoted
مَلَأَ,malaʔa,מָלֵא,malé,malaʔa,direct_cognate_ar→he;direct_cognate_he→ar
مَلَأَ,malaʔa,מֻלָּא,mulá,malaʔa,direct_cognate_he→ar
مَلَك,malak,מַלְאָךְ,mal'ákh,malʔax,shared_borrowing_source
مَلَّاح,mallāḥ,מַלָּח,mallā́ḥ,malaxum,direct_cognate_he→ar;shared_borrowing_source
مَلَّحَ,mallaḥa,מֶלַח,mélaḥ,milx,shared_borrowing_source
مَلَّحَ,mallaḥa,מָלָגָה,Malága,milx,shared_borrowing_source
مَلِك,malik,מֶלֶךְ,mélekh,malk,direct_cognate_he→ar;shared_borrowing_source
مَلِك,malik,מָלַךְ,malákh,malk,direct_cognate_he→ar;shared_borrowing_source
مَلِك,malik,מָלָגָה,Malága,malk,shared_borrowing_source
مَلِيء,malīʔ,מָלֵא,malé,maliʔ,direct_cognate_ar→he
مَلِيح,malīḥ,מָלוּחַ,malúakh,maliax,root_family
مَلْبَس,malbas,הַלְבָּשָׁה,halbashá,malbasa,root_family
مَلْبَس,malbas,לְבוּשׁ,l'vúsh,malibas,root_family
مَلْبَس,malbas,לָבַשׁ,lavásh,malbas,root_family
مَلْبَس,malbas,תִּלְבֹּשֶׁת,tilbóšet,malbasit,root_family
مَلْت,malt,מַלְט,malt,malt,shared_borrowing_source
مَلْت,malt,מוֹל,mol,smild,shared_borrowing_source
مَلْحَمَة,malḥama,מִלְחָמָה,milkhamá,malxama,direct_cognate_ar→he;direct_cognate_he→ar
مَمْلَكَة,mamlaka,מַלְכוּת,malkhút,mamlxak,root_family
مَمْلَكَة,mamlaka,מַמְלָכָה,mamlakhá,mamlaka,direct_cognate_ar→he;direct_cognate_he→ar
مَنَار,manār,מְנוֹרָה,m'norá,manar,direct_cognate_ar→he
مَنَارَة,manāra,מְנוֹרָה,m'norá,manara,direct_cognate_ar→he;direct_cognate_he→ar
مَنَعَ,manaʕa,מָנַע,maná',manaʕa,direct_cognate_ar→he;direct_cognate_he→ar;lemma_promoted
مَنَّ,manna,מָנֶה,mané,manna,lemma_promoted
مَنَّى,mannā,מִנָּה,miná,manna,direct_cognate_he→ar
مَنَّى,mannā,מָנֶה,mané,mana,direct_cognate_he→ar
مَنَّى,mannā,מָנָה,maná,mana,direct_cognate_he→ar
مَنِيع,manīʕ,מוֹנֵעַ,monéa',maniaʕ,root_family
مَنِيَّة,maniyya,מִנָּה,miná,maniyya,direct_cognate_he→ar;lemma_promoted
مَنِيَّة,maniyya,מָנֶה,mané,maniyy,direct_cognate_he→ar;lemma_promoted
مَنِيَّة,maniyya,מָנָה,maná,maniyya,direct_cognate_he→ar;lemma_promoted
مَنّ,mann,מָנֶה,mané,manna,direct_cognate_ar→he
مَنْ,man,מָנֶה,mané,mani,lemma_promoted
مَنْشُور,manšūr,מִנְסָרָה,minsará,mansur,direct_cognate_ar→he
مَنْع,manʕ,מָנַע,maná',manaʕa,direct_cognate_ar→he
مَنْع,manʕ,מוֹנֵעַ,monéa',manaʕa,root_family
مَهَرَ,mahara,מַהֵר,mahér,mahara,direct_cognate_ar→he
مَهَرَ,mahara,מָהִיר,mahír,mahara,direct_cognate_ar→he
مَهَرَ,mahara,מָהַר,mahár,mahara,direct_cognate_he→ar
مَهَرَ,mahara,מֹהַר,móhar,mahara,direct_cognate_he→ar;lemma_promoted
مَهْر,mahr,מֹהַר,móhar,mahara,direct_cognate_he→ar
مَوَّتَ,mawwata,מָוֶת,mávet,mawt,direct_cognate_ar→he
مَوَّتَ,mawwata,מוּת,mút,mawt,lemma_promoted
مَوْت,mawt,מָוֶת,mávet,mata,direct_cognate_ar→he;direct_cognate_he→ar
مَوْت,mawt,מוּת,mút,mata,lemma_promoted
مَوْسِم,mawsim,אֱשׁוּן,eshún,mawsim,direct_cognate_he→ar
مَوْسِم,mawsim,מְזֻמָּן,mezumán,mawsim,lemma_promoted
مَوْعِد,mawʕid,מוֹעֵד,mo'éd,waʕada,direct_cognate_he→ar
مَوْلِد,mawlid,מוֹלֶדֶת,molédet,waladat,direct_cognate_ar→he;direct_cognate_he→ar
مَيْتَم,maytam,יָתוֹם,yatóm,maytam,root_family
مَيْمُون,maymūn,מַיְמוֹן,maymón,maymun,shared_borrowing_source
مَيْن,mayn,מֵיְל,méyl,miy,shared_borrowing_source
مَيْن,mayn,מֵיְן,meyn,min,shared_borrowing_source
مَيْن,mayn,מוֹל,mol,miy,shared_borrowing_source
مُؤَذِّن,muʔaḏḏin,מוּאַזִּין,mu'azín,muʔazzin,shared_borrowing_source
مُؤَنَّث,muʔannaṯ,אֱנוֹשִׁי,enoshí,muʔannasi,root_family
مُؤَنَّث,muʔannaṯ,אִשָּׁה,ishá,muʔannas,root_family
مُبَارَاة وِدِّيَّة,mubārāh widdiyya,יְדִידוּת,y'didút,mubarahwiddiyya,root_family
مُبَارَك,mubārak,בָּרוּךְ,barúkh,baraka,direct_cognate_he→ar
مُبَارِك,mubārik,בָּרוּךְ,barúkh,baraka,direct_cognate_he→ar
مُتَأَخِّر,mutaʔaḵḵir,אַחֲרוֹן,akharón,mutaʔaxxir,root_family
مُتَأَخِّر,mutaʔaḵḵir,מְאֻחָר,m'ukhár,mutaʔaxxir,root_family
مُتَرَبٍّ,mutarabbin,רבני,rabani,mutarabbini,root_family
مُتَرْجَم,mutarjam,מְתֻרְגָּם,m'turgám,mutargam,root_family
مُتَرْجِم,mutarjim,מְתַרְגֵּם,m'targém,mutargim,root_family
مُتَرْجِم,mutarjim,מְתֻרְגְּמָן,m'turg'mán,mutargmim,root_family
مُتَرْجِم,mutarjim,תִּרְגֵּם,tirgém,mutargim,root_family
مُتَرْجِم,mutarjim,תִּרְגֹּמֶת,tirgómet,mutargimit,root_family
مُتَرْجِم,mutarjim,תַּרְגּוּם,targúm,mutargim,root_family
مُتَشَكِّرْ,mutašakkir,מְשַׁכֵּר,m'shakér,mutašakkir,root_family
مُتَشَكِّرْ,mutašakkir,שִׁכּוֹר,shikór,mutašakkir,root_family
مُتَعَلِّم,mutaʕallim,נֶעֱלָם,,,root_family
مُتَعَلِّم,mutaʕallim,עוֹלָמִי,olamí,mutaʕallim,root_family
مُتَقَدِّم,mutaqaddim,הִתְקַדְּמוּת,hitkadmút,mutaqaddimut,root_family
مُتَقَدِّم,mutaqaddim,מִתְקַדֵּם,mitkadém,mutaqaddim,root_family
مُتَقَدِّم,mutaqaddim,מֻקְדָּם,muqdɔm,mutaqaddim,root_family
مُتَقَدِّم,mutaqaddim,קִדֵּם,kidém,mutaqaddim,root_family
مُتَقَدِّم,mutaqaddim,קַדְמוֹן,kadmón,mutaqaddim,root_family
مُتَقَدِّم,mutaqaddim,קַדְמוֹנִי,qaḏmōnî,mutaqaddimi,root_family
مُتَقَدِّم,mutaqaddim,קָדִימָה,kadíma,mutaqaddim,root_family
مُتَقَدِّم,mutaqaddim,קָדוּם,kadúm,mutaqaddim,root_family
مُتَوَحِّد,mutawaḥḥid,אָחִיד,akhíd,mutawaxxid,root_family
مُتَوَحِّد,mutawaḥḥid,חַד,khad-,mutawaxxid,root_family
مُتَوَحِّد,mutawaḥḥid,מְאֻחָד,m'ukhád,mutawaxxid,root_family
مُتَّحِد,muttaḥid,אָחִיד,akhíd,muttaxid,root_family
مُتَّحِد,muttaḥid,חַד,khad-,muttaxid,root_family
مُتَّحِد,muttaḥid,מְאֻחָד,m'ukhád,muttaxid,root_family
مُثَنَّاة,muṯannāh,מְשֻׁנֶּה,m'shuné,musannan,root_family
مُجَاوِر,mujāwir,גֵּר,gér,mugawir,root_family
مُجْتَبًى,mujtaban,גָּבֹהַ,gavóah,mujtaban,root_family
مُحَارَبَة,muḥāraba,חֶרֶב,khérev,xaraba,root_family
مُحَاسَبَة,muḥāsaba,חִשֵּׁב,khishév,xasaba,root_family
مُحَاسَبَة,muḥāsaba,חִשּׁוּב,khishúv,xasaba,root_family
مُحَاسَبَة,muḥāsaba,חֶשְׁבּוֹן,kheshbón,xasaban,root_family
مُحَاسَبَة,muḥāsaba,חֶשְׁבּוֹנָאוּת,kheshbona'út,xasabanaʔut,root_family
مُحَاسَبَة,muḥāsaba,חַשָּׁב,khasháv,xasaba,root_family
مُحَاسِب,muḥāsib,חֶשְׁבּוֹן,kheshbón,muxasiban,root_family
مُحَاسِب,muḥāsib,חֶשְׁבּוֹנָאוּת,kheshbona'út,xišmuxasib,root_family
مُحَاسِب,muḥāsib,חַשָּׁב,khasháv,muxasib,direct_cognate_ar→he
مُحَافَظ,muḥāfaẓ,מָחוֹז,makhóz,xafaṣa,lemma_promoted
مُحَافَظَة,muḥāfaẓa,מָחוֹז,makhóz,xafaṣa,direct_cognate_he→ar
مُحَافِظ,muḥāfiẓ,מָחוֹז,makhóz,muxafiṣ,lemma_promoted
مُحَافِظَة,muḥāfiẓa,מָחוֹז,makhóz,muxafiṣ,direct_cognate_he→ar
مُحَدَّد,muḥaddad,אָחִיד,akhíd,muxaddad,root_family
مُحَدَّد,muḥaddad,חַד,khad-,muxaddad,root_family
مُحَدَّد,muḥaddad,מְאֻחָד,m'ukhád,muxaddad,root_family
مُحَمَّد,muḥammad,מֻחַמַּד,mukhamad,muxammad,shared_borrowing_source
مُحَيًّا,muḥayyan,חִיּוּנִי,khiyuní,xayyan,root_family
مُحَيًّا,muḥayyan,חַיָּה,khayá,xayya,root_family
مُحِقّ,muḥiqq,מָחַק,makhák,ʔaxaqqa,direct_cognate_ar→he;lemma_promoted
مُحْيًا,muḥyan,חַיָּה,khayá,ʔaxya,root_family
مُحْيٍ,muḥyin,חַיָּה,khayá,ʔaxya,root_family
مُخَرِّب,muḵarrib,חָרְבָּה,khorbáh,muxarribah,root_family
مُخَمَّس,muḵammas,מְחֻמָּשׁ,m'khumásh,muxammas,direct_cognate_ar→he
مُخِلّ,muḵill,חִלּוֹנִי,khiloní,muxillan,root_family
مُخّ,muḵḵ,מוֹחַ,móakh,muxx,shared_borrowing_source
مُدَّعًى عَلَيْهِ,muddaʕan ʕalayhi,יָדוּעַ,yadúa',muddaʕan,root_family
مُدَّعًى عَلَيْهِ,muddaʕan ʕalayhi,מוּדָע,mudá,muddaʕan,root_family
مُذَكَّر,muḏakkar,זִכְרִי,zikhrí,muzakkar,root_family
مُذَكَّر,muḏakkar,זַכְרוּת,zakhrút,muzakkarut,root_family
مُذَكَّر,muḏakkar,זָכָר,zakhár,muzakkar,root_family
مُذَكَّرَة,muḏakkara,זִכָּרוֹן,zikarón,muzakkaran,root_family
مُذَكَّرَة,muḏakkara,מַזְכֶּרֶת,mazkéret,muzakkarit,root_family
مُرَبًّى,murabban,רבני,rabani,murabbani,root_family
مُرَبَّع,murabbaʕ,מְרֻבָּע,m'rubá',murabbaʕ,root_family
مُرَبَّع,murabbaʕ,רְבִיעִי,r'vi'í,murabbaʕ,root_family
مُرَبَّع,murabbaʕ,רְבִיעִיָּה,r'vi'iyá,murabbaʔiʕ,root_family
مُرَبَّع,murabbaʕ,רִבְעוֹן,rivon,murabbaʕ,root_family
مُرَبَّع,murabbaʕ,רִבּוּעַ,ribúa',murabbuaʕ,root_family
مُرَبَّع,murabbaʕ,רֶבַע,réva,murabbaʕ,root_family
مُرَبَّى,murabbā,רִבָּה,ribá,murabba,shared_borrowing_source
مُرَبِّيَة,murabbiya,רבני,rabani,murabbini,root_family
مُرَكَّب,murakkab,מֻרְכָּב,murkáv,murakkab,direct_cognate_ar→he
مُرَّاكُش,murrākuš,מָרוֹקוֹ,maróko,murrakuš,shared_borrowing_source
مُرِيح,murīḥ,רוֹוֵחַ,rovéakh,muriax,root_family
مُرِيح,murīḥ,רוּחָנִי,rukhaní,murixan,root_family
مُرّ,murr,מַר,mar,murr,direct_cognate_ar→he;direct_cognate_he→ar
مُرّ,murr,מֹר,mór,murr,direct_cognate_he→ar
مُرْتَاح,murtāḥ,רוֹוֵחַ,rovéakh,muritax,root_family
مُرْتَاح,murtāḥ,רוּחָנִי,rukhaní,murtax,root_family
مُرْتَضَى,murtaḍā,רָצוֹן,ratzón,murataṣa,root_family
مُسُك,musuk,מֶשֶׁךְ,méshekh,mašk,shared_borrowing_source;lemma_promoted
مُسُك,musuk,שְׂמִיכָה,smikhá,mašk,shared_borrowing_source;lemma_promoted
مُسْتَعْرِب,mustaʕrib,מִסְתַּעֲרֵב,mista'arév,mustaʕrib,shared_borrowing_source
مُسْتَغْرِب,mustaḡrib,מְעֹרָב,m'oráv,mustagrib,root_family
مُسْتَقِيم,mustaqīm,מְקוֹמִי,m'komí,mustaqim,root_family
مُسْتَمِرّ,mustamirr,מַר,mar,mustamirr,root_family
مُسْتَمِرّ,mustamirr,מָרִיר,marír,mustamirr,root_family
مُسْلِم,muslim,מֻסְלְמִי,musl'mí,muslim,shared_borrowing_source
مُصَدَّق,muṣaddaq,צַדִּיק,tsadík,muṣaddaq,root_family
مُصَدَّق,muṣaddaq,צוֹדֵק,tsodék,muṣaddaq,root_family
مُصْحَف,muṣḥaf,מִצְחָף,mitskháf,muṣxap,direct_cognate_he→ar;shared_borrowing_source
مُصْطَكَاء,muṣṭakāʔ,מַסְטִיק,mástik,mastiki,shared_borrowing_source
مُصْطَكَاء,muṣṭakāʔ,מַסְטִיקָא,mastíka,mastiki,shared_borrowing_source
مُصْطَكَى,muṣṭakā,מַסְטִיק,mástik,mastiki,shared_borrowing_source
مُصْطَكَى,muṣṭakā,מַסְטִיקָא,mastíka,mastiki,shared_borrowing_source
مُضْحِك,muḍḥik,הִצְחִיק,hitskhík,muṣxik,lemma_promoted
مُضْحِك,muḍḥik,מַצְחִיק,matskhík,muṣxik,direct_cognate_ar→he;direct_cognate_he→ar
مُضْحِك,muḍḥik,צְחוֹק,ts'khok,muṣxik,root_family
مُضْحِك,muḍḥik,צָחַק,tsakhák,muṣxik,root_family
مُعَلَّم,muʕallam,נֶעֱלָם,,,root_family
مُعَلَّم,muʕallam,עוֹלָמִי,olamí,muʕallam,root_family
مُعْتَلٍ,muʕtalin,מְעֻלֶּה,m'ulé,muʕtalin,root_family
مُعْتَلٍ,muʕtalin,נַעֲלֶה,na'alé,muʕtalin,root_family
مُعْتَلٍ,muʕtalin,עֶלְיוֹן,'elyón,muʕtalyin,root_family
مُعْتَلّ,muʕtall,נַעֲלֶה,na'alé,muʕtalli,root_family
مُعْتَلّ,muʕtall,עֶלְיוֹן,'elyón,muʕtall,root_family
مُقَام,muqām,מָקוֹם,makóm,ʔaqama,direct_cognate_ar→he
مُقَدِّمَة,muqaddima,הִתְקַדְּמוּת,hitkadmút,himuqaddimut,root_family
مُقَدِّمَة,muqaddima,הַקְדָּמָה,hakdamá,muqaddima,root_family
مُقِرّ,muqirr,מְקוֹרִי,m'kori,muqirr,root_family
مُقِرّ,muqirr,קָרִיר,karír,muqirr,root_family
مُكْحُلَة,mukḥula,כָּחָל,kakhál,mukaxul,root_family
مُلَحِّن,mulaḥḥin,מַלְחִין,malkhín,mulaxxin,direct_cognate_ar→he
مُلَّاح,mullāḥ,מַלּוּחַ,malúakh,mulluax,direct_cognate_he→ar
مُلُوحَة,mulūḥa,מֶלַח,mélaḥ,mulux,root_family
مُلُوحَة,mulūḥa,מָלוּחַ,malúakh,muluax,root_family
مُمَثِّل,mumaṯṯil,מִמְשָׁל,mimshál,mumassil,root_family
مُمَثِّل,mumaṯṯil,מֶמְשָׁלָה,memshalá,mumassil,direct_cognate_he→ar
مُمَثِّل,mumaṯṯil,מוֹשֵׁל,moshél,mumassil,root_family
مُنًى,munan,מִנָּה,miná,munan,direct_cognate_he→ar
مُنًى,munan,מָנֶה,mané,munan,direct_cognate_he→ar
مُنًى,munan,מָנָה,maná,munan,direct_cognate_he→ar
مُنَى,munā,מִנָּה,miná,muna,direct_cognate_he→ar
مُنَى,munā,מָנֶה,mané,muna,direct_cognate_he→ar
مُنَى,munā,מָנָה,maná,muna,direct_cognate_he→ar
مُنْيَة,munya,מִנָּה,miná,munya,direct_cognate_he→ar;lemma_promoted
مُنْيَة,munya,מָנֶה,mané,muniy,direct_cognate_he→ar;lemma_promoted
مُنْيَة,munya,מָנָה,maná,munya,direct_cognate_he→ar;lemma_promoted
مُهَاجِر,muhājir,הִגֵּר,higér,muhajir,root_family
مُهَاجِر,muhājir,מְהַגֵּר,m'hagér,muhajir,shared_borrowing_source
مُهَنْدِس,muhandis,הַנְדָּסִי,handasí,muhandis,root_family
مُهَنْدِس,muhandis,הַנְדָּסָה,handasá,handaz,shared_borrowing_source
مُهَنْدِس,muhandis,מְהַנְדֵּס,m'handés,muhandis,shared_borrowing_source
مُهَنْدِس,muhandis,מְהֻנְדָּס,m'hundás,muhandis,shared_borrowing_source
مُهْر,muhr,מֹהַר,móhar,muhar,lemma_promoted
مُورْفِيم,mōrfēm,פְּלַטְפוֹרְמָה,platfórma,marpi,shared_borrowing_source
مُوسِيقَى,mūsīqā,מוּזִיקָה,múzika,musika,direct_cognate_he→ar;shared_borrowing_source
مُوسِيقَى,mūsīqā,מוּסִיקָה,músika,musiqa,direct_cognate_he→ar
مُوسْكُو,muskū,מוֹסְקְבָה,moskvá,maskaw,shared_borrowing_source
مُوضَة,mūḍa,קוֹמוֹס,kómos,-as,shared_borrowing_source
مُوظ,mūẓ,מֵיְל,méyl,mixd,shared_borrowing_source
مُوظ,mūẓ,מוּל,mul,muhs,shared_borrowing_source
مُوَلَّد,muwallad,יַלְדוּתִי,yaldutí,muwalldad,root_family
مِئَة,miʔa,מֵאָה,me'á,miʔat,shared_borrowing_source
مِئْذَنَة,miʔḏana,מוּאַזִּין,mu'azín,miʔazan,root_family
مِئْنَاث,miʔnāṯ,אֱנוֹשִׁי,enoshí,miʔinasi,root_family
مِا۟ئَة,miʔa,מֵאָה,me'á,miʔat,shared_borrowing_source
مِبْيَض,mibyaḍ,בֵּיצָה,betsá,mibyaṣ,root_family
مِتْر,mitr,מֵיְל,méyl,mih,shared_borrowing_source
مِتْر,mitr,מֶטֶר,méter,mitr,shared_borrowing_source
مِتْر,mitr,מָטָר,matár,mitr,shared_borrowing_source
مِتْر,mitr,מוֹל,mol,mih,shared_borrowing_source
مِتْرَاس,mitrās,תְּרִיס,tris,tyrias,shared_borrowing_source
مِثَال,miṯāl,מָשָׁל,mashál,masala,direct_cognate_ar→he
مِثَالِيّ,miṯāliyy,מֶמְשַׁלְתִּי,memshaltí,mimsalti,root_family
مِثْقَال,miṯqāl,מִשְׁקָל,mishkál,misqal,root_family
مِثْقَال,miṯqāl,מִשְׁקֹלֶת,mishkólet,misqalit,root_family
مِثْقَال,miṯqāl,שָׁקַל,shakál,misaqal,root_family
مِجَنّ,mijann,הֲגָנָה,haganá,migann,root_family
مِجَنّ,mijann,מָגֵן,magén,mijann,direct_cognate_ar→he;direct_cognate_he→ar
مِجْدَل,mijdal,מִגְדָּל,migdál,mijdal,direct_cognate_ar→he
مِحْرَاب,miḥrāb,כְּרוּב,kruv,mixrab,direct_cognate_ar→he
مِذْكَار,miḏkār,זִכְרִי,zikhrí,mizkar,root_family
مِرَّة,mirra,מָרָה,mará,mirra,root_family
مِزَاج,mizāj,מִזּוּג,mizúg,mizag,root_family
مِزَاج,mizāj,מֶזֶג,mézeg,mizag,direct_cognate_ar→he;direct_cognate_he→ar
مِزْمَار,mizmār,מִזְמוֹר,mizmór,mizmar,direct_cognate_he→ar
مِسْح,misḥ,מָשַׁח,mashákh,misax,direct_cognate_ar→he;lemma_promoted
مِسْك,misk,מֶשֶׁךְ,méshekh,mašk,shared_borrowing_source;lemma_promoted
مِسْك,misk,שְׂמִיכָה,smikhá,mašk,shared_borrowing_source;lemma_promoted
مِسْكِين,miskīn,מְסֻכָּן,m'sukán,muškinum,shared_borrowing_source
مِسْكِين,miskīn,מִסְכֵּן,miskén,miskin,shared_borrowing_source
مِسْمَار,mismār,מַסְמֵר,masmér,mismar,direct_cognate_ar→he;direct_cognate_he→ar
مِشْط,mišṭ,מוּשְׁט,musht,mišṭ,shared_borrowing_source
مِشْمِش,mišmiš,מִשְׁמֵשׁ,mishmésh,mišmiš,shared_borrowing_source
مِصَفِّرَة,miṣaffira,פוּל,ful,bliʕ,shared_borrowing_source
مِصْدَاقِيَّة,miṣdāqiyya,צְדָקָה,ts'daká,miṣdaqiyya,root_family
مِصْر,miṣr,מִצְרַיִם,mitsráyim,miṣrayim,direct_cognate_ar→he;direct_cognate_he→ar
مِصْعَد,miṣʕad,צַעַד,tsá'ad,miṣʕad,root_family
مِصْيَدَة,miṣyada,מְצוּדָה,m'tsudá,miṣyada,direct_cognate_he→ar
مِطْحَنَة,miṭḥana,טְחִינָה,t'khiná,miṭxana,root_family
مِطْحَنَة,miṭḥana,טַחֲנָה,takhaná,miṭaxana,root_family
مِطْعَام,miṭʕām,טָעִים,ta'ím,miṭaʕam,root_family
مِعًى,miʕan,מְעִי,m'í,miʕay,shared_borrowing_source
مِعًى,miʕan,מַעֲיָן,ma'ayán,miʕay,lemma_promoted
مِعَاء,miʕāʔ,מְעִי,m'í,miʕay,shared_borrowing_source
مِعَاء,miʕāʔ,מַעֲיָן,ma'ayán,miʕay,lemma_promoted
مِفْتَاح,miftāḥ,מַפְתֵּחַ,maftéakh,miftiax,direct_cognate_ar→he;direct_cognate_he→ar
مِقْلَاع,miqlāʕ,מַקְלֵעַ,maklea',miqliaʕ,direct_cognate_ar→he
مِكَرّ,mikarr,מֶכֶר,mécher,mikarr,lemma_promoted
مِكَرّ,mikarr,מַכָּר,makár,mikarr,lemma_promoted
مِكَرّ,mikarr,מָכַר,makhár,mikarr,lemma_promoted
مِلَاط,milāṭ,מֶלֶט,mélet,milaṭ,direct_cognate_ar→he;direct_cognate_he→ar
مِلْح,milḥ,מֶלַח,mélaḥ,milx,direct_cognate_he→ar;shared_borrowing_source
مِلْح,milḥ,מָלָגָה,Malága,milx,shared_borrowing_source
مِلْح,milḥ,מָלוּחַ,malúakh,miluax,root_family
مِلْيار,milyār,מִילְיַארְד,milyárd,milyar,shared_borrowing_source
مِنًى,minan,מִנָּה,miná,minan,direct_cognate_he→ar
مِنًى,minan,מָנֶה,mané,minan,direct_cognate_he→ar
مِنًى,minan,מָנָה,maná,minan,direct_cognate_he→ar
مِنْ,min,מִן,min,min,direct_cognate_ar→he;direct_cognate_he→ar
مِنْ,min,מָנֶה,mané,mini,lemma_promoted
مِنْجَل,minjal,מַגָּל,magál,mingal,direct_cognate_he→ar
مِنْحَة,minḥa,מִנְחָה,minkhá,minxa,direct_cognate_ar→he;direct_cognate_he→ar
مِنْخَر,minḵar,נְחִיר,n'khír,minxar,direct_cognate_ar→he
مِنْخَل,minḵal,מוֹהַל,mohál,minxal,direct_cognate_he→ar
مِنْشَار,minšār,מִנְסָרָה,minsará,minsar,root_family
مِنْشَار,minšār,מַסּוֹר,masór,minsar,direct_cognate_ar→he;direct_cognate_he→ar
مِنْشَار,minšār,נְסֹרֶת,n'sóret,minsarit,root_family
مِنْشَار,minšār,נִסֵּר,nisér,minsar,root_family
مِنْهَج,minhaj,מִנְהָג,minhág,minhag,direct_cognate_he→ar
مِيتَة,mīta,מִיתָה,mitá,mita,direct_cognate_he→ar
مِيتُوكُنْدْرِيُون,mītūkundriyūn,מֵיְל,méyl,miy,shared_borrowing_source
مِيتُوكُنْدْرِيُون,mītūkundriyūn,מֵיְן,meyn,miy,shared_borrowing_source
مِيتُوكُنْدْرِيُون,mītūkundriyūn,מוֹל,mol,miy,shared_borrowing_source
مِيخَائِيل,mīḵāʔīl,מִיכָאֵל,mikha'él,mixaʔil,shared_borrowing_source
مِيرَاث,mīrāṯ,יְרֻשָּׁה,y'rushá,mirasa,root_family
مِيرَاث,mīrāṯ,יָרַשׁ,yarásh,miras,root_family
مِيرَاث,mīrāṯ,מוֹרָשָׁה,morashá,mirasa,root_family
مِيرَاث,mīrāṯ,תּוֹרָשָׁה,torashá,mirasa,root_family
مِيعَاد,mīʕād,מוֹעֵד,mo'éd,miʕad,root_family
مِيكَائِيل,mīkāʔīl,מִיכָאֵל,mikha'él,mixaʔil,shared_borrowing_source
مِيكَال,mīkāl,מִיכָאֵל,mikha'él,mixaʔil,shared_borrowing_source
مِيكْرُوب,mikrūb,מֵיְל,méyl,miy,shared_borrowing_source
مِيكْرُوب,mikrūb,מֵיְן,meyn,miy,shared_borrowing_source
مِيكْرُوب,mikrūb,מוֹל,mol,miy,shared_borrowing_source
مِيل,mīl,מִיל,míl,mil,direct_cognate_ar→he
مِيلَاد,mīlād,יִלּוֹד,yilód,milad,root_family
مِيلَاد,mīlād,לֵדָה,leydá,milad,root_family
مِيلَاد,mīlād,מְיַלֶּדֶת,m'yalédet,milad,root_family
مِيلَاد,mīlād,מוֹלֶדֶת,molédet,miladit,root_family
مِيلَاد,mīlād,מוֹלָד,molád,milad,root_family
مِيلَاد,mīlād,נוֹלַד,nolád,milad,root_family
مِيم,mīm,מֶם,mem,mim,shared_borrowing_source
مِينَا,mīnā,מָאמִי,mámi,min,shared_borrowing_source
مِينَاء,mīnāʔ,נָמֵל,namél,limin,direct_cognate_ar→he;shared_borrowing_source
نَاب,nāb,נִיב,niv,nab,direct_cognate_he→ar
نَابٍ,nābin,נִיב,niv,nabin,direct_cognate_he→ar
نَابَ,nāba,נִיב,niv,naba,direct_cognate_he→ar
نَادِر,nādir,נָדִיר,nadír,nadir,direct_cognate_ar→he
نَار,nār,נְיָר,n'yár,nur,shared_borrowing_source
نَار,nār,נִיר,nir,nur,shared_borrowing_source
نَار,nār,נֵר,ner,nur,shared_borrowing_source
نَار,nār,נוּר,nur,nur,shared_borrowing_source
نَار,nār,תַּנּוּר,tanúr,tanar,root_family
نَارَجِيل,nārajīl,נַרְגִּילָה,nargíla,narikayla,shared_borrowing_source
نَارَنْج,nāranj,אוֹרַנְז׳,óranzh,naranj,shared_borrowing_source
نَازِيّ,nāziyy,נָאצִי,nátsi,natsi,shared_borrowing_source
نَاس,nās,אֱנוֹשׁ,enósh,ʔinaš,shared_borrowing_source
نَاصِرِيّ,nāṣiriyy,נוֹצְרִי,notsrí,naṣiri,direct_cognate_he→ar
نَاقَة,nāqa,יָנַק,yanák,yanaq,shared_borrowing_source
نَاقَة,nāqa,נָאקָה,naká,naqa,shared_borrowing_source
نَالَ,nāla,נוּל,núl,nawwla,lemma_promoted
نَامَ,nāma,נָם,nám,nama,direct_cognate_ar→he;direct_cognate_he→ar
نَبَأ,nabaʔ,נִבֵּא,nibé,nabaʔ,direct_cognate_ar→he
نَبَأَ,nabaʔa,נִבֵּא,nibé,nabaʔ,direct_cognate_ar→he
نَبَحَ,nabaḥa,נָבַח,navákh,nabaxa,direct_cognate_he→ar
نَبَعَ,nabaʕa,נָבַע,navá',nabaʕa,direct_cognate_ar→he
نَبَّأَ,nabbaʔa,נִבֵּא,nibé,nabbaʔ,direct_cognate_ar→he
نَبِيّ,nabiyy,הִתְנַבֵּא,hitnabé,nabiyy,root_family
نَبِيّ,nabiyy,הֵבִיא,heví,nabiyy,lemma_promoted
نَبِيّ,nabiyy,נְבוּאָה,n'vu'á,nabiyy,root_family
نَبِيّ,nabiyy,נִבֵּא,nibé,nabiyy,root_family
نَبِيّ,nabiyy,נִבָּא,nibá,nabiyy,root_family
نَبِيّ,nabiyy,נָבִיא,naví,nabiyy,direct_cognate_ar→he;direct_cognate_he→ar
نَتَنَ,natana,נִתַּן,nitán,natana,direct_cognate_he→ar
نَتَنَ,natana,נָתַן,natán,natana,direct_cognate_ar→he;direct_cognate_he→ar;lemma_promoted
نَتَنَ,natana,נָתָן,natán,natana,direct_cognate_he→ar
نَتَّنَ,nattana,נָתַן,natán,natana,direct_cognate_ar→he;lemma_promoted
نَتِن,natin,נָתַן,natán,natin,direct_cognate_ar→he;lemma_promoted
نَتْن,natn,נָתַן,natán,natana,direct_cognate_ar→he
نَجَلَ,najala,נֶכֶד,nékhed,najala,direct_cognate_ar→he
نَجَلَ,najala,נַגָּר,nagár,nagala,direct_cognate_ar→he
نَجِلَ,najila,נֶכֶד,nékhed,najila,direct_cognate_ar→he
نَجِلَ,najila,נַגָּר,nagár,nagila,direct_cognate_ar→he
نَجْل,najl,נֶכֶד,nékhed,najil,direct_cognate_ar→he
نَجْل,najl,נַגָּר,nagár,nagal,direct_cognate_ar→he
نَحَسَ,naḥasa,נִחֵס,nikhés,naxs,lemma_promoted
نَحَسَ,naḥasa,נִחֵשׁ,nikhésh,naxasa,direct_cognate_ar→he;lemma_promoted
نَحَسَ,naḥasa,נַחְס,nákhs,naxs,lemma_promoted
نَحَسَ,naḥasa,נַחַשׁ,nákhash,naxasa,direct_cognate_ar→he;lemma_promoted
نَحَسَ,naḥasa,נָחָשׁ,nakhásh,naxasa,direct_cognate_ar→he;lemma_promoted
نَحَلَ,naḥala,נְחִיל,n'khil,naxala,lemma_promoted
نَحْس,naḥs,נִחֵס,nikhés,naxs,shared_borrowing_source
نَحْس,naḥs,נִחֵשׁ,nikhésh,naxasa,direct_cognate_ar→he
نَحْس,naḥs,נַחְס,nákhs,naxs,shared_borrowing_source
نَحْس,naḥs,נַחַשׁ,nákhash,naxasa,direct_cognate_ar→he
نَحْس,naḥs,נָחָשׁ,nakhásh,naxasa,direct_cognate_ar→he
نَحْل,naḥl,נְחִיל,n'khil,naxala,direct_cognate_ar→he
نَحْنُ,naḥnu,אֲנַחְנוּ,anákhnu,nixnu,direct_cognate_ar→he;direct_cognate_he→ar;shared_borrowing_source
نَحْنُ,naḥnu,נַחְנוּ,nákhnu,nixnu,shared_borrowing_source
نَدَا,nadā,נִדָּה,nidá,nadaw,shared_borrowing_source
نَذَرَ,naḏara,נִזַּר,nizár,nazara,direct_cognate_he→ar
نَذَرَ,naḏara,נֵזֶר,nézer,nazara,direct_cognate_he→ar
نَذِرَ,naḏira,נִזַּר,nizár,nazira,direct_cognate_he→ar
نَذِرَ,naḏira,נֵזֶר,nézer,nazira,direct_cognate_he→ar
نَذْر,naḏr,נֶדֶר,néder,nazir,direct_cognate_he→ar
نَرْجِس,narjis,נַרְקִיס,narkís,narkissas,shared_borrowing_source
نَرْجِسِيَّة,narjisiyya,נַרְקִיס,narkís,narkissas,shared_borrowing_source
نَرْجِيل,narjīl,נַרְגִּילָה,nargíla,narikayla,shared_borrowing_source
نَزَحَ,nazaḥa,זְנִיחָה,z'nikhá,nazaxa,root_family
نَزَحَ,nazaḥa,זָנַח,zanákh,nazaxa,direct_cognate_ar→he;direct_cognate_he→ar
نَزْلَة,nazla,נַזֶּלֶת,nazélet,nazla,shared_borrowing_source
نَسَأَ,nasaʔa,נָשָׁא,nashá,nasaʔa,direct_cognate_he→ar
نَسَأَ,nasaʔa,נָשָׁה,nashá,nasaʔa,direct_cognate_he→ar
نَسَخَ,nasaḵa,נָסַח,nasákh,nasaxa,direct_cognate_he→ar
نَسَرَ,nasara,נֶשֶׁר,nésher,našr,shared_borrowing_source
نَسَمَة,nasama,נְשָׁמָה,neshamá,nasama,direct_cognate_ar→he
نَسَّرَ,nassara,נֶשֶׁר,nésher,našr,shared_borrowing_source
نَسَّى,nassā,נִשָּׁה,nishá,nassa,direct_cognate_he→ar
نَسِيَ,nasiya,נִשָּׁה,nishá,nasiya,root_family
نَسِيَ,nasiya,נָשָׁה,nashá,našaya,direct_cognate_ar→he;shared_borrowing_source
نَسْر,nasr,נֶשֶׁר,nésher,našr,shared_borrowing_source
نَشَأَ,našaʔa,נִשֵּׂא,nisé,nasaʔ,direct_cognate_he→ar;shared_borrowing_source;lemma_promoted
نَشَأَ,našaʔa,נִשָּׂא,nisá,nasaʔ,direct_cognate_he→ar;shared_borrowing_source
نَشَأَ,našaʔa,נָשָׁא,nashá,nasaʔ,lemma_promoted
نَشَأَ,našaʔa,נָשָׂא,nasá,nasaʔ,direct_cognate_he→ar;shared_borrowing_source;lemma_promoted
نَشَبَ,našaba,נָשַׁב,nasháv,našaba,direct_cognate_he→ar
نَشَم,našam,לֶשֶׁם,léshem,nišmit,shared_borrowing_source
نَشَم,našam,תִּנְשֶׁמֶת,tinshémet,tinašamit,direct_cognate_ar→he
نَشَّأَ,naššaʔa,נִשֵּׂא,nisé,nassaʔ,shared_borrowing_source;lemma_promoted
نَشَّأَ,naššaʔa,נִשָּׂא,nisá,nasaʔ,shared_borrowing_source
نَشَّأَ,naššaʔa,נָשָׁא,nashá,nasaʔ,lemma_promoted
نَشَّأَ,naššaʔa,נָשָׂא,nasá,nasaʔ,shared_borrowing_source;lemma_promoted
نَشْر,našr,מִנְסָרָה,minsará,nansara,root_family
نَشْر,našr,מַסּוֹר,masór,nasara,root_family
نَشْر,našr,נְסֹרֶת,n'sóret,nasarat,root_family
نَشْر,našr,נִסֵּר,nisér,nasara,root_family
نَصْرَانِيّ,naṣrāniyy,נוֹצְרִי,notsrí,naṣrani,direct_cognate_ar→he
نَطَفَ,naṭafa,נָטָף,naṭáf,naṭafa,direct_cognate_ar→he
نَطِفَ,naṭifa,נָטָף,naṭáf,naṭifa,direct_cognate_ar→he
نَظَرَ,naẓara,נָצַר,natsár,naṣara,direct_cognate_he→ar
نَعَل,naʕal,נַעַל,ná'al,naʕala,lemma_promoted
نَعَل,naʕal,נָעַל,na'ál,naʕala,lemma_promoted
نَعَلَ,naʕala,נַעַל,ná'al,naʕala,direct_cognate_ar→he;lemma_promoted
نَعَلَ,naʕala,נָעַל,na'ál,naʕala,lemma_promoted
نَعَم,naʕam,נָעַם,na'ám,naʕam,direct_cognate_ar→he;direct_cognate_he→ar
نَعَم,naʕam,נֹעַם,nó'am,naʕam,direct_cognate_he→ar
نَعَمَ,naʕama,נְעִימוּת,n'imút,naʕam,root_family
نَعَمَ,naʕama,נָעִים,na'ím,naʕam,direct_cognate_he→ar
نَعَمَ,naʕama,נָעַם,na'ám,naʕam,direct_cognate_ar→he;direct_cognate_he→ar
نَعَمَ,naʕama,נֹעַם,nó'am,naʕam,direct_cognate_he→ar
نَعَمْ,naʕam,נָעַם,na'ám,naʕam,direct_cognate_ar→he;direct_cognate_he→ar
نَعَمْ,naʕam,נֹעַם,nó'am,naʕam,direct_cognate_he→ar
نَعَّلَ,naʕʕala,נַעַל,ná'al,naʕala,lemma_promoted
نَعَّلَ,naʕʕala,נָעַל,na'ál,naʕala,lemma_promoted
نَعَّمَ,naʕʕama,נָעַם,na'ám,naʕam,direct_cognate_ar→he;direct_cognate_he→ar
نَعَّمَ,naʕʕama,נֹעַם,nó'am,naʕam,direct_cognate_he→ar
نَعُمَ,naʕuma,נָעַם,na'ám,naʕam,direct_cognate_ar→he;direct_cognate_he→ar
نَعُمَ,naʕuma,נֹעַם,nó'am,naʕam,direct_cognate_he→ar
نَعِلَ,naʕila,נַעַל,ná'al,naʕila,lemma_promoted
نَعِلَ,naʕila,נָעַל,na'ál,naʕila,lemma_promoted
نَعِيم,naʕīm,נְעִימוּת,n'imút,naʕim,root_family
نَعِيم,naʕīm,נֹעַם,nó'am,naʕim,root_family
نَعْل,naʕl,נַעַל,ná'al,naʕala,direct_cognate_he→ar
نَعْل,naʕl,נָעַל,na'ál,naʕala,direct_cognate_he→ar
نَعْنَاع,naʕnāʕ,נַעְנַע,na'na',naʕnaʕ,direct_cognate_ar→he
نَغَمَ,naḡama,נְעִימָה,ne'imá,nagama,direct_cognate_he→ar
نَغَمَ,naḡama,נָעִים,na'ím,nagama,lemma_promoted
نَغَّمَ,naḡḡama,נְעִימָה,ne'imá,nagama,direct_cognate_he→ar
نَغَّمَ,naḡḡama,נָעִים,na'ím,nagama,lemma_promoted
نَغْم,naḡm,נְעִימָה,ne'imá,nagim,direct_cognate_he→ar
نَغْم,naḡm,נָעִים,na'ím,nagim,lemma_promoted
نَفَخَ,nafaḵa,הִתְנַפֵּחַ,hitnapéakh,napiaxa,root_family
نَفَخَ,nafaḵa,נִפֵּחַ,nipéakh,napax,shared_borrowing_source
نَفَخَ,nafaḵa,נֶפַח,néfakh,napax,shared_borrowing_source
نَفَخَ,nafaḵa,נַפָּח,napákh,napax,shared_borrowing_source
نَفَخَ,nafaḵa,נָפַח,nafákh,napax,shared_borrowing_source
نَفَرَ,nafara,סְנַפִּיר,s'napír,snapara,direct_cognate_he→ar
نَفِيل,nafīl,נָפִיל,nafíl,nafil,shared_borrowing_source
نَفْس,nafs,נֶפֶשׁ,néfesh,napš,direct_cognate_he→ar;shared_borrowing_source
نَقَانِق,naqāniq,נַקְנִיק,nakník,naqaniq,direct_cognate_ar→he;shared_borrowing_source
نَقَبَ,naqaba,נִקֵּב,nikév,naqaba,direct_cognate_he→ar
نَقَبَ,naqaba,נֶקֶב,nékev,naqaba,direct_cognate_he→ar
نَقَبَ,naqaba,נָקַב,nakáv,naqaba,direct_cognate_he→ar
نَقَرَ,naqara,נִקֵּר,nikér,naqara,direct_cognate_he→ar
نَقَرَ,naqara,נַקָּר,nakár,naqara,direct_cognate_he→ar
نَقَرَ,naqara,נָקַר,nakár,naqara,direct_cognate_he→ar
نَقَعَ,naqaʕa,נָקַע,naká,naqaʕa,direct_cognate_he→ar
نَقَّاب,naqqāb,נְקֵבָה,n'kevá,niqab,direct_cognate_ar→he
نَقَّى,naqqā,נִקָּה,niká,naqqa,root_family
نَقَّى,naqqā,נִקָּיוֹן,nikayón,naqayan,root_family
نَقِيَ,naqiya,נִקָּה,niká,naqiya,root_family
نَقِيَ,naqiya,נִקָּיוֹן,nikayón,naqiyan,root_family
نَقِيّ,naqiyy,נָקִי,nakí,naqi,direct_cognate_ar→he;direct_cognate_he→ar
نَكِرَ,nakira,נׇכְרִי,nokhrí,nakira,direct_cognate_ar→he;direct_cognate_he→ar
نَكِرَة,nakira,הֶכֵּרוּת,hekerút,nakirut,root_family
نَكِرَة,nakira,מַכִּיר,makír,nakir,root_family
نَكِرَة,nakira,נׇכְרִי,nokhrí,nakir,root_family
نَكْبَة,nakba,הַנַּכְּבָּה,hanákba,nakba,shared_borrowing_source
نَمِر,namir,נָמֵר,namér,namir,direct_cognate_he→ar;shared_borrowing_source
نَمِشَ,namiša,נֶמֶשׁ,némesh,namiša,direct_cognate_ar→he
نَمِلَ,namila,נְמָלָה,nemalá,namila,direct_cognate_ar→he
نَمْش,namš,נֶמֶשׁ,némesh,namiš,direct_cognate_he→ar
نَمْل,naml,נְמָלָה,nemalá,namal,direct_cognate_ar→he;direct_cognate_he→ar
نَهَرَ,nahara,נִילוּס,nilus,nahar,lemma_promoted
نَهَرَ,nahara,נָהַר,nahár,nahar,direct_cognate_he→ar;lemma_promoted
نَهَرَ,nahara,נָהָר,nahár,nahar,direct_cognate_he→ar;lemma_promoted
نَهَقَ,nahaqa,נָהַק,nahák,nahaqa,direct_cognate_he→ar
نَهْر,nahr,נִילוּס,nilus,nahar,shared_borrowing_source
نَهْر,nahr,נָהַר,nahár,nahar,direct_cognate_he→ar;shared_borrowing_source
نَهْر,nahr,נָהָר,nahár,nahar,direct_cognate_he→ar;shared_borrowing_source
نَوًى,nawan,נָא,ná,nawan,lemma_promoted
نَوَى,nawā,נָא,ná,nawa,lemma_promoted
نَوَّرَ,nawwara,נְיָר,n'yár,nur,shared_borrowing_source
نَوَّرَ,nawwara,נִיר,nir,nur,shared_borrowing_source
نَوَّرَ,nawwara,נֵר,ner,nur,shared_borrowing_source
نَوَّرَ,nawwara,נוּר,nur,nur,shared_borrowing_source
نَوَّنَ,nawwana,תַּנְוִין,tanwín,tanwin,lemma_promoted
نَوْر,nawr,נְיָר,n'yár,nur,shared_borrowing_source
نَوْر,nawr,נִיר,nir,nur,shared_borrowing_source
نَوْر,nawr,נֵר,ner,nur,shared_borrowing_source
نَوْر,nawr,נוּר,nur,nur,shared_borrowing_source
نَوْل,nawl,נוּל,núl,nawwla,shared_borrowing_source
نَيْسَان,naysān,נִיסָן,nisán,nisannum,shared_borrowing_source
نَيْلَج,naylaj,נִילוּס,nilus,nilas,shared_borrowing_source
نَيْلَج,naylaj,נָהַר,nahár,nahar,shared_borrowing_source
نَيْلَج,naylaj,נָהָר,nahár,nahar,shared_borrowing_source
نُبُوءَة,nubūʔa,הִתְנַבֵּא,hitnabé,nubuʔ,root_family
نُبُوءَة,nubūʔa,נְבוּאָה,n'vu'á,nubuʔa,root_family
نُبُوءَة,nubūʔa,נִבֵּא,nibé,nubuʔ,root_family
نُبُوءَة,nubūʔa,נִבָּא,nibá,nubuʔ,root_family
نُبُوءَة,nubūʔa,נָבִיא,naví,nubuʔ,root_family
نُبُوَّة,nubuwwa,הִתְנַבֵּא,hitnabé,nubuww,root_family
نُبُوَّة,nubuwwa,נְבוּאָה,n'vu'á,nubuʔwwa,root_family
نُبُوَّة,nubuwwa,נִבֵּא,nibé,nubuww,root_family
نُبُوَّة,nubuwwa,נִבָּא,nibá,nubuww,root_family
نُبُوَّة,nubuwwa,נָבִיא,naví,nubuww,root_family
نُجْل,nujl,נֶכֶד,nékhed,nujil,direct_cognate_ar→he
نُجْل,nujl,נַגָּר,nagár,nugal,direct_cognate_ar→he
نُحَاس,nuḥās,נְחֹשֶׁת,n'khóshet,nixuxas,direct_cognate_ar→he;direct_cognate_he→ar
نُحَاس,nuḥās,נָחָשׁ,nakhásh,naxaš,shared_borrowing_source
نُسْخَة,nusḵa,נוּסָח,nusákh,nusax,direct_cognate_ar→he;direct_cognate_he→ar
نُشَارَة,nušāra,מִנְסָרָה,minsará,nunsara,root_family
نُشَارَة,nušāra,נְסֹרֶת,n'sóret,nusarit,root_family
نُقْطَة,nuqṭa,נְקֻדָּה,n'kudá,nuquṭa,direct_cognate_ar→he;direct_cognate_he→ar
نُقْطَة,nuqṭa,נְקֻדָּתַיִם,nekudatáyim,nuqudaṭ,root_family
نُقْطَة,nuqṭa,נְקוּדָה,n'kudá,nuquṭa,direct_cognate_he→ar;lemma_promoted
نُقْطَة,nuqṭa,נָקוּד,nakúd,nuquṭ,lemma_promoted
نُوتِيّ,nūtiyy,נַוָּט,navát,nautis,shared_borrowing_source
نُوتْرُون,nutrūn,נֵיטְרוֹן,neitrón,nyutran,shared_borrowing_source
نُور,nūr,נְיָר,n'yár,nur,shared_borrowing_source
نُور,nūr,נִיר,nir,nur,shared_borrowing_source
نُور,nūr,נֵר,ner,nur,shared_borrowing_source
نُور,nūr,נוּר,nur,nur,direct_cognate_he→ar;shared_borrowing_source
نُوفِمْبِر,nūfimbir,נוֹבֶמְבֶּר,novémber,nawimbir,shared_borrowing_source
نُون,nūn,נוּן,nun,nunum,shared_borrowing_source
نُون,nūn,תַּנְוִין,tanwín,tanwin,lemma_promoted
نِبْتُون,nibtūn,נֶפְּטוּן,néptun,niptunus,shared_borrowing_source
نِتَنْيَاهُو,nitanyāhū,נְתַנְיָהוּ,n'tanyáhu,ntanyahu,shared_borrowing_source
نِسَاء,nisāʔ,נָשִׁים,nashím,nisaʔ,direct_cognate_ar→he
نِسَاء,nisāʔ,נָשִׂים,nasím,nisaʔ,direct_cognate_ar→he
نِسَاء,nisāʔ,שֵׁם,shem,nisaʔ,lemma_promoted
نِسَاء,nisāʔ,שָׁם,sham,nisaʔ,lemma_promoted
نِسَاء,nisāʔ,שָׂם,sam,nisaʔ,lemma_promoted
نِسْيَان,nisyān,נִשָּׁה,nishá,nasiya,root_family
نِعْمَ,niʕma,נָעַם,na'ám,naʕam,direct_cognate_ar→he;direct_cognate_he→ar
نِعْمَ,niʕma,נֹעַם,nó'am,naʕam,direct_cognate_he→ar
نِعْمَة,niʕma,נְעִימוּת,n'imút,niʕum,root_family
نِعْمَة,niʕma,נֹעַם,nó'am,niʕam,root_family
نِفْط,nifṭ,נֵפְט,neft,napṭum,shared_borrowing_source
نِقَاب,niqāb,נְקֵבָה,n'kevá,niqab,direct_cognate_ar→he
نِيء,nīʔ,נָא,ná,niʔ,direct_cognate_ar→he;direct_cognate_he→ar
نِير,nīr,מָנוֹר,manór,niru,direct_cognate_he→ar;shared_borrowing_source
نِيس,nīs,נִיצָה,nitsá,nikaia,shared_borrowing_source
نِيس,nīs,ניס,nis,nis,shared_borrowing_source
نِيل,nīl,נִילוּס,nilus,nilas,shared_borrowing_source
نِيل,nīl,נָהַר,nahár,nahar,shared_borrowing_source
نِيل,nīl,נָהָר,nahár,nahar,shared_borrowing_source
نِيلَة,nīla,נִילוּס,nilus,nilas,shared_borrowing_source
نِيلَة,nīla,נָהַר,nahár,nahar,shared_borrowing_source
نِيلَة,nīla,נָהָר,nahár,nahar,shared_borrowing_source
نِينْجَا,nīnjā,נִינְגָ׳ה,nínja,ninja,shared_borrowing_source
نِيَّة,niyya,נָא,ná,nawa,direct_cognate_ar→he;direct_cognate_he→ar
نِيُوزِيلَانْدَا,niyūzīlandā,נְיוּ זִילַנְד,nyú zíland,nu ziland,shared_borrowing_source
نْيُتْرُون,nyutrūn,נֵיטְרוֹן,neitrón,nyutran,shared_borrowing_source
نْيُوتْرُون,nyutrūn,נֵיטְרוֹן,neitrón,nyutran,shared_borrowing_source
هَا,hā,הַ־,ha-,ha,direct_cognate_he→ar
هَابِيل,hābīl,הֶבֶל,hével,hiwil,shared_borrowing_source
هَاجَر,hājar,הָגָר,hagár,gar,shared_borrowing_source
هَاجَرَ,hājara,הִגֵּר,higér,hajara,root_family
هَارُون,hārūn,אַהֲרֹן,aharón,ʔaharan,shared_borrowing_source
هَال,hāl,הֶל,hel,hayl,shared_borrowing_source;lemma_promoted
هَالَ,hāla,הֶל,hel,hayl,shared_borrowing_source;lemma_promoted
هَالَّ,hālla,הֶל,hel,hayl,shared_borrowing_source;lemma_promoted
هَدَس,hadas,הֲדַס,haḏás,das,shared_borrowing_source
هَرَدَ,harada,זַ׳רְגּוֹן,zhargón,gilʕ,shared_borrowing_source;lemma_promoted
هَرَدَ,harada,כְּלוֹר,klór,gilʕ,shared_borrowing_source;lemma_promoted
هَرَسَ,harasa,הֵרֵס,herés,harasa,lemma_promoted
هَرَسَ,harasa,הֶרֶס,héres,harasa,lemma_promoted
هَرَسَ,harasa,הָרַס,harás,harasa,lemma_promoted
هَرَسَ,harasa,הוֹרֵס,horés,harasa,lemma_promoted
هَرَّدَ,harrada,זַ׳רְגּוֹן,zhargón,gilʕ,shared_borrowing_source;lemma_promoted
هَرَّدَ,harrada,כְּלוֹר,klór,gilʕ,shared_borrowing_source;lemma_promoted
هَرَّسَ,harrasa,הֵרֵס,herés,harrasa,lemma_promoted
هَرَّسَ,harrasa,הֶרֶס,héres,harasa,lemma_promoted
هَرَّسَ,harrasa,הָרַס,harás,harasa,lemma_promoted
هَرَّسَ,harrasa,הוֹרֵס,horés,harasa,lemma_promoted
هَرْد,,זַ׳רְגּוֹן,zhargón,gilʕ,shared_borrowing_source
هَرْد,,כְּלוֹר,klór,gilʕ,shared_borrowing_source
هَرْس,hars,הֵרֵס,herés,harasa,direct_cognate_he→ar
هَرْس,hars,הֶרֶס,héres,harasa,direct_cognate_he→ar
هَرْس,hars,הָרַס,harás,harasa,direct_cognate_he→ar
هَرْس,hars,הוֹרֵס,horés,harasa,lemma_promoted
هَلَك,halak,הָלַךְ,halákh,halak,direct_cognate_ar→he;shared_borrowing_source;lemma_promoted
هَلَكَ,halaka,הָלַךְ,halákh,halak,direct_cognate_ar→he;shared_borrowing_source;lemma_promoted
هَلِكَ,halika,הָלַךְ,halákh,halak,direct_cognate_ar→he;shared_borrowing_source;lemma_promoted
هَلْ,hal,הֲ־,ha-,hal,direct_cognate_he→ar
هَلْك,halk,הָלַךְ,halákh,halak,direct_cognate_ar→he;shared_borrowing_source;lemma_promoted
هَمَدَان,hamadān,סִינְגֶל,síngel,sim,shared_borrowing_source
هَمَدَان,hamadān,סַלְמוֹן,sálmon,sim,shared_borrowing_source
هَمَّ,hamma,הֵם,hem,hamma,direct_cognate_he→ar;lemma_promoted
هَمّ,hamm,הֵם,hem,hamma,direct_cognate_he→ar
هَنَأ,hanaʔ,נֶהֱנָה,nehená,haniʔa,direct_cognate_ar→he
هَنَأَ,hanaʔa,נֶהֱנָה,nehená,hanaʔa,direct_cognate_ar→he
هَنَّأَ,hannaʔa,נֶהֱנָה,nehená,hanaʔa,direct_cognate_ar→he
هَنِئَ,haniʔa,נֶהֱנָה,nehená,haniʔa,lemma_promoted
هَنْدَسَ,handasa,הַנְדָּסָה,handasá,handasa,lemma_promoted
هَنْدَسَ,handasa,מְהַנְדֵּס,m'handés,handaz,lemma_promoted
هَنْدَسَ,handasa,מְהֻנְדָּס,m'hundás,handaz,lemma_promoted
هَنْدَسَة,handasa,הַנְדָּסָה,handasá,handasa,shared_borrowing_source
هَنْدَسَة,handasa,מְהַנְדֵּס,m'handés,handaz,shared_borrowing_source
هَنْدَسَة,handasa,מְהֻנְדָּס,m'hundás,handaz,shared_borrowing_source
هَوًى,hawan,הֱוֵה,hĕwē,hawiya,direct_cognate_he→ar
هَوًى,hawan,הוֹוֶה,hové,hawiya,lemma_promoted
هَوَى,hawā,הֱוֵא,hevé,hawan,direct_cognate_he→ar
هَوَى,hawā,הֱוֵה,hĕwē,hawan,direct_cognate_he→ar
هَوَى,hawā,הוֹוֶה,hové,hawan,lemma_promoted
هَوَى,hawā,יהוה,YHWH,yihawan,direct_cognate_he→ar
هَوَّى,hawwā,הֱוֵה,hĕwē,hawan,direct_cognate_he→ar
هَوَّى,hawwā,הוֹוֶה,hové,hawan,lemma_promoted
هَوِيَ,hawiya,הֱוֵה,hĕwē,hawiya,lemma_promoted
هَوِيَ,hawiya,הוֹוֶה,hové,hawiya,lemma_promoted
هَيُول,hayūl,סַלְסָה,sálsa,sil,shared_borrowing_source
هَيُول,hayūl,סָלוֹן,salón,sil,shared_borrowing_source
هَيُول,hayūl,סוֹל,sol,sil,shared_borrowing_source
هَيْكَل,haykal,הֵיכָל,hekhál,haykal,direct_cognate_he→ar;shared_borrowing_source
هَيْل,hayl,הֶל,hel,hayl,shared_borrowing_source
هُرْد,hurd,זַ׳רְגּוֹן,zhargón,gilʕ,shared_borrowing_source;lemma_promoted
هُرْد,hurd,כְּלוֹר,klór,gilʕ,shared_borrowing_source;lemma_promoted
هُلْك,hulk,הָלַךְ,halákh,halak,direct_cognate_ar→he;shared_borrowing_source;lemma_promoted
هُمْ,hum,הֵם,hem,hum,direct_cognate_he→ar;shared_borrowing_source;lemma_promoted
هُنَا,hunā,הִנֵּה,hiné,huna,direct_cognate_ar→he
هُنَا,hunā,הֵנָּה,héna,huna,direct_cognate_he→ar
هُنَّ,hunna,הֵן,hen,šin,direct_cognate_he→ar;shared_borrowing_source
هُوًى,huwan,הֱוֵה,hĕwē,hawan,direct_cognate_he→ar
هُوًى,huwan,הוֹוֶה,hové,hawan,lemma_promoted
هُوَ,huwa,הִוא,hi,šuʔa,shared_borrowing_source
هُوَ,huwa,הוּא,hu,šuʔa,shared_borrowing_source
هُوَّة,huwwa,הֱוֵה,hĕwē,huwwi,lemma_promoted
هُوَّة,huwwa,הוֹוֶה,hové,huwwi,lemma_promoted
هُوِيّ,huwiyy,הֱוֵה,hĕwē,hawa,lemma_promoted
هُوِيّ,huwiyy,הוֹוֶה,hové,hawa,lemma_promoted
هِجْرَة,hijra,הִגֵּר,higér,hijir,root_family
هِرْد,hird,זַ׳רְגּוֹן,zhargón,gilʕ,lemma_promoted
هِرْد,hird,כְּלוֹר,klór,gilʕ,lemma_promoted
هِمّ,himm,הֵם,hem,himm,direct_cognate_he→ar;lemma_promoted
هِمْيَان,himyān,הוֹמוֹסֶקְסוּאָלִי,homoseksu'áli,samhas,shared_borrowing_source
هِمْيَان,himyān,סִינְגֶל,síngel,sim,shared_borrowing_source
هِمْيَان,himyān,סַלְמוֹן,sálmon,sim,shared_borrowing_source
هِنْدَام,hindām,סִינְגֶל,síngel,sim,shared_borrowing_source
هِنْدَام,hindām,סַלְמוֹן,sálmon,sim,shared_borrowing_source
هِنْدُوس,hindūs,הֹדּוּ,hódu,hiduš,shared_borrowing_source
هِنْدُوس,hindūs,הוֹדָה,hodá,hiduš,lemma_promoted
هِنْدُوس,hindūs,הוֹדוּ,hodú,hiduš,shared_borrowing_source
هِيَ,hiya,הִיא,hi,šiʔa,shared_borrowing_source
هِيَهْ,hiyah,הִיא,hi,šiʔa,shared_borrowing_source
هٰذَا,hāḏā,הִזָּה,hizá,haza,direct_cognate_ar→he
هٰذَا,hāḏā,הַזֶּה,hazé,haza,direct_cognate_ar→he;direct_cognate_he→ar
هٰذَا,hāḏā,הָזָה,hazá,haza,direct_cognate_ar→he
هٰذَا,hāḏā,זֶה,ze,haza,direct_cognate_he→ar;lemma_promoted
وَئِبَ,waʔiba,אָיַב,ayáv,ʔawaʔiba,direct_cognate_he→ar
وَاحِد,wāḥid,אִחֵד,ikhéd,ʔaxad,shared_borrowing_source
وَاحِد,wāḥid,אֶחָד,ekhád,ʔaxad,shared_borrowing_source
وَاحِد,wāḥid,אֻחַד,ukhád,ʔaxad,shared_borrowing_source
وَاحِد,wāḥid,חַד,khad-,ʔaxad,shared_borrowing_source
وَارِث,wāriṯ,יְרֻשָּׁה,y'rushá,warisa,root_family
وَارِث,wāriṯ,יָרַשׁ,yarásh,waris,root_family
وَارِث,wāriṯ,מוֹרָשָׁה,morashá,warisa,root_family
وَارِث,wāriṯ,תּוֹרָשָׁה,torashá,warisa,root_family
وَارْسُو,warsō,וַרְשָׁה,vársha,warsawa,shared_borrowing_source
وَالِد,wālid,יִלּוֹד,yilód,walid,root_family
وَالِد,wālid,מוֹלָד,molád,walid,root_family
وَالِد,wālid,תּוֹלָדָה,toladá,walid,root_family
وَبَلَ,wabala,הוּבַל,huval,wabala,lemma_promoted
وَبَلَ,wabala,יוּבַל,yuvál,wabala,direct_cognate_he→ar
وَتَد,watad,יָתֵד,yatéd,watad,direct_cognate_ar→he;direct_cognate_he→ar
وَتَدَ,watada,יָתֵד,yatéd,watada,direct_cognate_ar→he;direct_cognate_he→ar
وَتَر,watar,יֶתֶר,yéter,watar,direct_cognate_ar→he;lemma_promoted
وَتَرَ,watara,יֶתֶר,yéter,watara,direct_cognate_ar→he;lemma_promoted
وَتَّدَ,wattada,יָתֵד,yatéd,watada,direct_cognate_ar→he;direct_cognate_he→ar
وَتَّرَ,wattara,יֶתֶר,yéter,watara,direct_cognate_ar→he;lemma_promoted
وَتْر,watr,יֶתֶר,yéter,watara,direct_cognate_ar→he
وَثِيق,waṯīq,וָתִיק,vatík,wasiq,direct_cognate_he→ar
وَحَدَ,waḥada,אֻחַד,ukhád,waxada,root_family
وَحْدَانِيَّة,waḥdāniyya,אִחֵד,ikhéd,waxdaniyy,root_family
وَحْدَانِيَّة,waḥdāniyya,אֻחַד,ukhád,waxdaniyy,root_family
وَحْدَانِيّ,waḥdāniyy,אָחִיד,akhíd,waxidan,root_family
وَحْدَانِيّ,waḥdāniyy,חַד,khad-,waxdan,root_family
وَحْدَانِيّ,waḥdāniyy,מְאֻחָד,m'ukhád,waxdan,root_family
وَحْدَة,waḥda,אִחֵד,ikhéd,waxad,root_family
وَحْدَة,waḥda,אִחוּד,ikhúd,waxud,root_family
وَحْدَة,waḥda,אֻחַד,ukhád,waxad,root_family
وَحْدَة,waḥda,הִתְאַחֵד,hit'akhéd,waxid,root_family
وَحْش,waḥš,וָואחְשׁ,wakhsh,waxš,shared_borrowing_source
وَدَعَ,wadaʕa,יִדֵּעַ,yidéa,wadaʕ,shared_borrowing_source
وَدَعَ,wadaʕa,יֶדַע,yéda,wadaʕ,shared_borrowing_source
وَدَعَ,wadaʕa,יָדַע,yadá,wadaʕ,shared_borrowing_source
وَدَعَ,wadaʕa,יֻדַּע,yudá,wadaʕ,shared_borrowing_source
وَدَعَ,wadaʕa,יוֹדֵעַ,yodéa,wadaʕ,lemma_promoted
وَدَّعَ,waddaʕa,יִדֵּעַ,yidéa,waddaʕ,shared_borrowing_source
وَدَّعَ,waddaʕa,יֶדַע,yéda,wadaʕ,shared_borrowing_source
وَدَّعَ,waddaʕa,יָדַע,yadá,wadaʕ,shared_borrowing_source
وَدَّعَ,waddaʕa,יֻדַּע,yudá,wadaʕ,shared_borrowing_source
وَدَّعَ,waddaʕa,יוֹדֵעַ,yodéa,wadaʕ,lemma_promoted
وَدُود,wadūd,יָדִיד,yadíd,wadud,direct_cognate_ar→he
وَدِيد,wadīd,יְדִידוּתִי,yedidutí,wadidut,root_family
وَدِيد,wadīd,יָדִיד,yadíd,wadid,direct_cognate_he→ar
وَدِيع,wadīʕ,יָדוּעַ,yadúa',wadiaʕ,root_family
وَدِيع,wadīʕ,מוּדָע,mudá,wadiʕ,root_family
وَدّ,wadd,יְדִידוּת,y'didút,wdaddat,root_family
وَدّ,wadd,יָדִיד,yadíd,waddad,root_family
وَدْع,wadʕ,יִדֵּעַ,yidéa,wadaʕ,shared_borrowing_source
وَدْع,wadʕ,יֶדַע,yéda,wadaʕ,shared_borrowing_source
وَدْع,wadʕ,יָדַע,yadá,wadaʕ,shared_borrowing_source
وَدْع,wadʕ,יֻדַּע,yudá,wadaʕ,shared_borrowing_source
وَدْع,wadʕ,יוֹדֵעַ,yodéa,wadaʕ,lemma_promoted
وَرَدَ,warada,הַיַּרְדֵּן,hayardén,waradan,direct_cognate_he→ar
وَرَدَ,warada,יֶרֶד,yéred,warad,direct_cognate_he→ar;shared_borrowing_source
وَرَدَ,warada,יַרְדֵּן,yardén,waradan,direct_cognate_he→ar
وَرَدَ,warada,יָרַד,yarád,warad,direct_cognate_ar→he;direct_cognate_he→ar;shared_borrowing_source
وَرَق,waraq,יְרָקוֹת,y'raqót,waraq,lemma_promoted
وَرَق,waraq,יֶרֶק,yérek,waraq,shared_borrowing_source
وَرَق,waraq,יָרַק,yarák,waraq,shared_borrowing_source
وَرَق,waraq,יָרָק,yarák,waraq,shared_borrowing_source
وَرَق,waraq,יָרֹק,yarók,waraq,direct_cognate_he→ar;shared_borrowing_source
وَرَكَ,waraka,יָרֵךְ,yarékh,waraka,direct_cognate_ar→he
وَرَل,waral,יוּלִי,yúli,waral,shared_borrowing_source
وَرَن,waran,יוּלִי,yúli,waral,shared_borrowing_source
وَرَّثَ,warraṯa,יָרַשׁ,yarásh,warasa,direct_cognate_he→ar;lemma_promoted
وَرَّدَ,warrada,יֶרֶד,yéred,warad,shared_borrowing_source
وَرَّدَ,warrada,יָרַד,yarád,warad,direct_cognate_ar→he;shared_borrowing_source
وَرَّكَ,warraka,יָרֵךְ,yarékh,waraka,direct_cognate_ar→he
وَرِثَ,wariṯa,יְרֻשָּׁה,y'rushá,warisa,root_family
وَرِثَ,wariṯa,יָרַשׁ,yarásh,warisa,direct_cognate_ar→he;direct_cognate_he→ar;lemma_promoted
وَرِثَ,wariṯa,מוֹרָשָׁה,morashá,warisa,root_family
وَرِثَ,wariṯa,תּוֹרָשָׁה,torashá,warisa,root_family
وَرِك,warik,יָרֵךְ,yarékh,warik,direct_cognate_ar→he;direct_cognate_he→ar
وَرِيد,warīd,וְרִיד,v'rid,warid,shared_borrowing_source
وَرْد,ward,וֶרֶד,véred,wrdah,direct_cognate_ar→he;direct_cognate_he→ar;shared_borrowing_source
وَرْد,ward,וָרֹד,varód,warad,direct_cognate_he→ar
وَرْد,ward,ורד,,warid,direct_cognate_he→ar
وَزَنَ,wazana,מֹאזְנַיִם,moz'náyim,wazn,direct_cognate_he→ar
وَسِنَ,wasina,שֵׁנָה,sheiná,wasina,root_family
وَصَفَ,waṣafa,סַפָּה,sapá,sip-pu,lemma_promoted
وَصَفَ,waṣafa,פְּסֵיפָס,psefás,psipas,lemma_promoted
وَصَّفَ,waṣṣafa,סַפָּה,sapá,sip-pu,lemma_promoted
وَصَّفَ,waṣṣafa,פְּסֵיפָס,psefás,psipas,lemma_promoted
وَصَّى,waṣṣā,צִוָּה,tsivá,waṣṣa,direct_cognate_he→ar
وَصِيَّة,waṣiyya,מְצַוֶּה,m'tsave,waṣiyyi,direct_cognate_he→ar;lemma_promoted
وَصِيَّة,waṣiyya,מְצַוָּה,m'tsava,waṣiyya,direct_cognate_he→ar;lemma_promoted
وَصِيَّة,waṣiyya,מִצְוָה,mitsvá,waṣiyya,direct_cognate_he→ar;lemma_promoted
وَصِيَّة,waṣiyya,צַו,tsáv,waṣiyy,root_family
وَصِيَّة,waṣiyya,צַוָּאָה,tzava'á,waṣiyya,root_family
وَصِيّ,waṣiyy,צַוָּאָה,tzava'á,waṣiyy,root_family
وَصْف,waṣf,סַפָּה,sapá,sip-pu,lemma_promoted
وَصْف,waṣf,פְּסֵיפָס,psefás,psipas,lemma_promoted
وَضُؤَ,waḍuʔa,יִצֵּא,yitsé,waṣuʔa,direct_cognate_ar→he;lemma_promoted
وَضُؤَ,waḍuʔa,יָצָא,yatsá,waṣuʔa,direct_cognate_ar→he;lemma_promoted
وَعَدَ,waʕada,מוֹעֵד,mo'éd,waʕada,lemma_promoted
وَعَظَ,waʕaẓa,יָעַץ,ya'áts,waʕaṣa,direct_cognate_ar→he
وَعَلَ,waʕala,יָעֵל,ya'él,waʕil,shared_borrowing_source
وَعَلَيْكُمُ ٱلسَّلَامُ,wa-ʕalaykumu s-salāmu,עֲלֵיכֶם שָׁלוֹם,alekhém shalóm,waʕalaykumu salamu,direct_cognate_he→ar
وَعِل,waʕil,יָעֵל,ya'él,waʕil,shared_borrowing_source
وَعْد,waʕd,מוֹעֵד,mo'éd,waʕada,lemma_promoted
وَعْل,waʕl,יָעֵל,ya'él,waʕil,shared_borrowing_source
وَفَى,wafā,יָפֶה,yafé,wafa,direct_cognate_he→ar
وَقَار,waqār,יָקָר,yakár,waqar,direct_cognate_ar→he;direct_cognate_he→ar;shared_borrowing_source
وَقَار,waqār,יֹקֶר,yóker,waqar,direct_cognate_he→ar;shared_borrowing_source
وَقَعَ,waqaʕa,הוֹקִיעַ,hokía,waqaʕa,root_family
وَقَعَ,waqaʕa,יָקַע,yaká,waqaʕa,direct_cognate_he→ar
وَقُور,waqūr,יָקָר,yakár,waqur,root_family
وَكَّلَ,wakkala,יָכֹל,yakhól,wakala,direct_cognate_he→ar
وَلَد,walad,הֻלֶּדֶת,hulédet,huwalad,lemma_promoted
وَلَد,walad,יֶלֶד,yéled,walad,direct_cognate_ar→he;direct_cognate_he→ar
وَلَد,walad,יָלַד,yalád,walad,direct_cognate_he→ar
وَلَد,walad,לְיָדָהּ,lyadá,walad,lemma_promoted
وَلَد,walad,לֵדָה,leydá,walad,lemma_promoted
وَلَد,walad,מוֹלֶדֶת,molédet,waladit,lemma_promoted
وَلَدَ,walada,הֻלֶּדֶת,hulédet,waladat,lemma_promoted
وَلَدَ,walada,הוֹלִיד,holíd,walada,root_family
وَلَدَ,walada,יֶלֶד,yéled,walad,shared_borrowing_source
وَلَدَ,walada,יָלַד,yalád,walad,shared_borrowing_source
وَلَدَ,walada,לְיָדָהּ,lyadá,walada,lemma_promoted
وَلَدَ,walada,לֵדָה,leydá,walada,lemma_promoted
وَلَدَ,walada,מוֹלֶדֶת,molédet,waladat,lemma_promoted
وَلَدَ,walada,נוֹלַד,nolád,walada,root_family
وَلَّادَة,wallāda,הֻלֶּדֶת,hulédet,huwallad,direct_cognate_ar→he;direct_cognate_he→ar
وَلَّدَ,wallada,הֻלֶּדֶת,hulédet,waladat,lemma_promoted
وَلَّدَ,wallada,לְיָדָהּ,lyadá,walada,lemma_promoted
وَلَّدَ,wallada,לֵדָה,leydá,walada,lemma_promoted
وَلَّدَ,wallada,מוֹלֶדֶת,molédet,waladat,lemma_promoted
وَلِيد,walīd,יָלִיד,yalíd,walid,direct_cognate_ar→he;direct_cognate_he→ar
وَهَبَ,wahaba,יְהָב,y'háv,wahaba,direct_cognate_ar→he
وَيْبَة,wayba,אֵיפָה,efá,ʔaypa,shared_borrowing_source
وَيْن,wayn,יַיִן,yáyin,wayn,shared_borrowing_source
وَٱللّٰهِ,wal-lāhi,וַאלְלַהּ,wálla,wa llahi,shared_borrowing_source
وُرُك,wuruk,יָרֵךְ,yarékh,wuruk,direct_cognate_ar→he
وُرْك,wurk,יָרֵךְ,yarékh,wurik,direct_cognate_ar→he
وِرَاثَة,wirāṯa,יְרֻשָּׁה,y'rushá,warisa,root_family
وِرَاثَة,wirāṯa,יָרַשׁ,yarásh,warisa,root_family
وِرَاثَة,wirāṯa,מוֹרָשָׁה,morashá,warisa,root_family
وِرَاثَة,wirāṯa,תּוֹרָשָׁה,torashá,warisa,root_family
وِرْث,wirṯ,יָרַשׁ,yarásh,warisa,direct_cognate_he→ar
وِرْد,wird,יֶרֶד,yéred,warad,shared_borrowing_source
وِرْد,wird,יָרַד,yarád,warad,direct_cognate_ar→he;shared_borrowing_source
وِسَادَة,wisāda,יְסוֹד,yesód,wisad,direct_cognate_ar→he;direct_cognate_he→ar
وِسَادَة,wisāda,יִסּוּד,yisud,wisad,direct_cognate_he→ar
وِلَادَة,wilāda,הֻלֶּדֶת,hulédet,waladat,direct_cognate_ar→he;direct_cognate_he→ar
وِلَادَة,wilāda,יִלּוֹד,yilód,walada,root_family
وِلَادَة,wilāda,לֵדָה,leydá,waladaa,root_family
وِلَادَة,wilāda,מְיַלֶּדֶת,m'yalédet,walada,root_family
وِلَادَة,wilāda,מוֹלֶדֶת,molédet,waladat,root_family
وِلَادَة,wilāda,מוֹלָד,molád,walada,root_family
وِلَادَة,wilāda,נוֹלַד,nolád,walada,root_family
وِيسْكِي,wiskī,וִיסְקִי,víski,wiski,shared_borrowing_source
وِيكَامُوس,wīkāmūs,וִיקִימִלּוֹן,vikimilón,wikšanri,shared_borrowing_source
يَأْجُوج,yaʔjūj,גּוֹג,gog,gag,shared_borrowing_source
يَأْجُوج,yaʔjūj,מָגוֹג,magóg,magag,shared_borrowing_source
يَأْس,yaʔs,הִתְיָאֵשׁ,hitya'ésh,yaʔisa,root_family
يَأْس,yaʔs,יֵאֵשׁ,ye'ésh,yaʔisa,root_family
يَئِسَ,yaʔisa,הִתְיָאֵשׁ,hitya'ésh,yaʔisa,direct_cognate_he→ar
يَئِسَ,yaʔisa,יֵאֵשׁ,ye'ésh,yaʔisa,direct_cognate_he→ar
يَا,yā,יָא,yá,ya,shared_borrowing_source
يَابِس,yābis,יִבֵּשׁ,yibésh,yabis,lemma_promoted
يَابِس,yābis,יַבָּשָׁה,yabashá,yabisa,lemma_promoted
يَابِس,yābis,יָבֵשׁ,yavésh,yabis,lemma_promoted
يَابِس,yābis,יבשה,,yabis,lemma_promoted
يَابِس,yābis,מְיֻבָּשׁ,m'yubásh,yabis,root_family
يَابِسَة,yābisa,יִבֵּשׁ,yibésh,yabis,lemma_promoted
يَابِسَة,yābisa,יַבָּשָׁה,yabashá,yabisa,direct_cognate_ar→he
يَابِسَة,yābisa,יָבֵשׁ,yavésh,yabis,lemma_promoted
يَابِسَة,yābisa,יבשה,,yabis,direct_cognate_ar→he
يَاسَمِين,yāsamīn,יַסְמִין,yasmín,yasaman,shared_borrowing_source
يَافَث,yāfaṯ,יֶפֶת,Yéfet,yifit,shared_borrowing_source
يَاقُوت,yāqūt,יָקִינְתּוֹן,yakintón,hyakintas,shared_borrowing_source
يَاٱللَّٰه,yāllāh,יַאלְלָה,yálla,ya llah,shared_borrowing_source
يَبِسَ,yabisa,הִתְיַבֵּשׁ,hityabésh,yabisa,root_family
يَبِسَ,yabisa,יִבֵּשׁ,yibésh,yabisa,root_family
يَبِسَ,yabisa,יָבֵשׁ,yavésh,yabisa,direct_cognate_ar→he
يَتِيم,yatīm,יָתוֹם,yatóm,yatam,direct_cognate_ar→he;direct_cognate_he→ar;shared_borrowing_source
يَحْيَى,yaḥyā,יוֹחָנָן,yokhanán,yaxanan,shared_borrowing_source
يَخْت,yaḵt,יַכְטָה,yákhta,yaxt,shared_borrowing_source
يَد,yad,יָד,yád,yad,shared_borrowing_source
يَد,yad,יָדָה,yadá,yad,shared_borrowing_source
يَدَى,yadā,יָד,yád,yada,root_family
يَرْبُوع,yarbūʕ,עַכְבָּר,akhbár,ʕakbar,direct_cognate_ar→he;shared_borrowing_source
يَسُرَ,yasura,אֹשֶׁר,'ósher,yasura,direct_cognate_he→ar
يَسُرَ,yasura,אֻשַּׁר,ushár,yasura,direct_cognate_he→ar
يَسُوع,yasūʕ,יֵשׁוּ,yéshu,yišuaʕ,shared_borrowing_source
يَسُوع,yasūʕ,יֵשׁוּעַ,yeshúa,yasuaʕ,direct_cognate_he→ar
يَسِير,yasīr,יִשֵּׁר,yishér,yasir,direct_cognate_he→ar
يَسِير,yasīr,יָשִׁיר,yashír,yasir,root_family
يَسِير,yasīr,יָשָׁר,yashár,yasir,direct_cognate_ar→he;direct_cognate_he→ar
يَسِير,yasīr,יֹשֶׁר,yósher,yasir,direct_cognate_he→ar
يَشُوع,yašūʕ,יְהוֹשֻׁעַ,y'hoshúa,yihašua,shared_borrowing_source
يَشْب,yašb,‮יָשְׁפֵה‬,yošp̄e,yašbi,direct_cognate_ar→he
يَشْم,yašm,‮יָשְׁפֵה‬,yošp̄e,yašmi,direct_cognate_he→ar
يَعْقُوب,yaʕqūb,יַעֲקֹב,yaʿaqóv,yaʕaqaw,shared_borrowing_source
يَعْقُوب,yaʕqūb,עֵקֶב,ékev,yaʕaqaw,lemma_promoted
يَعْقُوب,yaʕqūb,עָקֵב,akév,yaʕaqaw,lemma_promoted
يَعْقُوب,yaʕqūb,עָקַב,akáv,yaʕaqaw,lemma_promoted
يَعْقُوبْيَان,yaʕqūbyān,יַעֲקֹב,yaʿaqóv,yaʕaqaw,shared_borrowing_source
يَعْقُوبْيَان,yaʕqūbyān,עֵקֶב,ékev,yaʕaqaw,lemma_promoted
يَعْقُوبْيَان,yaʕqūbyān,עָקֵב,akév,yaʕaqaw,lemma_promoted
يَعْقُوبْيَان,yaʕqūbyān,עָקַב,akáv,yaʕaqaw,lemma_promoted
يَعْنِي,yaʕnī,יַעְנִי,yá'ni,yaʕni,shared_borrowing_source
يَعْنِي,yaʕnī,יַעַן,yá'an,yaʕani,direct_cognate_ar→he
يَعْنِي,yaʕnī,יָעֵן,ya'en,yaʕini,direct_cognate_ar→he
يَمَام,yamām,יוֹנָה,yoná,hawman,shared_borrowing_source
يَمِين,yamīn,אָמוֹן,amon,yamin,shared_borrowing_source
يَمِين,yamīn,יָמִין,yamín,yamin,shared_borrowing_source
يَمّ,yamm,יָם,yam,yamm,direct_cognate_ar→he
يَنَايِر,yanāyir,יָנוּאָר,yánuar,yanuarius,shared_borrowing_source
يَهُودَا,yahūdā,אִידִישׁ,'ídish,yihuda,shared_borrowing_source
يَهُودَا,yahūdā,יְהוּדָה,y'hudá,yihuda,shared_borrowing_source
يَهُودِيّ,yahūdiyy,אִידִישׁ,'ídish,yihuda,shared_borrowing_source
يَهُودِيّ,yahūdiyy,יְהוּדָה,y'hudá,yihuda,shared_borrowing_source
يَهُوذَا,yahūḏā,אִידִישׁ,'ídish,yihuda,shared_borrowing_source
يَهُوذَا,yahūḏā,יְהוּדָה,y'hudá,yihuda,shared_borrowing_source
يَهْوَه,yahwah,הֱוֵה,hĕwē,hawaya,shared_borrowing_source
يَهْوَه,yahwah,הָיָה,hayá,hawaya,shared_borrowing_source
يَهْوَه,yahwah,הוֹוֶה,hové,hawaya,lemma_promoted
يَهْوَه,yahwah,יהוה,YHWH,yihawa,shared_borrowing_source
يَوْم,yawm,יוֹם,yom,yawm,direct_cognate_he→ar;shared_borrowing_source
يَوْم الْغُفْرَان,yawm al-ḡufrān,יוֹם כִּיפּוּר,yom kipúr,yam kipur,lemma_promoted
يَوْم الْكَفَّارَة,yawm al-kaffāra,יוֹם כִּיפּוּר,yom kipúr,yam kipur,lemma_promoted
يُؤْيُؤ,yuʔyuʔ,אַיָּה,ayá,yuʔayuʔ,direct_cognate_ar→he
يُوحَنَّا,yūḥannā,יוֹחָנָן,yokhanán,yaxanan,shared_borrowing_source
يُود,yūd,יוֹד,yod,yad,shared_borrowing_source
يُورانيُوم,yurānyum,אוּרַנְיוּם,urányum,yuriniam,shared_borrowing_source
يُوسُف,yūsuf,יוֹסֵף,yoséf,yasif,shared_borrowing_source
يُولْيُو,yūlyū,וואו!,wáu,wilh,shared_borrowing_source
يُولْيُو,yūlyū,יוּלִי,yúli,yulius,shared_borrowing_source
يُونَان,yūnān,יוֹנָה,yoná,yana,shared_borrowing_source
يُونُس,yūnus,יוֹנָה,yoná,yana,shared_borrowing_source
يُونْيُو,yūnyū,יְוָנִי,y'vaní,yunius,shared_borrowing_source
يُونْيُو,yūnyū,יוֹנִי,yóni,yunius,shared_borrowing_source
يُونْيُو,yūnyū,יוֹנֵי־,yonéi,yunius,shared_borrowing_source
يُونْيُو,yūnyū,יוֹנָה,yoná,yunius,lemma_promoted
يُونْيُو,yūnyū,יוּנִי,yúni,yunius,shared_borrowing_source
َـانـ,-ān-,־ָן,-án,ʔan,direct_cognate_ar→he
َـانـ,-ān-,־וֹן,-on,ʔan,direct_cognate_he→ar
