proto_root,borrowed_from,arabic_roots,hebrew_roots,pos,derivation,pansemitic,arabic,arabic_romanization,hebrew,hebrew_romanization,arabic_meaning,hebrew_meaning,evidence_count
AIDS,en:AIDS,,,noun,,ʔidz,إِيدْز,ʔīdz,אֵיְדְּס,éyds,AIDS,"acquired immune deficiency syndrome, AIDS",0
Alaska,en:Alaska,,,name,,ʔalaska,أَلَاسْكَا,ʔalāskā,אָלָסְקָה,aláska,"Alaska (a state of the United States, formerly a territory)","Alaska (a state of the United States, formerly a territory)",0
Aprilis,la:Aprilis,,,name,,ʔaprilis,أَبْرِيل,ʔabrīl,אַפְּרִיל,apríl,April (fourth month of the Gregorian calendar),April,1
Arizona,en:Arizona,,,name,,ʔarizauna,أَرِيزُونَا,ʔarīzūnā,אָרִיזוֹנָה,arizóna,"Arizona (a state in the southwestern United States, established 1912)","Arizona (a state in the southwestern United States, established 1912)",0
Augustus,la:Augustus,,,name,,ʔaugustus,أَغُسْطُس,ʔaḡusṭus,אוֹגוּסְט,ogúst,August (eighth month of the Gregorian calendar),"August (the eighth month of the Roman, Julian, and Gregorian calendars, following July and preceding September)",1
Barcinō,la:Barcinō,,,name,,barkina,بَرْشَلُونة,baršalūna,בַּרְצֶלוֹנָה,bartselóna,"Barcelona (the capital city of Catalonia, Spain)","Barcelona (the capital city of Catalonia, Spain)",0
Bhutan,en:Bhutan,,,name,,butan,بُوتَان,būtān,בְּהוּטָן,bután,"Bhutan (a country in South Asia, in the Himalayas)","Bhutan (a country in South Asia, in the Himalayas).",0
Bier,de:Bier,,בור,noun,,bia,بِيرَة,bīra,בִּירָה,birá,beer,beer,0
Boston,en:Boston,,,name,,bastan,بُسْطُن,busṭun,בּוֹסְטוֹן,bóston,"Boston (the capital and largest city of Massachusetts, United States)","Boston (the capital and largest city of Massachusetts, the informal capital of New England, and the county seat of Suffolk County)",0
Boston,en:Boston,,,name,,bastan,بُوسْطُن,bōsṭon,בּוֹסְטוֹן,bóston,"Boston (the capital and largest city of Massachusetts, United States)","Boston (the capital and largest city of Massachusetts, the informal capital of New England, and the county seat of Suffolk County)",0
Britannia,la:Britannia,,,name,,britannia,بِرِطَانِيَة,biriṭāniya,בְּרִיטַנְיָה,británya,"Britain (an island of Northern Europe), Britannia","Great Britain (a large island (sometimes also including some of the surrounding smaller islands) off the north-west coast of Western Europe, made up of England, Scotland, and Wales)",0
Britannia,la:Britannia,,,name,,britannia,بِرِيطانِيَا,birīṭāniyā,בְּרִיטַנְיָה,británya,"Britain (great Britain, a large island (sometimes also including some of the surrounding smaller islands) off the north-west coast of Western Europe, made up of England, Scotland, and Wales; especially (but not exclusively) during antiquity)","Great Britain (a large island (sometimes also including some of the surrounding smaller islands) off the north-west coast of Western Europe, made up of England, Scotland, and Wales)",0
Caesar,la:Caesar,,,name/noun,,kaisar,قَيْصَر,qayṣar,קֵיסָר,kesár,Kaiser (title of German emperors),"Kaiser, a title of German emperors",1
Conley,en:Conley,,,name,,kanli,كُونْلِي,konlī,קונלי,kónli,a transliteration of the English surname Conley,a transliteration of the English surname Conley,0
December,la:December,,,noun,,dikimbir,دِيسِمْبِر,dīsimbir,דֵּצֶמְבֶּר,detsémber,December (twelfth month of the Gregorian calendar),"December (the twelfth and last month of the Gregorian calendar, following November and preceding the January of the following year, containing the southern solstice)",0
Delhi,en:Delhi,,,name,,dili,دِلْهِي,dilhī,דֵלְהִי,delhī,"Delhi (a megacity and union territory of India, containing the national capital New Delhi)","Delhi (a megacity and union territory of India, containing the national capital New Delhi)",0
Februarius,la:Februarius,,,name,,fibruarius,فِبْرَايِر,fibrāyir,פֶבְּרוּאָר,fébruar,February (second month of the Gregorian calendar),"February (the short month following January and preceding March in the Roman, Julian, and Gregorian calendars, used in all three calendars for intercalation or addition of leap days)",0
Gen,de:Gen,,,noun,,gin,جِين,jīn,גֶּן,gen,gene,a gene,0
Internet,en:Internet,,,noun,,ʔintanit,إِنْتَرْنَت,ʔintarnat,אִינְטֶרְנֶט,ínternet,Internet,An internet: a group of mutually connected computer networks.,1
Iulius,la:Iulius,,,name,,yulius,يُولْيُو,yūlyū,יוּלִי,yúli,July (seventh month of the Gregorian calendar),July,1
Iunius,la:Iunius,,,name,,yunius,يُونْيُو,yūnyū,יוּנִי,yúni,June (sixth month of the Gregorian calendar),June,4
Iānuārius,la:Iānuārius,,,name,,yanuarius,يَنَايِر,yanāyir,יָנוּאָר,yánuar,January (first month of the Gregorian calendar),January,0
Japan,nl:Japan,,,name,,yapan,الْيَابَان,al-yābān,יַפָּן,yapán,Japan (a country and archipelago of East Asia),Japan (a country and archipelago of East Asia),0
Kuala Lumpur,ms:Kuala Lumpur,,,name,,kwala lumpar,كُوَالَا لُمْبُور,kuwālā lumbūr,קוּאָלָה לוּמְפּוּר,kuala lumpur,Kuala Lumpur (a federal territory of Malaysia),Kuala Lumpur (a federal territory of Malaysia),0
London,en:London,,,name,,landan,لُنْدُن,lundun,לוֹנְדּוֹן,lóndon,London (the capital city of the United Kingdom; the capital city of England),"London (the capital city of the United Kingdom; the capital city of England, within Greater London)",0
Madrid,es:Madrid,,,name,,madrid,مَدْرِيد,madrīd,מַדְרִיד,madríd,Madrid (the capital city of Spain),Madrid (the capital city of Spain),0
Maine,en:Maine,,,name,,min,مَيْن,mayn,מֵיְן,meyn,Maine (a state of the United States; probably named for the province in France),Maine,2
Maius,la:Maius,,,name,,mayyus,مَايُو,māyū,מַאי,may,May (fifth month of the Gregorian calendar),"May (the fifth month of the Gregorian calendar, following April and preceding June)",2
México,es:México,,,name,,mixika,الْمَكْسِيك,al-maksīk,מֶקְסִיקוֹ,méksiko,Mexico (a country in North America),"Mexico (a country in North America, located south of the United States, and northwest of Guatemala and Belize from Central America)",0
Mārtius,la:Mārtius,,,name,,martius,مَارِس,māris,מַרְס,márs,Mars (god),Mars (the Roman god of war),3
NATO,en:NATO,,,name,,nitau,الناتو,an-nātū,נָאט״וֹ,"nát""o",NATO,NATO,0
Nazi,de:Nazi,,,adj/noun,,natsi,نَازِيّ,nāziyy,נָאצִי,nátsi,Nazi,"Nazi: of or pertaining to the German Nazi Party, its members, its period in power, etc.",0
Neptunus,la:Neptunus,,,name,,niptunus,نِبْتُون,nibtūn,נֶפְּטוּן,néptun,Neptune,Neptune,0
New Zealand,en:New Zealand,,,name,,nu ziland,نِيُوزِيلَانْدَا,niyūzīlandā,נְיוּ זִילַנְד,nyú zíland,New Zealand (a country in Oceania),"New Zealand (a country and archipelago of Oceania, to the east of Australia).",0
Nice,fr:Nice,,,name,,nis,نِيس,nīs,ניס,nis,"Nice (a coastal city, the capital of Alpes-Maritimes department in the Provence-Alpes-Côte d'Azur region in southeast France)","Nice (a coastal city, the capital of Alpes-Maritimes department in the Provence-Alpes-Côte d'Azur region in southeast France)",1
Norvegia,la:Norvegia,,,name,,narwigia,اَلنُّرْوِيج,an-nurwīj,נוֹרְבֶגְיָה,norvégya,Norway (a country in Scandinavia in Northern Europe),Norway (a country in Scandinavia in Northern Europe),0
November,la:November,,,name,,nawimbir,نُوفِمْبِر,nūfimbir,נוֹבֶמְבֶּר,novémber,November (eleventh month of the Gregorian calendar),November,0
Occitānia,la:Occitānia,,,name,,ʔattšitania,أُوكْسِيتَانِيَا,ʔūksītāniyā,אוֹקְסִיטַנְיָה,oksitánya,Occitania (an administrative region in southern France),Occitania (an administrative region in southern France),0
October,la:October,,,name,,ʔaktabir,أُكْتُوبِر,ʔuktūbir,אוֹקְטוֹבֶּר,október,October (tenth month of the Gregorian calendar),October,0
Paulus,la:Paulus,,,name,,paulus,بُولُس,būlus,פּוֹל,pol,"a male given name from Ancient Greek, equivalent to English Paul",a male given name from English,0
Pluto,en:Pluto,,,name,,plutau,بْلُوتُو,blūtū,פּלוּטוֹ,plúto,Pluto (dwarf planet),"Pluto (the largest dwarf planet and formerly the ninth planet, represented by the symbol ♇ or ⯓, both now used mostly in astrology)",0
Praha,cs:Praha,,,name,,praha,بْرَاغ,brāḡ,פְּרָג,prag,Prague (the capital city of the Czech Republic),Prague (the capital city of the Czech Republic; the former capital of Czechoslovakia; the former capital of the Kingdom of Bohemia),0
Qırım,crh:Qırım,,,name,,qurum,الْقِرِم,al-qirim,קְרִים,krim,"Crimea (a geographic region and peninsula in Eastern Europe, jutting out into the Black Sea; de facto occupied and annexed in 2014 as a republic of Russia, but internationally recognized as an autonomous republic of Ukraine :)","Crimea (a geographic region and peninsula in Eastern Europe, jutting out into the Black Sea; de facto occupied and annexed in 2014 as a republic of Russia, but internationally recognized as an autonomous republic of Ukraine :)",0
Rio de Janeiro,pt:Rio de Janeiro,,,name,,riu ji janiyru,رِيُو دِي جَانِيرُو,riyō dī jānērō,רִיוּ דֵה זַ׳נֵירוּ,riu de janeiru,"Rio de Janeiro (a state of the Southeast Region, Brazil)","Rio de Janeiro (a state of the Southeast Region, Brazil)",0
Rōma,la:Rōma,,,name,,rama,رُومَا,rūmā,רוֹמָא,róma,"Rome (a major city, the capital of Italy and the Italian region of Lazio, located on the Tiber River; the ancient capital of the Roman Empire)","Rome (a major city, the capital of Italy and the Italian region of Lazio, located on the Tiber River; the ancient capital of the Roman Empire)",1
Rōmānus,la:Rōmānus,,,noun,,ramanus,رُومَان,rūmān,רומנוס,romanos,Romans,"a male given name, Romanos or Romanus",0
September,la:September,,,name,,siptimbir,سِبْتِمْبِر,sibtimbir,סֶפְּטֶמְבֶּר,septémber,September (ninth month of the Gregorian calendar),September,0
São Paulo,pt:São Paulo,,,name,,saw pawlu,سَاو بَاوْلُو,sāw bāwlō,סָאוּ פָּאוּלוּ,sau paulu,"a municipality, the state capital of São Paulo, Brazil","São Paulo (a municipality, the state capital of São Paulo State, Brazil)",0
Warszawa,pl:Warszawa,,,name,,warsawa,وَارْسُو,warsō,וַרְשָׁה,vársha,Warsaw (the capital city of Poland),Warsaw (the capital city of Poland; the capital city of Masovian Voivodeship),0
Wiktionary,en:Wiktionary,,,name,,wikšanri,وِيكَامُوس,wīkāmūs,וִיקִימִלּוֹן,vikimilón,Wiktionary,Wiktionary,0
aawaka-,azc-nah-pro:*aawaka-,,,noun,,ʔawaka,أَفُوكَادُو,ʔafūkādū,אָבוֹקָדוֹ,avokádo,avocado,"avocado (the large, usually yellowish-green or black, savory fruit of the avocado tree)",0
acadēmīa,la:acadēmīa,,,noun,,ʔakadimia,أَكَادِيمِيَّة,ʔakādīmiyya,אָקָדֶמְיָה,akadémya,academy,academy,0
album,fr:album,,,noun,,ʔalbam,أَلْبُوم,ʔalbūm,אַלְבּוֹם,albóm,album,"An album: a group of music recordings, especially songs, published as a single unit.",0
alcohol,la:alcohol,,,noun,,ʔalkahal,كُحُول,kuḥūl,אַלְכּוֹהוֹל,alkohol,"alcohol, spirits",alcohol,0
arcipelago,it:arcipelago,,,noun,,ʔaršipilaga,أَرْخَبِيل,ʔarḵabīl,אַרְכִיפֶּלָג,arkhipélag,archipelago,archipelago,0
autobus,fr:autobus,,,noun,,ʔatabys,أُتُوبِيس,ʔotobīs,אוֹטוֹבּוּס,ótobus,bus; autobus,a bus (vehicle),0
ballet,fr:ballet,,,noun,,bali,بَالِيه,bālēh,בָּלֵט,balét,ballet,ballet (a classical form of dance),0
ballon,fr:ballon,,,noun,,bala,بالُون,bālūn,בָּלוֹן,balón,balloon,balloon,3
banco,it:banco,,,noun,n,bank,بَنْك,bank,בַּנְק,bánk,bank,bank (an institution where one can place and borrow money and take care of financial affairs),0
bar,en:bar,,,noun,,bar,بَار,bār,בָּאר,bár,bar (place where alcoholic beverages are sold),"bar, pub (place where alcohol is served)",6
batata,es:batata,,,noun,,batata,بَطَاطَا,baṭāṭā,בָּטָטָה,batáta,sweet potato,sweet potato (the tuber of this plant cooked as a vegetable),0
batata,tnq:batata,,,noun,,batata,بَطَاطَة,baṭāṭa,בָּטָטָה,batáta,sweet potato,sweet potato (the tuber of this plant cooked as a vegetable),0
batata,tnq:batata,,,noun,,batata,بَطَاطِس,baṭāṭis,בָּטָטָה,batáta,potato,sweet potato (the tuber of this plant cooked as a vegetable),0
bescuit,fro:bescuit,,,noun,,biskuit,بَسْكَوِيت,baskawīt,בִּיסְקְוִיט,bískvit,"biscuit, cookie","A biscuit: a flat, crumbly, moderately sweet cookie.",0
bureaucratie,fr:bureaucratie,,,adj/noun,,byrakrasi,بِيرُقْرَاطِيَّة,bīruqrāṭiyya,בִּירוֹקְרַטְיָה,berokrátya,bureaucracy,Bureaucracy.,0
cappuccino,it:cappuccino,,,noun,,kapputtšina,كَابُتْشِينُو,kābutšīnū,קַפּוּצִ׳ינוֹ,kapuchino,cappuccino.,cappuccino,0
cent,en:cent,,סנט,noun,,sint,سَنْت,sant,סֶנְט,sent,cent,cent (a hundredth of a semitone or half step),1
champagne,fr:champagne,,,noun,,šapan,شَمْبَانْيَا,šambānyā,שַׁמְפַּנְיָה,shampánya,champagne (beverage),champagne,2
check,en:check,,,noun,,šik,شِيك,šīk,צֶ׳ק,chek,cheque,Check (a note promising to pay money to a named person or entity).,0
chlorine,en:chlorine,,,noun,,klarin,كُلُور,kulūr,כְּלוֹר,klór,chlorine,"chlorine (a toxic, green, gaseous chemical element (symbol Cl) with an atomic number of 17)",1
chrome,fr:chrome,,,noun,,kram,كْرُوم,krōm,כְּרוֹם,króm,chromium,"chromium (a chemical element (symbol Cr) with an atomic number of 24: a steely-grey, lustrous, hard and brittle transition metal)",0
cioccolata,it:cioccolata,,,noun,,šakkalata,شُوكُولَاتَة,šukūlāta,שׁוֹקוֹלָד,shokolád,chocolate,chocolate (a food made from ground roasted cocoa beans),0
code,enm:code,,,noun,,kuda,قُدّ,qudd,קוֹד,kód,cod (the fish),code,0
crème,fr:crème,,,noun,,krim,كْرِيم,krēm,קְרֵם,k'rem,cream,cream,0
cūpa,la:cūpa,,,noun,,kupa,كُوب,kūb,קאפּ,káp,"glass, cup",cup (bra),0
dhole,en:dhole,,,noun,,daul,دُول,dūl,דּוֹל,dol,dhole (Cuon alpinus),"dhole (an Asian wild dog, Cuon alpinus)",0
dictātor,la:dictātor,,,noun,,diktatar,دِكْتَاتُور,diktātūr,דִּיקְטָטוּר,diktator,dictator,dictator,0
docteur,fro:docteur,,,noun,,daktiur,دُكْتور,duktōr,דּוֹקְטוֹר,dóktor,doctor,doctor,0
dollar,en:dollar,,,noun,,dalar,دُولَار,dōlār,דּוֹלָר,dólar,dollar,dollar,0
douche,fr:douche,,,noun,,duš,دُوش,dūš,דּוּשׁ,dush,shower (bathing),shower,0
durian,en:durian,,,noun,,duarian,دُرْيَن,duryan,דוּרִיאַן,duri'an,durian,durian,0
flash,en:flash,,,noun,,flaš,فْلَاش,flāš,פְלֶאשׁ,flesh,camera flash,"camera flash, flash",0
folklore,en:folklore,,,noun,,faukla,فُلْكْلُور,folklōr,פוֹלְקְלוֹר,folklór,folklore,folklore,0
fūstāneum,la:fūstāneum,,,noun,,fustaniu,فُسْتَان,fustān,גִ׳ינְס,jins,dress,jeans,1
ganǰam,xme-old:*ganǰam,,,noun,,ganjam,خَزِينَة,ḵazīna,גְּנָזִים,g'nazím,"treasury, closet (room where valuables are stored)","treasures, hoards, archives, collections",2
ganǰam,xme-old:*ganǰam,,,noun,,ganjam,كَنْز,kanz,גְּנָזִים,g'nazím,treasure,"treasures, hoards, archives, collections",2
gaz,fr:gaz,,גוז,noun,,gaz,غَاز,ḡāz,גָּז,gaz,gas,gas,2
gel-,ine-pro:*gel-,,,noun,,gil,جَلِي,jalī,גֶ׳ל,jel,jelly (gelatine dessert),gel,2
gel-,ine-pro:*gel-,,,noun,,gil,جِيلَاتُو,jīlātū,גֶ׳ל,jel,ice cream,gel,2
golf,en:golf,,,noun,,galf,جُولْف,,גּוֹלְף,,golf,golf,2
grossus,la:grossus,,כרשׁ,noun,n,qiriš,قِرْش,qirš,כָּרִישׁ,karísh,shark,shark,1
général,fr:général,,,noun,,jiniral,جِنِرال,jinirāl,גֶּנֶרָל,generál,"general (officer in any general rank, such as a brigadier general, major general, lieutenant general, etc.)",a general.,0
hbnj,egy:hbnj,,,noun,,hibni,أَبْنُوس,ʔabnūs,הׇבְנֶה,hovné,ebony (Diospyros ebenum tree and wood),"ebony, ebony tree",0
iode,fr:iode,,,noun,,yad,يُود,yūd,יוֹד,yod,iodine,iodine (a chemical element (symbol: I) with an atomic number of 53; one of the halogens),0
jacht,nl:jacht,,,noun,,yaxt,يَخْت,yaḵt,יַכְטָה,yákhta,yacht,yacht,0
jeans,en:jeans,,,noun,,jinz,جِينْز,jīnz,גִ׳ינְס,jins,jeans,jeans,0
jmn,egy:jmn,,,name,,yamanuw,آمُون,ʔāmūn,אָמוֹן,amon,Amun,Amun,1
kA-A-m-M1-pr,egy:kA-A-m-M1-pr,,כרם,noun,,kaʔam,كَرْم,karm,כֶּרֶם,kérem,"vineyard, vines, orchard",vineyard,1
kangaroo,en:kangaroo,,,noun,,kangaru,كَنْغَر,kanḡar,קֶנְגּוּרוּ,kénguru,kangaroo,"kangaroo (a member of the Macropodidae family of large marsupials with strong hind legs for hopping, native to Australia)",0
kh₂em-,ine-pro:kh₂em-,قمن,,adj/noun,qatiːl,qamīn,قَمِين,qamīn,קָמִין,kamin,"oven, furnace, kiln","hearth, crucible",3
kinnar,qfa-hur-pro:*kinnar,,,noun,,kinnar,قِيثَارَة,qīṯāra,גִּיטָרָה,gitára,guitar,guitar,2
laptop,en:laptop,,,noun,,laptap,لَابْتُوب,lābtop,לָפְּטוֹפּ,láptop,laptop,"A laptop, a laptop computer.",0
lira,it:lira,,,noun,,lira,لَيْرَة,layra,לִירָה,líra,lira (denomination of currency used in Turkey),"lira (current currency of Turkey and former currency of many countries, including Israel)",1
litre,fr:litre,,,noun,,litr,لِتْر,litr,לִיטֶר,líter,litre,litre,1
malt,en:malt,,,noun,,malt,مَلْت,malt,מַלְט,malt,malt,malt,1
marzapane,it:marzapane,,,noun,,martsapani,مَرْصَبَان,marṣabān,מַרְצִיפָּן,martsipán,marzipan,marzipan,0
meme,en:meme,,,noun,,mim,مِيم,mīm,מֶם,mem,meme,meme,0
milliard,fr:milliard,,,num,,milyar,مِلْيار,milyār,מִילְיַארְד,milyárd,billion (10⁹),"A (British) milliard or (American) billion: a thousand millions, a million to the power of one and a half. 10⁹.",0
mètre,fr:mètre,متر,,noun,,mitr,مِتْر,mitr,מֶטֶר,méter,metre,metre,3
múHs,ine-pro:*múHs,,,noun,,muhs,مُوظ,mūẓ,מוּל,mul,moose,mussel,1
naná,tpw:naná,,,noun,,nana,أَنَانَاس,ʔanānās,אָנָנָס,ananás,pineapple (plant),"pineapple (the ovoid fruit of the pineapple plant, which has very sweet white or yellow flesh, a tough, spiky shell and a tough, fibrous core)",0
neutron,en:neutron,,,noun,,nyutran,نُوتْرُون,nutrūn,נֵיטְרוֹן,neitrón,neutron,neutron (a subatomic particle forming part of the nucleus of an atom and having no charge; it is a combination of an up quark and two down quarks),0
neutron,en:neutron,,,noun,,nyutran,نْيُوتْرُون,nyutrūn,נֵיטְרוֹן,neitrón,neutron,neutron (a subatomic particle forming part of the nucleus of an atom and having no charge; it is a combination of an up quark and two down quarks),0
ninja,en:ninja,,,noun,,ninja,نِينْجَا,nīnjā,נִינְגָ׳ה,nínja,ninja,ninja,0
opera,it:opera,,,noun,,ʔapira,أُوبِرَا,ʔobira,אוֹפֵּרָה,ópera,opera,An opera: a musical theatrical performance whose plot is conveyed by singing.,0
pizza,it:pizza,,,noun,,pittsa,بِيتْزَا,bītzā,פִּיצָה,pítsa,pizza,pizza,1
plasticus,la:plasticus,,,noun,,plastikus,بْلَاسْتِيك,blastīk,פְּלָסְטִיק,plástik,plastic,plastic: a solid polymer material,0
platina,es:platina,,,noun,n,balatin,بَلَاتِين,balātīn,פְּלָטִינָה,platína,platinum,platinum,0
power station,en:power station,,,noun,,pawir statian,مَحَطَّة طَاقَة,maḥaṭṭat ṭāqa,תַּחֲנַת־כֹּחַ,takhanát-kóakh,"power station, power plant",A power station.,0
pyjamas,en:pyjamas,,,noun,,pijamaz,بِيجَامَا,bījāmā,פִּיגָ׳מָה,pijáma,pyjamas,"pajamas, pyjamas",0
robot,cs:robot,,,noun,,rabat,رُوبُوت,rōbōt,רוֹבּוֹט,robot,robot,"robot (mechanical or virtual, artificial agent)",0
sala,it:sala,,,noun,,sala,صَالَة,ṣāla,סָלוֹן,salón,"hall, large room",living room,3
salmō,la:salmō,,,noun,,salma,سَلَمُون,salamūn,סַלְמוֹן,sálmon,salmon,A salmon: an individual member of any of these species.,0
salon,fr:salon,,,noun,,sala,صَالُون,ṣālūn,סָלוֹן,salón,saloon,living room,3
sandwich,en:sandwich,,,noun,,sandwiš,سَانْدْوِيتْش,sandwitš,סֶנְדְוִיץ׳,séndvich,sandwich,A sandwich.,0
sandān,pal:*sandān,,,noun,,sandan,سَنْدَان,sandān,סַדָּן,sadán,anvil,anvil,2
selfie,en:selfie,,,noun,,silfi,سِلْفِي,silfī,סֶלְפִי,sélfi,selfie,A selfie: a photographic self-portrait taken with a digital camera or cellphone.,0
sāpō,la:sāpō,,,noun,,sapa,صَابُون,ṣābūn,סַבּוֹן,sabón,soap,a soap,0
tavola,it:tavola,طول,,noun,,tawala,طَاوِلَة,ṭāwila,טַבְלָה,tavlá,table,"table, tabulation",0
television,en:television,,,noun,,tiliwijan,تِلِفِزْيُون,tilifizyūn,טֶלֶוִיזְיָה,televízya,"television, TV",television (an electronic home entertainment device equipped with a screen and a speaker for receiving television signals and displaying them in audio-visual form),0
television,en:television,,,noun,,tiliwijan,تِلْفَاز,tilfāz,טֶלֶוִיזְיָה,televízya,television (medium or device for receiving television signals),television (an electronic home entertainment device equipped with a screen and a speaker for receiving television signals and displaying them in audio-visual form),0
tennis,en:tennis,,,noun,,tinis,تِنِس,tinis,טֵנִיס,ténis,tennis,tennis,0
transistor,en:transistor,,,noun,,tranzistar,تْرَانْزِسْتُور,tranzistur,טְרַנְזִיסְטוֹר,tranzístor,transistor,transistor,0
télégraphe,fr:télégraphe,,,noun,,tiligraf,تِلِغْرَاف,tiliḡrāf,טֶלֶגְרָף,télegraf,telegraph,A telegraph.,0
téléphone,fr:téléphone,لفف,,noun,,tilifan,تِلِفُون,tilifūn,טֵלֵפוֹן,télefon,telephone,"telephone, phone",0
ukulele,en:ukulele,,,noun,,yukalili,أُكْلَال,ʔuklāl,יוקולילי,yukuleyli,ukulele,ukulele,0
uncia,la:uncia,,,noun,qutl,ʔuns,أُونْسَة,ʔunsa,אִינְץ׳,ínch,ounce,inch,0
uncia,la:uncia,,,noun,qutl,ʔunṣ,أُونْصَة,ʔunṣa,אִינְץ׳,ínch,ounce,inch,0
uranium,en:uranium,,,noun,,yuriniam,يُورانيُوم,yurānyum,אוּרַנְיוּם,urányum,uranium,uranium (the element with atomic number 92 and symbol U),0
video,en:video,,,noun,,widiau,فِيدِيُو,fīdiyū,וִידֵאוֹ,víde'o,video,"a video (television show, movie)",3
vr̥dah,peo:*vr̥dah,,,noun,,wrdah,جُلّ,jull,וֶרֶד,véred,"jasmine, rose",rose,3
vr̥dah,peo:*vr̥dah,,,noun,,wrdah,وَرْد,ward,וֶרֶד,véred,roses,rose,2
whiskey,en:whiskey,,,noun,,wiski,وِيسْكِي,wiskī,וִיסְקִי,víski,whiskey,whiskey,0
wrinǰiš,ira-pro:*wrinǰiš,,,noun,,wrinjiš,بِرِنْج,birinj,אֹרֶז,órez,rice,rice,3
yʔsmn',pal:yʔsmn',,,name/noun,,yasaman,يَاسَمِين,yāsamīn,יַסְמִין,yasmín,jasmine,jasmine,0
z:wr-,egy:z:wr-,زور,,noun,,zawar,زِير,zīr,סִיר,sír,"cask, tub, vat, large jug","a generic pot, tub, vat, skeel for household or ritual purposes, cooking pot",0
zšn,egy:zšn,,שׁשׁן,name/noun,,sašan,سَوْسَن,sawsan,שׁוֹשָׁן,shoshán,lily,lily,1
ǵénh₁os,ine-pro:*ǵénh₁os,,זון,noun,,ginhas,جِنْس,jins,זַן,zan,a kind; a variety; a breed,"type, variety",2
Κῠ́προς,grc:Κῠ́προς,,,name,,kypras,قُبْرُص,qubruṣ,קַפְרִיסִין,kafrisín,"Cyprus (an island and country in the Mediterranean Sea, normally considered politically part of Europe but geographically part of West Asia)","Cyprus (an island and country in the Mediterranean Sea, normally considered politically part of Europe but geographically part of West Asia)",0
Νεῖλος,grc:Νεῖλος,,,name,,nilas,النِّيل,an-nīl,נִילוּס,nilus,the Nile,"Nile (a large river in Africa flowing through Khartoum and Cairo into the Mediterranean Sea, usually considered to be the longest river in the world)",2
Οὐρανία,grc:Οὐρανία,,,name,,ʔurania,أَوْرَانِيَا,ʔawrāniyā,אוּרַנְיָה,uránya,"Urania, the Muse of astronomy.",Urania,0
Οὐρανός,grc:Οὐρανός,,,name,,ʔuranas,أُورَانُوس,ʔūrānūs,אוּרָנוּס,uránus,Uranus,Uranus,0
Σῠρῐ́ᾱ,grc:Σῠρῐ́ᾱ,,,name,,syria,سُورِيَا,sūriyā,סוּרְיָה,súrya,Syria (a country in West Asia in the Middle East),Syria (a country in West Asia in the Middle East),0
Τῐβερῐᾰ́ς,grc:Τῐβερῐᾰ́ς,,,name,,tibirias,طَبَرِيَّة,ṭabariyya,טְבֶרְיָה,tvéria,Tiberias,"Tiberias (a town in the Northern District, on the Sea of Galilee in Israel)",0
αἰθήρ,grc:αἰθήρ,ءثر,,noun,,ʔaitir,أَثِير,ʔaṯīr,אֶתֶר,eter,"air, ether","the æther (archaic notion); or more modernly, ether.",4
βάλσαμον,grc:βάλσαμον,بشم,,noun,,balsaman,بَيْلَسَان,baylasān,אֲפַרְסְמוֹן,afarsemón,"Myroxylon, especially Myroxylon balsamum",balsam,2
ζεῦγος,grc:ζεῦγος,زوج,זוג,noun,,zdiugas,زَوْج,zawj,זוּג,zúg,a pair or couple,"pair, couple, twosome",0
θέᾱτρον,grc:θέᾱτρον,,,noun,,tiatran,تِيَاتْر,tiyātr,תֵּאַטְרוֹן,teatrón,theater,theater,0
θυρεός,grc:θυρεός,,,noun,,tyrias,تُرْس,turs,תְּרִיס,tris,"shield, scutum",shield,0
κερᾰσός,grc:κερᾰσός,,,noun,,kirasas,قَرَاسِيَا,qarāsiyā,שֶׁרִי,shéri,"cherry plant, cherry tree",sherry,0
κᾰ́λᾰμος,grc:κᾰ́λᾰμος,,,noun,,kalamas,قَلَم,qalam,קַלְמָר,kalmár,pencil,"pencil box, pencil case",2
λιμήν,grc:λιμήν,,,noun,,limin,مِينَاء,mīnāʔ,נָמֵל,namél,"port, harbor",port,0
λῃστής,grc:λῃστής,,,noun,,listis,لُصّ,luṣṣ,לִסְטִים,listím,thief,brigand,0
λῃστής,grc:λῃστής,,,noun,,listis,لِصّ,liṣṣ,לִסְטִים,listím,"thief, robber",brigand,0
νάρκισσος,grc:νάρκισσος,,,name/noun,,narkissas,نَرْجِس,narjis,נַרְקִיס,narkís,Narcissus gen. et spp.,"narcissus (any of several bulbous flowering plants, of the genus Narcissus, having white or yellow cup- or trumpet-shaped flowers, notably the daffodil)",0
πανδοκεῖον,grc:πανδοκεῖον,,,noun,,pandakian,فُنْدُق,funduq,פּוּנְדָק,pundák,"inn, hotel",An inn: a boardinghouse or guesthouse or hotel.,1
παστά,grc:παστά,,,noun,,pasta,بَاسْتَا,bāsta,פַּשְׁטִידָה,pashtidá,pasta,pastry,0
σμάραγδος,grc:σμάραγδος,,,noun,,zmaragdas,زَبَرْجَد,zabarjad,אִזְמַרְגָּד,izmargád,aquamarine,emerald,0
σμάραγδος,grc:σμάραγδος,,,noun,,zmaragdas,زُمُرُّد,zumurrud,אִזְמַרְגָּד,izmargád,emerald,emerald,0
σμίλη,grc:σμίλη,,,noun,,zmili,إِزْمِيل,ʔizmīl,אִזְמֵל,izmél,"chisel, scraper, shoe-knife","knife, scalpel.",0
σπόγγος,grc:σπόγγος,,ספג,noun,,spangas,إِسْفَنْج,ʔisfanj,סְפוֹג,sfog,sponge,sponge,2
στάδιον,grc:στάδιον,,,noun,,stadian,إِسْتَاد,ʔistād,אִצְטַדְיוֹן,itstadyón,stadium,stadium,1
τοπογραφία,grc:τοπογραφία,,,noun,,tapagrapia,طُوبُوغْرَافْيَا,ṭūbūḡrāfyā,טוֹפּוֹגְרַפְיָה,topográfya,topography,topography,0
φανός,grc:φανός,,,noun,,panas,فَانُوس,fānūs,פַּנָּס,panás,lantern,a lamp,0
φῐλόσοφος,grc:φῐλόσοφος,فلسف,,noun,,pilasapas,فَيْلَسُوف,faylasūf,פִילוֹסוֹף,filosof,philosopher,philosopher,1
φῠσῐκός,grc:φῠσῐκός,,,noun,,pysikas,فِيزِيقَا,fīzīqā,פִיזִיקָה,fízika,physics,"physics (the branch of science concerned with the study of the properties and interactions of space, time, matter and energy)",0
χάρτης,grc:χάρτης,,,noun,,kartis,خَرِيطَة,ḵarīṭa,כַּרְטִיס,kartís,map,card,0
χάρτης,grc:χάρτης,,,noun,,kartis,خَرْطُوش,ḵarṭūš,כַּרְטִיס,kartís,"cartridge, cartridges",card,0
ψῆφος,grc:ψῆφος,,,noun,,psipas,فُسَيْفِسَاء,fusayfisāʔ,פְּסֵיפָס,psefás,mosaic,mosaic,0
Белару́сь,be:Белару́сь,,,name,,bilarus,بِيلَارُوس,bīlārūs,בֵּלָארוּס,belarús,synonym of بِيلَارُوسِيَا (bīlārūsiyā): Belarus (a country in Europe),Belarus (a country in Eastern Europe),0
Бѣла Русь,orv:Бѣла Русь,,,name,,bila rus,بِيلَارُوسِيَا,bīlārūsiyā,בֵּלָארוּס,belarús,Belarus (a country in Europe),Belarus (a country in Eastern Europe),0
Кꙑевъ,orv:Кꙑевъ,,,name,,kiw,كِيِيف,kiyīf,קִיֶב,kiyev,Kyiv (the capital city of Ukraine),Kyiv (the capital city of Ukraine and regional administrative centre of Kyiv Oblast),0
Московь,orv:Московь,,,name,,maskaw,مُوسْكُو,muskū,מוֹסְקְבָה,moskvá,Moscow (the capital city of Russia),"Moscow (a federal city, the capital and largest city of Russia)",0
царь,ru:царь,,,noun,,tsar,تْسَار,tsār,צָאר,tsár,tzar,tsar,1
יֵשׁוּעַ,hbo:יֵשׁוּעַ,,,name,,yišuaʕ,يَسُوع,yasūʕ,יֵשׁוּ,yéshu,Jesus of Nazareth,Jesus of Nazareth.,1
اصفهان,fa:اصفهان,,,name,,ʔisfahan,أَصْفَهَان,ʔaṣfahān,אֶסְפָהָאן,esfahan,"Isfahan (a city in Iran, the seat of Isfahan County's Central District and the capital of Isfahan Province, the third largest city of Iran; the former capital of Iran, from 1598–1736)","Isfahan (a city in Iran, the seat of Isfahan County's Central District and the capital of Isfahan Province, the third largest city of Iran; the former capital of Iran, from 1598–1736)",0
تبریز,fa:تبریز,,,name,,tabriz,تَبْرِيز,tabrīz,תבריז,tabriz,"Tabriz (a city in East Azerbaijan Province, Iran)","Tabriz (a city in Iran, the seat of Tabriz County's Central District and the capital of East Azerbaijan Province)",0
دِہْلِی,ur:دِہْلِی,,,name,,dihli,دِهْلِي,dihlī,דֵלְהִי,delhī,"Delhi (a megacity and union territory of India, containing the national capital New Delhi)","Delhi (a megacity and union territory of India, containing the national capital New Delhi)",0
قادِیان,ur:قادِیان,قوض,,name,,qadiyan,قَادِيَان,qādiyān,קַאדִיָאן,qādiyān,"Qadian (a town in Gurdaspur district, Punjab, India)","Qadian (a town and municipal council in Gurdaspur district, Punjab, India, the founding place of the Ahmadiyya community)",0
پلپل,fa:پلپل,,פלפל,noun,,pilpil,فِلْفِل,filfil,פִּלְפֵּל,pilpél,"pepper (including sweet peppers, chilis as well as black pepper)",pepper (fruit of the capsicum),1
پولاد,fa:پولاد,,פלד,noun,,palad,فُولَاذ,fūlāḏ,פְּלָדָה,pladá,steel,"steel (an artificial metal produced from iron, harder and more elastic than elemental iron; used figuratively as a symbol of hardness)",0
گزر,fa:گزر,,גזר,noun,,gazar,جَزَر,jazar,גֶּזֶר,gézer,carrots,carrot,0
कर्पास,sa:कर्पास,,כרפס,noun,,karpasa,كُرْسُف,kursuf,כַּרְפַּס,karpás,cotton,a type of expensive fabric made of cotton,0
कर्पास,sa:कर्पास,,כרפס,noun,,karpasa,كِرْبَاس,kirbās,כַּרְפַּס,karpás,cotton-cloth,a type of expensive fabric made of cotton,0
मातुलुङ्ग,sa:मातुलुङ्ग,,,noun,,matulunga,تُرُنْج,turunj,אֶתְרוֹג,etróg,citron (Citrus medica fruit and tree),citron (the fruit of a citron tree),0
सिन्धु,sa:सिन्धु,,,name,,sindu,السِّنْد,as-sind,הֹדּוּ,hódu,"Indus (a river in the provinces of Sindh, Punjab and Khyber Pakhtunkhwa and the administrative territory of Gilgit-Baltistan in Pakistan, the union territory of Ladakh in India and the autonomous region of Tibet in China)","India (a region of South Asia, traditionally delimited by the Himalayas and the Indus river; the Indian subcontinent)",2
შოლტი,oge:შოლტი,,שׁוט,noun,,šalṭi,سَوْط,sawṭ,שׁוֹט,shot,"scourge, switch, whip",whip,0
ḏbꜣt,egy:ḏbꜣt,,,noun,,jibat,تَابُوت,tābūt,תֵּבָה,tevá,"coffin, casket, sarcophagus","coffin, casket",0
ḏbꜥwt,egy:ḏbꜥwt,ختم,חתם,noun,n,xatam,خَاتَم,ḵātam,חָתַם,ḥɔṯam,"signet, seal ring","to sign, to affix a seal",1
Ἀθῆναι,grc:Ἀθῆναι,,,name,,ʔatinai,أَثِينَا,ʔaṯīnā,אָתוּנָה,atúna,Athens (the capital city of Greece),Athens (the capital city of Greece),0
Ἀλέξανδρος,grc:Ἀλέξανδρος,,,name,,ʔaliksandras,أَلِكْسَنْدَرُوس,ʔaliksandarūs,אָלֶכְּסָנְדֶר,aleksánder,"a male given name from Ancient Greek, equivalent to English Alexander",Alexander: a male given name.,0
Ἀλέξανδρος,grc:Ἀλέξανδρος,,,name,,ʔaliksandras,الْإِسْكَنْدَر,al-ʔiskandar,אָלֶכְּסָנְדֶר,aleksánder,Alexander,Alexander: a male given name.,0
Ἀριστοτέλης,grc:Ἀριστοτέλης,,,name,,ʔaristatilis,أَرِسْطَاطَالِيس,ʔarisṭāṭālīs,אֲרִיסְטוֹ,arísto,Aristotle,Aristotle,0
ἐπίσκοπος,grc:ἐπίσκοπος,,,noun,,ʔipiskapas,أُسْقُف,ʔusquf,בִּישׁוֹף,bishóf,bishop,bishop,0
ἴτριον,grc:ἴτριον,,,noun,,ʔitrian,إِطْرِيَة,ʔiṭriya,אִטְרִיָּה,itriyá,thin noodles or vermicelli cooked in broth,noodle (string or strip of pasta),0
Ἴων,grc:Ἴων,,,name,,ʔian,اَلْيُونَان,al-yūnān,יָוָן,yaván,Greece (a country in Southeast Europe),Greece (a country in Southeast Europe),0
ὀρθόδοξος,grc:ὀρθόδοξος,,,adj/noun,,ʔartadaksas,أُرْثُوذُكْسِيّ,ʔurṯūḏuksiyy,אוֹרְתּוֹדוֹקְּסִי,ortodóksi,Orthodox,Orthodox: of or relating to Orthodox Christians or Orthodox Christianity.,0
ὄρυζα,grc:ὄρυζα,,,noun,,ʔaryzda,رُزّ,ruzz,אֹרֶז,órez,rice,rice,3
ὠκεανός,grc:ὠκεανός,,,noun,,ʔakianas,قَامُوس,qāmūs,אוֹקְיָנוֹס,okyános,ocean,ocean,0
ὠκεᾰνός,grc:ὠκεᾰνός,,,noun,,ʔakianas,أُوقْيَانُوس,ʔūqyānūs,אוֹקְיָנוֹס,okyános,ocean,ocean,0
Ᾰ̓λεξᾰ́νδρειᾰ,grc:Ᾰ̓λεξᾰ́νδρειᾰ,,,name,,ʔaliksandria,الْإِسْكَنْدَرِيَّة,al-ʔiskandariyya,אֲלֶכְּסַנְדְּרִיָּה,aleksandríya,Alexandria (a governorate of Egypt),Alexandria (a governorate of Egypt around the city),0
Ῥώμη,grc:Ῥώμη,,,name,,rami,رُومِيَة,rūmiya,רוֹמִי,rómi,"Rome, Ancient Rome (an ancient empire based out of the city of Rome, covering vast territories in Europe, Asia and Africa; in full, Roman Empire)","Rome, Ancient Rome (an ancient empire based out of the city of Rome, covering vast territories in Europe, Asia and Africa; in full, Roman Empire)",1
アニメ,ja:アニメ,,,noun,,ʔanimi,أَنِمِي,ʔanimī,אָנִימֶה,ánime,anime (Animated works that originated in Japan),anime (Animated works that originated in Japan),0
京都,ja:京都,,,name,,kata,كِيُوتُو,kiyōtō,קְיוֹטוֹ,kyoto,"Kyoto (the capital city of Kyoto Prefecture, Japan)","Kyoto (the capital city of Kyoto Prefecture, Japan)",0
北京,zh:北京,,,name,,pi²¹⁴⁻²¹ tsin⁵⁵,بِكِين,bikīn,בֵּייְגִ׳ינְג,beijing,Beijing (the capital city of China),"Beijing (a direct-administered municipality, the capital city of China)",0
大阪,ja:大阪,,,name,,ʔasaka,أُوسَاكَا,ʔūsākā,אוֹסָקָה,ósaka,"Osaka (the capital city of Osaka Prefecture, Japan)","Osaka, the capital city of Osaka Prefecture, Japan",0
𐎧𐏁𐎹𐎠𐎼𐏁𐎠,peo:𐎧𐏁𐎹𐎠𐎼𐏁𐎠,,,name,,xšayarša,خْشَايَارْشَا,ḵšāyāršā,חְשַׁיָארְשָׁ,kh'shayársha,"Xerxes, Ahasuerus",Xerxes,1
𐎱𐎠𐎼𐎿,peo:𐎱𐎠𐎼𐎿,,,noun,,parsa,فُرْس,furs,פָּרָס,parás,Persians,Persia,2
𐏃𐎡𐎯𐎢𐏁,peo:𐏃𐎡𐎯𐎢𐏁,,,name,,hiduš,الْهِنْد,al-hind,הֹדּוּ,hódu,India (country in Asia),India (a country in South Asia),2
𐏃𐎡𐎯𐎢𐏁,peo:𐏃𐎡𐎯𐎢𐏁,,,noun,,hiduš,هِنْدُوس,hindūs,הֹדּוּ,hódu,Hindus,India (a country in South Asia),2
𐤑𐤉𐤃𐤅𐤍,phn:𐤑𐤉𐤃𐤅𐤍,,,name,,sydwn,صَيْدَا,Ṣaydā,צִידוֹן,tsidón,"Saïda (a city in Lebanon), the ancient Sidon (a former city-state in Phoenicia)",Sidon,0
𐤑𐤉𐤃𐤅𐤍,phn:𐤑𐤉𐤃𐤅𐤍,,,name,,sydwn,صَيْدُون,ṣaydūn,צִידוֹן,tsidón,Ancient Phoenician port city of Sidon.,Sidon,0
𐤑𐤓,phn:𐤑𐤓,صور,,name/noun,,sr,صُور,ṣūr,צוֹר,tsór,Tyre (a city in Lebanon),Tyre,0
𐩢𐩳𐩧𐩣𐩩,xhd:𐩢𐩳𐩧𐩣𐩩,,,name,,xdrmt,حَضْرَمَوْت,ḥaḍramawt,חֲצַרְמָוֶת,ḥăṣarmāweṯ,Hadhramaut (region in southern Arabia),Hazarmaveth (a Biblical character associated with southern Arabia),0
𑀅𑀓𑀺𑀮𑁰,oty:𑀅𑀓𑀺𑀮𑁰,ءلو,,noun,,ʔakil,أَلْوَة,ʔalwa,אָהָל,ahál,aloe,aloe,2
𒄑𒍣𒃶,sux:𒄑𒍣𒃶,سكن,סכן,noun,,tsigan,سِكِّين,sikkīn,סַכִּין,sakín,knife,"knife, blade",0
𒌋𒀜,sux:𒌋𒀜,,,noun,,gir,جِير,jīr,גִּיר,gir,"chalk, lime","limestone, calcite",0
bbl,,,,name,,babilim,بَابِل,bābil,בָּבֶל,bavél,"Babylon (an ancient city, the ancient capital of Babylonia in modern Iraq, built on the banks of the Euphrates)","Babylon (an ancient city, the ancient capital of Babylonia in modern Iraq, built on the banks of the Euphrates)",0
bbnj,,,,noun,,babunaj,بَابُونَج,bābūnaj,בַּבּוֹנָג,babonág,"camomile (Matricaria gen., Anthemis gen. and Chamaemelum gen.)",chamomile,0
bhm,,بهم,בהם/בהן,noun,,bihima,بَهِيمَة,bahīma,בְּהֵמָה,behemá,"beast, head of cattle","beast, animal (usually domesticated), livestock",0
bhm,,بهم,בהם/בהן,noun,n,ʔibaham,إِبْهَام,ʔibhām,בֹּהֶן,bóhen,big toe,"thumb, big toe",0
bk,,,בכה,verb,G,baka,بَكَى,bakā,בָּכָה,bakhá,"to cry, to weep (over)","To cry, weep.",2
bkr,,,,noun,n,bikar,بِكْر,bikr,בְּכוֹר,b'khór,firstborn child,firstborn,1
bl,,,,prep,n,bila,بِلَا,bilā,בְּלֹא,b'ló,without,without,0
blsmn,,,,noun,,basam,بَلْسَم,balsam,אֲפַרְסְמוֹן,afarsemón,"the resin obtained of such a plant, balsam, balm",balsam,2
blw,,بلو,בלה,verb,G,balawa,بَلِيَ,baliya,בָּלָה,balá,to wear out,to wear out,2
blʕ,,بلع,בלע,verb,G,balaʕa,بَلَعَ,balaʕa,בָּלַע,balá,to swallow,to swallow,2
blʕ,,بلع,בלע,verb,Š,šablaʕa,أَبْلَعَ,ʔablaʕa,הִבְלִיעַ,hivlía,to make swallow,to cause to swallow,0
blṭ,,,,noun,n,balluṭ,بَلُّوط,ballūṭ,בַּלּוּט,balút,acorn,acorn,0
bn,,,בן,noun,,bin,اِبْن,ibn,בֵּן,bén,son,son,6
bn,,,בן,noun,,bint,اِبْنَة,ibna,בַּת,bat,daughter,daughter,1
bnh,,,בנה,verb,G,banay,بَنَى,banā,בָּנָה,baná,"to build, to construct, to raise","to build, to construct, to raise, to erect (a building, structure, or the like)",2
bnt,,,,noun,,bint,بِنْت,bint,בַּת,bat,girl,daughter,1
bny,,بني,תבן,noun,n,bunyan,بُنْيَان,bunyān,בִּנְיָן,binyɔn,"building, structure (edifice)","building, construction",0
bny,,بني,תבן,noun,n,mabnan,مَبْنًى,mabnan,מִבְנֶה,mivné,building,"structure, building",0
bny,,بني,תבן,noun,n,tibin,تِبْن,tibn,תֶּבֶן,téven,straw; hay,"straw, chaff, stubble",0
bnzn,,,,noun,,banzin,بَنْزِين,banzīn,בֶּנְזִין,benzín,"petrol, gasoline",petrol (motor fuel),0
bnʔ,,,בנה,noun,n,binaʔa,بِنَاء,bināʔ,בְּנִיָּה,bəniyyɔ̂,"building, construction (act of)","building, construction",0
bqr,,,בקר,noun,qatal,baqar,بَقَر,baqar,בָּקָר,baqár,"cattle, oxen","bovine, cattle",0
bqr,,,בקר,noun,qatal,baqar,بَقَرَة,baqara,בָּקָר,baqár,cow,"bovine, cattle",0
bqṣ,,,,noun,,buqiṣa,بُوقِيصَا,būqīṣā,בּוּקִיצָה,bukítsa,elm (Ulmus gen. et spp.),elm,0
br,,,,noun,,barr,بُرّ,burr,בָּר,bar,wheat,grain,2
brd,,,,noun,qatal,barad,بَرَد,barad,בָּרָד,barád,"hail, hailstones",hail,0
brk,,برك,ברך,verb,G,birk,بَرَكَ,baraka,בָּרַךְ,barákh,to kneel down,kneeled,1
brk,,برك,ברך,noun,n+fem,baraka,بَرَكَة,baraka,בְּרָכָה,b'rakhá,"bliss, blessing, boon","blessing, congratulation",0
brk,,برك,ברך,noun,n+fem,birika,بِرْكَة,birka,בְּרֵכָה,brekhá,pond,"a pond, a pool",1
brk,,برك,ברך,noun,,birk,رُكْبَة,rukba,בֶּרֶךְ,bérekh,knee,knee,1
brq,,برق,ברק,noun,,baraq,بَرْق,barq,בָּרָק,barák,flash of lightning,lightning (atmospheric flash of light),1
brq,,برق,ברק,noun,,barqiyya,بَرْقِيَّة,barqiyya,מִבְרָק,mivrák,telegram,telegram,0
brq,,برق,ברק,adj,qattaːl,barrāq,بَرَّاق,barrāq,מַבְרִיק,mavrík,shining; lustrous,glossy,0
brr,,برر/موه,ברר,adj,n,barmaʔ,بَرْمَائِيّ,barmāʔiyy,בַּר,bar,amphibian,"clean, pure",0
brr,,برر/موه,ברר,adj/noun,,barr,بَرّ,barr,בַּר,bar,"true, sincere","clean, pure",1
bry,,بري/ودد,ידד,noun,G,mubarahwiddiyya,مُبَارَاة وِدِّيَّة,mubārāh widdiyya,יְדִידוּת,y'didút,friendly match,friendship (state of being friends),0
brɣy,,,ברג,noun,,burgiyy,بُرْغِيّ,burḡiyy,בֹּרֶג,bóreg,"screw, bolt, a threaded metal fastener","A screw, a bolt: a threaded fastener.",0
brɣṯ,,,פרעשׁ,noun,,purgus,بُرْغُوث,burḡūṯ,פַּרְעוֹשׁ,par'ósh,flea,flea,0
brʔ,,برء,ברר,verb,G,baraʔa,بَرَأَ,baraʔa,בָּרָא,bará,"to create, to bring into being",To create (when act of a deity).,7
brʔ,,برء,ברר,adj/noun,n,baraʔ,بَرَاء,barāʔ,בַּר,bar,"free, not affected, exempt","clean, pure",1
brʔ,,برء,ברר,adj,n,bariʔ,بَرِيء,barīʔ,בַּר,bar,"pure, guiltless, innocent","clean, pure",1
brḥ,,,ברח,verb,G,barixa,بَرِحَ,bariḥa,בָּרַח,barákh,"to leave, to depart",to run away,0
bsr,,,בסר,noun,qutl,busr,بُسْر,busr,בֹּסֶר,bóser,unripe dates,unripe fruit,0
bsṭ,,,,adj,n,basiṭ,بَسِيط,basīṭ,פָּשׁוּט,pashút,"easy, simple",simple,0
bwn,,بون,,noun,n,banan,بَنَان,banān,בָּנָנָה,banána,banana,banana,0
bws,,بوس,,noun,,bawsa,بَوْسَة,bawsa,בּוּסָה,búsa,a kiss,a kiss,0
byd,,بيد,,verb,G,bayada,بَادَ,bāda,אָבַד,avád,"to perish, to die, to become extinct","be lost, perish",0
byn,,بين,,prep,n,bayna,بَيْنَ,bayna,בֵּין,ben,between (“in the position or interval that separates two things”),"between, among, amid",0
byt,,,,noun,,bayt,بَيْت,bayt,בַּיִת,báyit,"house, building",house,7
bythlmqds,,,,name,n n+def,bayt hal maqdis,بَيْت الْمَقْدِس,bayt al-maqdis,בֵּית ־הַמִּקְדָּשׁ,béit-hamikdásh,the Temple in Jerusalem,Temple in Jerusalem,0
bytlḥm,,,,name,,bit lixim,بَيْت لَحْم,bayt laḥm,בֵּית לֶחֶם,bet lékhem,"Bethlehem (a city in the West Bank, Palestine)","Bethlehem (a city in the West Bank, Palestine, believed to be the birthplace of Jesus)",0
byḍ,,بيض,ביץ/בצץ,adj/noun,n,bayaṣ,بَيَّاض,bayyāḍ,בֵּיצָה,betsá,seller of eggs,egg,1
byḍ,,بيض,ביץ/בצץ,noun,n,bayṣ,بَيْض,bayḍ,בֵּיצָה,betsá,eggs,egg,0
byḍ,,بيض,ביץ/בצץ,noun,n,mibyaṣ,مِبْيَض,mibyaḍ,בֵּיצָה,betsá,ovary,egg,0
bz,,,בוז/בזז,noun,n,baz,بَاز,bāz,בַּז,baz,hawk,falcon,0
bzm,,بزم,אבזם,noun,,ʔibzim,إِبْزِيم,ʔibzīm,אַבְזָם,avzám,"clasp, buckle (of a belt or shoe or surcingle etc.)",buckle (of a belt),0
bzyn,,,בוץ,noun,,buṣ,بُزْيُون,buzyūn,בּוּץ,buts,a kind of piece of fine silk for clothing,byssus (fine linen),1
bśr,,بشر,בשׂר,verb,D,bassar,بَشَّرَ,baššara,בִּשֵּׂר,bisér,to bring good news (to),to bring good news,1
bśr,,بشر,בשׂר,noun,,basar,بَشَر,bašar,בָּשָׂר,basár,human,"body, person",1
bśr,,بشر,בשׂר,noun,qatal,basar,بَشَرَة,bašara,בָּשָׂר,basár,"skin, outer skin, epidermis","nakedness, skin",0
bśr,,بشر,בשׂר,noun,n,bisar,بُشَارَة,bušāra,בָּשָׂר,basár,what is pared off of skin,"nakedness, skin",1
bśr,,بشر,בשׂר,noun,n+fem,bisara,بِشَارَة,bišāra,בְּשׂוֹרָה,b'sorá,"good news, gospel",gospel,1
bśr,,بشر,בשׂר,name/noun,n,busara,بُشْرَى,bušrā,בִּשֵּׂר,bisér,good news,to bring good news,0
bʔ,,,בוא,verb,G,baʔa,بَاءَ,bāʔa,בָּא,ba,"to return, to come back",To come.,0
bʔr,,,,noun,,biʔr,بِئْر,biʔr,בְּאֵר,be'ér,"well, spring, water-pit",well (hole sunk into the ground),1
bʔs,,بءس,,noun,,baʔsaʔ,بَأْسَاء,baʔsāʔ,בָּאסָה,bása,"adversity, affliction, distress, calamity","bummer, disappointing experience",0
bʕl,,,בעל,name/noun,,baʕl,بَعْل,baʕl,בַּעַל,bá'al,"lord, master, owner, possessor","master, owner",1
bṣl,,,בצל,noun,qatal,baṣal,بَصَل,baṣal,בָּצָל,batsál,onion,onion,0
bṭl,,بطل,בטל,verb,D,baṭṭal,بَطَّلَ,baṭṭala,בִּטֵּל,bitél,"to nullify, to invalidate, to render ineffective, to rescind, to repeal, to revoke","to cancel, annul (a decision, a decree, or the like)",3
bṭl,,بطل,בטל,adj/noun,,baṭal,بَطَل,baṭal,בָּטֵל,batél,"heroic, courageous","worthless, valueless",0
bṭl,,بطل,בטל,noun,n+fem,biṭala,بِطَالَة,biṭāla,בַּטָּלָה,batalá,idleness,idleness,3
bṭn,,بطن,בטן,noun,qatl,baṭn,بَطْن,baṭn,בֶּטֶן,béten,"stomach, abdomen","abdomen, belly",0
bṭḫ,,,בטח,noun,n,ʔabiṭṭiax,بِطِّيخ,biṭṭīḵ,אֲבַטִּיחַ,avatíakh,"watermelon, watermelons","watermelon (a plant of the species Citrullus lanatus, bearing a melon-like fruit)",1
db,,,,noun,,dubb,دُبّ,dubb,דֹּב,dov,bear,bear,1
dbq,,دبق,דבק,verb,G,dabiqa,دَبِقَ,dabiqa,דָּבַק,davák,"to stick, to stay attached, to adhere, to cleave","to cling, stick, adhere, attach",1
dbq,,دبق,דבק,adj,n,dabiq,دَبِق,dabiq,דָּבִיק,davík,"sticky, cleaving, adhesive, gooey",sticky,2
dbq,,دبق,דבק,adj,n,dibiq,دِبْقِيّ,dibqiyy,דָּבִיק,davík,glial,sticky,0
dbq,,دبق,דבק,noun,qitl,dibq,دِبْق,dibq,דֶּבֶק,dévek,"glue, lime",glue,2
dbr,,,,noun,,dabr,دَبُّور,dabbūr,דְּבוֹרָה,dvorá,"wasp, hornet",bee,0
dbs,,,,noun,,dibš,دِبْس,dibs,דְּבַשׁ,dvash,"syrup, molasses",honey,0
dftr,,,,noun,,dptr,دَفْتَر,daftar,דִּפְתָּר,diftar,notebook; copybook; exercise book,"A notebook (book), a copybook.",0
dlb,,,,noun,qutl,dulb,دُلْب,dulb,דֹּלֶב,dólev,"oriental plane (Platanus orientalis, and Platanus gen. et spp.)",plane tree (chiefly Platanus orientalis),0
dlw,,دلو,דלה,noun,n,daliw,دَلْو,dalw,דְּלִי,dli,"pail, bucket",bucket (container),0
dlʔʕ,,,,noun,n,dallaʔaʕ,دَلَّاع,dallāʕ,דְּלַעַת,dlá'at,watermelon,pumpkin,0
dm,,,דם,noun,,dam,دَم,dam,דָּם,dam,blood,blood,1
dmn,,,דמן,noun,qitl,dimn,دِمْن,dimn,דֹּמֶן,dómen,dung,"dung, trash used as fertilizer",0
dmʕ,,دمع,דמע,verb,G,damaʕa,دَمَعَ,damaʕa,דָּמַע,damá',to tear (to produce tears),"to weep, to tear up",0
dmʕ,,دمع,דמע,noun,n,damʕ,دَمْع,damʕ,דִּמְעָה,dim'á,tears,"tear (a drop of clear, salty liquid produced from the eyes by crying or irritation)",0
dmʕ,,دمع,דמע,noun,n+fem,damʕa,دَمْعَة,damʕa,דִּמְעָה,dim'á,a tear (drop of salty liquid resulting from crying),"tear (a drop of clear, salty liquid produced from the eyes by crying or irritation)",0
dn,,,דין,noun,n,din,دِين,dīn,דִּין,din,"judgement, decision, ruling, requital, compensation, indemnification",judgement; law (a written or understood rule),2
dql,,,דקל,noun,n,daqal,دَقَل,daqal,דֶּקֶל,dékel,a variety of dates (fruit and tree),"date (the fruit of the date palm, Phoenix dactylifera, somewhat in the shape of an olive, containing a soft, sweet pulp and enclosing a hard kernel)",2
dqq,,دقق,דקק,adj/noun,n,daqiq,دَقِيق,daqīq,דַּק,dak,"little, small, tiny, minute","small, diminutive",0
dqq,,دقق,דקק,noun,n+fem,daqiqa,دَقِيقَة,daqīqa,דַּקָּה,daká,minute (unit of time),minute,2
dqq,,دقق,דקק,noun,n,daqq,دَقّ,daqq,דַּקּוֹת,dakót,verbal noun of دَقَّ (daqqa) (form I),plural indefinite form of דַּקָּה (daká),0
dqq,,دقق,דקק,adj,n,diqaq,دِقَاق,diqāq,דַּקִּיק,dakík,"inflection of دَقِيق (daqīq):, feminine plural",alternative form of דָּקִיק,1
dqq,,دقق,דקק,adj,n,ʔadaqq,أَدَقّ,ʔadaqq,דַּק,dak,"elative degree of دَقِيق (daqīq):, smaller; smallest","small, diminutive",1
drk,,درك,,noun,qatal,darak,دَرَك,darak,דֶּרֶךְ,dérekh,path one takes to reach a goal,"a road, a path, a way",1
dss,,دسس/دوس,דשׁא,noun,,dasʔ,دِيس,dīs,דֶּשֶׁא,déshe,certain papery plants within the grass order (Poales),a plant of the family Poaceae,1
dwd,,,דוד,name,,dawid,دَاوُد,dāwud,דָּוִד,davíd,"a male given name, Daoud, Dawud, or Davoud, equivalent to English David","a male given name, David",0
dwd,,,דוד,name,,dawid,دَاوُود,dāwūd,דָּוִד,davíd,"a male given name, Daoud, Dawud, or Davoud, equivalent to English David","a male given name, David",0
dwh,,,,noun,n,dawah,دَوَاة,dawāh,דְּיוֹ,dyó,"inkstand, inkwell","ink (a pigment (or dye)-based fluid used for writing, printing etc)",0
dwn,,دون/دين,דון,verb,G,dawana,دَانَ,dāna,דָּן,dan,to judge,To judge.,4
dyn,,دين,דין,adj/noun,qattaːl,dayyān,دَيَّان,dayyān,דַּיָּן,dayán,judge (said of God),"judge, jurist",3
dzrf,,,,noun,,zarapa,زَرَافَة,zarāfa,גִ׳ירָפָה,jiráfa,giraffe (mammal),a (female) giraffe,0
dʕw,,دعو,ידע,adj/noun,n,muddaʕan,مُدَّعًى عَلَيْهِ,muddaʕan ʕalayhi,מוּדָע,mudá,defendant,"conscious, aware",1
dḥw,,دحو,דחה,verb,G,daxawa,دَحَا,daḥā,דָּחָה,dakhá,to push,"to push away, push aside",0
dḫn,,,,noun,n,duxan,دُخْن,duḵn,דֹּחַן,dóchan,pearl millet,millet,1
flsṭn,,,,name,,pilasṭin,فِلَسْطِين,filasṭīn,פָלַסְטִין,falastín,"Palestine (a country in Western Asia, in the Middle East; the State of Palestine; the homeland of the Palestinian people)","Palestine (a country in Western Asia, in the Middle East; the State of Palestine; the homeland of the Palestinian people) (especially post-1948)",2
frsk,,,,noun,,pirsik,فِرْسِك,firsik,אֲפַרְסֵק,afarsék,peach (Prunus persica tree and fruit),"peach (any tree of species Prunus persica, native to China and now widely cultivated throughout temperate regions, having pink flowers and edible fruit)",0
fstq,,,,noun,,pustuq,فُسْتُق,fustuq,פִיסְטוּק,fístuk,pistachio (Pistacia vera tree and fruit),pistachio (the nutlike fruit of this tree),0
fšl,,,,noun,,pašal,فَشَل,fašal,פַשְׁלָה,fáshla,"disappointment, letdown, flop, dud, fiasco","gaffe, faux pas, blunder",0
fṣfṣ,,,,noun,,ʔaspastu,فَصْفَص,faṣfaṣ,אַסְפֶּסֶת,aspéset,"lucerne, alfalfa (Medicago sativa and its produce)",alfalfa,1
gb,,,גוב,noun,n,gubb,جُبّ,jubb,גֵּב,gev,"cistern, well",cistern,0
gbh,,جبه,,noun,n+fem,gabha,جَبْهَة,jabha,גַּבָּה,gabá,"forehead, brow",eyebrow,0
gbr,,جبر,גבר,adj,n,majbur,مَجْبُور,majbūr,גַּבְרִי,gavrí,"obliged, compelled, forced","manly, masculine",0
gby,,جبي,גבה,verb,G,gabaya,جَبَى,jabā,גָּבָה,gavá,"to collect, to levy, to raise",to collect (a debt),0
gd,,,גדד,noun,n,gadd,جَدّ,jadd,גָּד,gad,"good luck, good fortune",luck,2
gdd,,جدد,,name/noun,n+fem,gidda,جِدَّة,jidda,גָּדָה,gadá,"bank, side, edge of a water body",a bank (edge of river or lake),0
gdy,,,,noun,,gady,جَدْي,jady,גְּדִי,gdí,"kid, young male of a goat",kid (a young goat),1
gl,,,,noun,n,gil,جِيل,jīl,גִּיל,gíl,"age, era, epoch, period","age, period",0
gll,,جلل,גלל,adj,n,glall,جَلّ,jall,גְּלִילִי,g'lilí,bulky,cylindrical,1
gly,,جلي,גלה,adj,n,galui,جَلِيّ,jaliyy,גָּלוּי,galúi,apparent,"manifest, obvious",1
gmglm,,,גלגל,name/noun,n,gumgulim,جُمْجُمَة,jumjuma,גֻּלְגֹּלֶת,gulgólet,"skull, cranium",skull,0
gnb,,جنب,גנב,adj/noun,n,ʔajnab,أَجْنَبِيّ,ʔajnabiyy,גָּנוּב,ganúv,"foreign, strange, from outside the land",crazy,0
gnn,,جنن,גנה/גנן,verb,G,gannan,جَنَّ,janna,גָּנַן,ganán,"to cover, to hide, to conceal, to veil","to protect, to defend",0
gnn,,جنن,גנה/גנן,noun,n+fem,ganna,جَنَّة,janna,גִּנָּה,gina,garden,garden,4
gnnt,,جنن,גנן,noun,n,ganinut,جَنِين,janīn,גַּנָּנוּת,gananút,seed germ,"horticulture, gardening",1
grm,,جرم,גרן,noun,n,gurin,جُرْن,jurn,גֹּרֶן,góren,"threshing-floor, surface where grain sheaves or where dates are collected, heap of harvest",threshing floor,0
grr,,جرر,גרר,verb,G,garrar,جَرَّ,jarra,גָּרַר,garár,"to pull, to draw, to drag, to attract",to drag,1
grr,,جرر,גרר,noun,n,garrar,جَرّ,jarr,גָּרַר,garár,"dragging, drag, towage, hauling",to drag,3
grr,,جرر,גרר,noun,qattaːl+fem,garrāra,جَرَّارَة,jarrāra,גְּרִירָה,grirá,tractor,towing,3
grr,,جرر,גרר,adj/noun,n+nisba,majari,مَجَرِيّ,majariyy,גְּרוֹנִי,groní,Hungarian,"guttural, throaty",0
grr,,جرر,גרר,adj,n+nisba,majarri,مَجَرِّيّ,majarriyy,גְּרוֹנִי,groní,galactic,"guttural, throaty",0
gwr,,جور,גור,noun,n,garw,جَرْو,jarw,גּוּר,gur,cub; puppy,"A cub, pup, kit, calf, puppy, kitten, or similar: a juvenile of any mammal species.",2
gwr,,جور,גור,adj,n,mugawir,مُجَاوِر,mujāwir,גֵּר,gér,"adjacent, neighboring",adventitious,0
gḏʕ,,,גזע,noun,n,gizaʕ,جِذْع,jiḏʕ,גֶּזַע,géza',"a tree trunk, body, stock, torso","trunk, stock (of a tree)",0
hbl,,,הבל,name,,hiwil,هَابِيل,hābīl,הֶבֶל,hével,Abel (biblical son of Adam),Abel (the son of Adam and Eve who was killed by his brother Cain),0
hds,,,,noun,,das,هَدَس,hadas,הֲדַס,haḏás,myrtle (Myrtus gen. et spp.),"myrtle: any of a genus of flowering plants in genus Myrtus, as well as a twig of it",0
hgr,,,,name,,gar,هَاجَر,hājar,הָגָר,hagár,"a female given name, Hajar, equivalent to English Hagar or Hager","a female given name, Hagar",0
hjr,,هجر,הגר,noun,n,hijir,هِجْرَة,hijra,הִגֵּר,higér,"migration, emigration, immigration",to immigrate,0
hjr,,هجر,הגר,noun,n,muhajir,مُهَاجِر,muhājir,הִגֵּר,higér,"migrant, immigrant",to immigrate,1
hl,,,,particle,n,hal,هَلْ,hal,הֲ־,ha-,introduces a positive yes-no question,"An interrogative particle, introducing a yes-no question.",0
hlk,,,הלך,verb,G,halak,هَلَكَ,halaka,הָלַךְ,halákh,"to ruin, to annihilate, to destroy","gone, wasted, damaged in an irreparable manner",0
hm,,,,pron,n,hum,ـهُمْ,-hum,הֵם,hem,"them, their (masculine plural bound object pronoun)","they (the third-person masculine plural personal pronoun, masculine plural of הוא (hu'))",0
hm,,,,pron,,hum,هُمْ,hum,הֵם,hem,they (masculine plural subject pronoun),"they (the third-person masculine plural personal pronoun, masculine plural of הוא (hu'))",0
hn,,,,adv,n,huna,هُنَا,hunā,הֵנָּה,héna,"here, in this place","Hither, (to) here, over (to) here.",1
hn,,,,pron,,šin,هُنَّ,hunna,הֵן,hen,they (feminine plural subject pronoun),They (feminine).,0
hnds,,هندس,הנדס,noun,,handasa,هَنْدَسَة,handasa,הַנְדָּסָה,handasá,geometry,Geometry.,2
hnds,,هندس,הנדס,adj/noun,,muhandis,مُهَنْدِس,muhandis,מְהֻנְדָּס,m'hundás,clever,Engineered: produced by engineering.,1
hnds,,هندس,הנדס,adj/noun,,muhandis,مُهَنْدِس,muhandis,מְהַנְדֵּס,m'handés,engineer,engineer (person qualified or professionally engaged in engineering),1
hrn,,,,name,,ʔaharan,هَارُون,hārūn,אַהֲרֹן,aharón,"a male given name, Haroon, Harun, or Haroun, equivalent to English Aaron","a male given name, equivalent to English Aaron",0
hrʔy,,رءي,,verb,Š,šahirʔa,أَرَى,ʔarā,הֶרְאָה,her'á,to show,show,0
hsq,,,,verb,Š,šahisqa,أَسْقَى,ʔasqā,הִשְׁקָה,hishká,to give drink,"to give drink to, to water",0
htqwmt,,قوم,קום,noun,n,hitqiyamut,قِيَامَة,qiyāma,הִתְקוֹמְמוּת,hitkomemut,"turmoil, upheaval, tumult, chaos, uproar, mayhem","insurrection, revolt, rebellion, uprising",0
hw,,,,noun/pron,,šuʔa,هُوَ,huwa,הוּא,hu,he (subject pronoun),he,1
hy,,,,pron,,šiʔa,هِيَ,hiya,הִיא,hi,she (subject pronoun).,"she, it",0
hykl,,,,name/noun,,haykal,هَيْكَل,haykal,הֵיכָל,hekhál,temple,the Holy Temple,0
hyl,,هيل,,noun,,hayl,هَيْل,hayl,הֶל,hel,cardamom,"cardamom (Seed of Elettaria cardamomum, used as a medicine and spice, especially in curry powder)",0
hšbh,,شبه,שׁוה,noun,n,tašbih,تَشْبِيه,tašbīh,הַשְׁוָאָה,hashva'á,"likening, comparison","Comparison: the act of comparing, or a specific instance of such.",1
hḏ,,,,pron,n,haza,هٰذَا,hāḏā,זֶה,ze,this,"this, this one.",3
jblʔt,,جبل,,noun,,jabal,جَبَل,jabal,גָ׳בְּלָאוֹת,jabla'ót,mountain,hills,0
jbn,,جبن,גבן,noun,qattaːl,jabbān,جَبَّان,jabbān,גְּבִינָה,g'viná,cheese dealer,cheese,0
jbn,,جبن,גבן,noun,n,jubin,جُبْن,jubn,גְּבִינָה,g'viná,cheese,cheese,0
jbn,,جبن,גבן,noun,n+fem,jubina,جُبْنَة,jubna,גְּבִינָה,g'viná,"a cheese, a piece of cheese, one cut of cheese",cheese,0
jbr,,,,adj/noun,qattaːl,jabbār,جَبَّار,jabbār,גִּבּוֹר,gibór,"mighty, powerful","strong, powerful; heroic, brave",0
jbrl,,,אל/גבר,name,,gawriʔil,جِبْرِيل,jibrīl,גַּבְרִיאֵל,gavri'él,The archangel Gabriel,Gabriel (an archangel associated with carrying messages from God.),0
jby,,جبي,גבה,adj,n,mujtaban,مُجْتَبًى,mujtaban,גָּבֹהַ,gavóah,chosen,"high, large",0
jdf,,,גדף,verb,D,jaddafa,جَدَّفَ,jaddafa,גִּדֵּף,gidéf,to blaspheme,"to blaspheme, insult (God; either by words or indirectly by one's actions)",0
jdr,,,גדר,noun,n,jidar,جِدَار,jidār,גָּדֵר,gadér,wall (division in a building),"fence, hedge, wall",0
jfn,,جفن,,noun,qatl,jafn,جَفْن,jafn,גֶּפֶן,géfen,"vine, grapevine","vine, grapevine",0
jfn,,جفن,,noun,qatl,jafn,جَفْنَة,jafna,גֶּפֶן,géfen,grapevine,"vine, grapevine",0
jhd,,,,noun,,jihad,جِهَاد,jihād,גִּ׳יהַאד,jihad,religious struggle,jihad,0
jhnm,,,,name,,gihinam,جَهَنَّم,jahannam,גֵּיהִנּוֹם,gehinóm,"hell, Gehenna",Gehenna,0
jlyt,,,,name,,galyat,جَالُوت,jālūt,גׇּלְיָת,golyát,Goliath,Goliath,0
jlyt,,,,name,,galyat,جُلْيَات,julyāt,גׇּלְיָת,golyát,Goliath,Goliath,0
jml,,,,noun,,gamal,جَمَل,jamal,גָּמָל,gamál,male camel,camel,1
jnk,,,כנר,noun,,kinnar,جَنْك,,כִּנּוֹר,kinór,"harp, or a kind thereof",harp,2
jnn,,جنن,גנן,noun,n,mijann,مِجَنّ,mijann,מָגֵן,magén,a shield,shield (he who or that which protects),1
jrr,,جرر,גרר,noun,n,jarur,جَارُور,jārūr,מְגֵרָה,m'gerá,"drawer, a pulled-out storage container","drawer, tray",0
jsm,,,,noun,qitl,jism,جِسْم,jism,גֶּשֶׁם,géshem,a body,body,0
jsr,,,,noun,,gišrum,جِسْر,jisr,גֶּשֶׁר,gésher,bridge,bridge,0
jwrb,,,,noun,n,jawrab,جَوْرَب,jawrab,גֶּרֶב,gérev,sock,sock,1
jḥfl,,,,noun,n,jaxfal,جَحْفَل,jaḥfal,גּוּף,guf,"army, legion","corps, organisation, institution (group of people)",0
jḫnn,,,,name/noun,,yaxanan,جُون,jūn,יוֹחָנָן,yokhanán,"a male given name from English, equivalent to English John","a male given name, equivalent to English John",0
jṯṯ,,جثث,,noun,n,juss,جُثَّة,juṯṯa,גּוּף,guf,body,body (physical structure of a person or animal),0
kbd,,,,noun,,kabid,كَبِد,kabid,כָּבֵד,kavéd,liver (“organ”),liver (organ of the body),2
kbt,,,קבץ,noun,,kibuṣ,كِيبُوتْس,kībūts,קִבּוּץ,kibútz,kibbutz,a 'kibbutz' - a collective settlement in Israel,0
kbś,,,כבשׂ,noun,qatl,kabs,كَبْش,kabš,כֶּבֶשׂ,kéves,"ram, male sheep",sheep (an ovine animal),0
kff,,كفف,כפף,noun,n,kfaff,كَفّ,kaff,כְּפָפָה,kfafá,glove,glove,3
kfr,,كفر,,noun,,kapra,كَفْر,kafr,כְּפָר,kfar,"open, town, village, suburb",village,2
kkb,,,ככב,noun,,kabkab,كَوْكَب,kawkab,כּוֹכָב,kokháv,star,star,0
kll,,كلل,אכל,noun,n,ʔakil,أَكْل,ʔakl,אֲכִילָה,akhilá,"food, meal, repast",eating,8
kly,,,כלה,noun,qutl+fem,kulya,كُلْيَة,kulya,כִּלְיָה,kilyá,kidney,kidney,0
klḫ,,,,noun,,kalx,كَلْخ,kalḵ,כֶּלֶךְ,kélekh,Ferula gen. et spp.,"Ferula, A taxonomic genus within the family Apiaceae.",0
kmn,,,כמן,noun,,kammana,كَمُّون,kammūn,כַּמּוֹן,kamón,cumin (Cuminum cyminum),cumin,0
kmyʔ,,,,noun,n,kimiyaʔ,كِيمِيَاء,kīmiyāʔ,כִימְיָה,khímya,chemistry,chemistry,0
knp,,,כנף,noun,,kanap,كَنَف,kanaf,כָּנָף,kanáf,"the lateral propelling organ, the wing",wing,0
knr,,,כנר,noun,,kinnar,كِنَّارَة,kinnāra,כִּנּוֹר,kinór,lyre,lyre,2
kns,,كنس,כנס,noun,n,kanisit,كَنِيس,kanīs,כְּנֶסֶת,knéset,synagogue,"A synagogue, a congregation.",1
kns,,كنس,כנס,noun,n+fem,kanisiya,كَنِيسَة,kanīsa,כְּנֵסִיָּה,knesiyá,church (building and organization),church,1
knʕn,,,,name,n,kanaʕan,كَنْعَان,kanʕān,כְּנַעַן,k'ná'an,Canaan,Canaan (a grandson of Noah),0
kpr,,,,verb,D,kappra,كَفَّرَ,kaffara,כִּפֵּר,kippér,"to cover, hide",to cover,2
kpt,,,כפת,noun,,kupta,كُفْتَة,kufta,כֻּפְתָּה,kuftá,"kufta, meatball, meat dumpling",kofta,0
krps,,,כרפס,noun,n,karapas,كَرَفْس,karafs,כַּרְפַּס,karpás,celery,celery,0
krs,,كرس,כסא,noun,n,kursiyy,كُرْسِيّ,kursiyy,כֵּס,kés,throne,throne,1
krś,,كرش,,noun,,karis,كَرِش,kariš,כָּרֵס,karés,"potbelly, paunch, belly","abdomen, belly",0
ks,,,כוס,verb,G,kasa,كَسَا,kasā,כָּסָה,kasá,to cover,to be covered (participle),0
ks,,,כוס,noun,n,kis,كِيس,kīs,כִּיס,kís,"bag, sack","pouch, bag, purse",2
ks,,,כוס,noun,,kuss,كُسّ,kuss,כּוּס,kus,pussy,A pussy (vagina).,0
ksks,,,,noun,,kuskus,كُسْكُس,kuskus,כּוּסְכּוּס,kuskus,couscous,couscous,0
ktb,,كتب,כתב,verb,Š,šaktaba,أَكْتَبَ,ʔaktaba,הִכְתִּיב,hikhtív,"to dictate something to, to make someone write",to dictate,0
ktb,,كتب,כתב,noun,n,kixtab,كِتَاب,kitāb,מִכְתָּב,mikhtáv,"letter, note, paper, piece of writing, message",letter (written message),5
ktb,,كتب,כתב,adj/noun,G+pcpl.act,kātib,كَاتِب,kātib,כּוֹתֵב,kotév,writer; author,A (male) writer or author.,3
ktb,,كتب,כתב,noun,n,takatub,تَكَاتُب,takātub,מִכְתָּב,mikhtáv,"communication, writing back and forth, exchanging letters",letter (written message),0
ktbt,,,כתב,noun,n,kitabit,كِتَابَة,kitāba,כְּתֹבֶת,k'tóvet,writing,inscription,1
ktp,,,כתף,noun,,katip,كَتِف,katif,כָּתֵף,katéf,"the shoulder, the shoulder joint",shoulder,0
kvr,,,,noun,,kapra,كَفَر,kavar,כִּפֵּר,kippér,"cover, case",to cover,2
kwr,,,כור,noun,,kini,كُور,kūr,כּוּר,kur,"furnace, smelting furnace, forge",A furnace for melting metals.,0
ky,,,,conj/prep,,kiya,كَيْ,kay,כִּי,ki,in order that (followed by the subjunctive),"because, for, since",0
kyf,,كيف,כיף,verb,tD,takayyafa,تَكَيَّفَ,takayyafa,הִתְכַּיֵּף,hitkayéf,"to be or become in high spirits, cheerful, gay, to amuse, enjoy oneself, to have fun, good time, to revel","to have fun, enjoy",0
kyf,,كيف,כיף,noun,n,kayif,كَيْف,kayf,הִתְכַּיֵּף,hitkayéf,"pleasure, well-being, good humor, enjoyment","to have fun, enjoy",1
kzbr,,,,noun,,kuzbara,كُزْبَرَة,kuzbara,כֻּסְבָּרָה,kúsbara,"coriander, cilantro","coriander, cilantro",0
kʔb,,كءب,,verb,G,kaʔiba,كَئِبَ,kaʔiba,כָּאַב,ka'áv,to be sad,"to hurt, ache",1
kʔs,,,כאס/כוס,noun,,kaʔs,كَأْس,kaʔs,כּוֹס,kos,a cup trophy,cup,1
kḏb,,,כזב,verb,D,kazzaba,كَذَّبَ,kaḏḏaba,כִּזֵּב,kizév,"to allege of lying, to disbelieve someone","to lie, to deceive",1
kḏb,,,כזב,adj/noun,n,kazib,كَذِب,kaḏib,כָּזָב,kazáv,lying,lie,0
kḥl,,كحل,כחל,adj,n,kuxal,كُحْلِيّ,kuḥliyy,כָּחֹל,kaḥól,"dark blue, blue-black, navy blue","blue, a darker shade than תְּכֵלֶת (tchélet)",0
kḥl,,كحل,כחל,noun,n,mukaxul,مُكْحُلَة,mukḥula,כָּחָל,kakhál,"kohl-box, vanity case",kohl,0
kḥl,,كحل,כחל,adj,n,ʔakalxal,أَكْحَل,ʔakḥal,כְּחַלְחַל,k'khalkhál,black,bluish,0
lbb,,لبب,לבב,noun,,libb,لُبّ,lubb,לֵב,lev,"pulp, backlog, marrow, core, heart","heart, core, center (the deepest, most central part of something)",2
lbn,,لبن,לבן,adj,qatal,laban,لَبَنِيّ,labaniyy,לָבָן,laván,milk-white,white (color),1
lbn,,لبن,לבן,name,,laban,لُبْنَان,lubnān,לָבָן,laván,Lebanon (a country in West Asia in the Middle East),Laban,3
lbn,,لبن,לבן,noun,qatl,labn,لَبْنَة,labna,לָבָן,laván,"labneh, labna, libna",Laban,0
lbn,,لبن,לבן,noun,n,libin,لِبْن,libn,לְבֵנָה,l'vená,"bricks, adobes",brick,0
lbn,,لبن,לבן,noun,n,lubna,لُبْنَى,lubnā,לִבְנֶה,livné,Styrax officinalis,styrax,0
lbs,,لبس,לבשׁ,adj/noun,n,labis,لَبِيس,labīs,לָבוּשׁ,lavúsh,"worn, used as apparel",dressed,0
lbs,,لبس,לבשׁ,noun,n,libas,لِبَاس,libās,לְבוּשׁ,l'vúsh,"clothes, raiment, vestment, dress",clothing,3
lbs,,لبس,לבשׁ,noun,n,malbasa,مَلْبَس,malbas,הַלְבָּשָׁה,halbashá,"clothes, clothing",clothing,3
lbw,,,,noun,,labiʔ,لَبْوَة,labwa,לְבִיאָה,l'vi'á,lioness,lioness,2
lbʔ,,,,noun,,labiʔ,لَبُؤَة,labuʔa,לְבִיאָה,l'vi'á,lioness,lioness,2
lbḥryn,,,,name,,baxrayn,الْبَحْرَيْن,al-baḥrayn,בַּחְרֵיְן,bakhréyn,Bahrain (a nation in Asia),"Bahrain (an archipelago, island, and country in West Asia in the Persian Gulf)",0
lft,,لفت,,noun,,lapt,لِفْت,lift,לֶפֶת,léfet,turnip (Brassica rapa subsp. rapa),"turnip (the white root of a yellow-flowered plant, Brassica rapa, grown as a vegetable and as fodder for cattle)",0
lgbr,,,,noun,,jabr,جَبْر,jabr,אַלְגֶּבְּרָה,álgebra,algebra,algebra,1
lhb,,لهب,להב,noun,,lahab,لَهَب,lahab,לֶהָבָה,lehavá,"flame, blaze, flare",flame,0
lhb,,لهب,להב,noun,n,lahib,لَهِيب,lahīb,לַהַב,láhav,"flame, blaze",a bright flame; a blaze,1
lhb,,لهب,להב,noun,n,ʔiltihabut,اِلْتِهَاب,iltihāb,הִתְלַהֲבוּת,hitlahavút,burning,Catching fire: the event of igniting.,1
lhj,,لهج,להג,noun,qatl,lahj,لَهْجَة,lahja,לַהַג,láhag,dialect,"dialect, idiom",0
lm,,,,adv,n,lima,لِمَا,limā,לָ֫מָּה,láma,"for what (relative, not interrogative)",for which reason,0
lmd,,,למד,noun,,talmud,التَّلْمُود,at-talmūd,תַּלְמוּד,talmúd,Talmud,Talmud,0
lmḏ,,,,adv,G,limaza,لِمَاذَا,li-māḏā,לָמָּה זֶה,láma zé,why,why,0
lmḫ,,,,name,,muxa,اَلمُخَا,al-muḵā,מוח׳א,mokha,"Mocha (a city in Taiz Governorate, Yemen)","Mocha, Yemen.",1
lprt,,,,name,,purattu,الْفُرَات,al-furāt,פְּרָת,p'rát,the Euphrates,Euphrates,0
lqhr,,,,name,,qahira,الْقَاهِرَة,al-qāhira,קָהִיר,kahír,"Cairo (a governorate of Egypt, containing the capital city)","Cairo (a governorate of Egypt, containing the capital city)",0
lsn,,,לשׁן,noun,,lišan,لِسَان,lisān,לָשׁוֹן,lashón,tongue,tongue,0
lw,,,,conj,n,law,لَوْ,,לוּ,lu,if only,"if only, I wish",0
lwḥ,,لوح,לוח,noun,n,luawx,لَوْح,lawḥ,לוּחַ,lúakh,"board, tablet, slab","board, tablet, blackboard",1
lwḥ,,لوح,לוח,noun,n,luawx,لَوْحَة,lawḥa,לוּחַ,lúakh,plank; board; blackboard; slate; sheet,"board, tablet, blackboard",1
lwṭ,,لوط,,name,,lat,لُوط,lūṭ,לוֹט,lót,"Lot, Lut (Abrahamic figure)",Lot,0
lyl,,ليل,,noun,,layl,لَيْل,layl,לַיִל,láyil,"nighttime, night",night,3
lyl,,ليل,,noun,,layl,لَيْلَة,layla,לַיִל,láyil,a night,night,3
lylk,,,,noun,,laylak,لَيْلَك,laylak,לִילָךְ,lilákh,lilac (Syringa gen. et spp.),lilac,0
lyṯ,,,,name/noun,n,layis,لَيْث,layṯ,לַיִשׁ,láyish,lion,lion,0
lśbn,,,,name,,lišbuna,لِشْبُونَة,Lišbūna,לִיסְבּוֹן,lísbon,"Lisbon (a port city on the Iberian Peninsula, at the mouth of the Tagus River on the Atlantic Ocean; the capital city of Portugal)","Lisbon (a port city on the Iberian Peninsula, at the mouth of the Tagus River on the Atlantic Ocean; the capital city of Portugal)",0
lʔk,,لءك,לאך,noun,,malʔax,مَلَك,malak,מַלְאָךְ,mal'ákh,angel,angel,0
lḥm,,لحم,,noun,qatl,laxm,لَحْم,laḥm,לֶחֶם,lékhem,"flesh, meat",food,0
lḥm,,لحم,,noun,maqtal+fem,malxama,مَلْحَمَة,malḥama,מִלְחָמָה,milkhamá,"bloody battle, slaughter, massacre, bloodbath","war, battle",0
lḥn,,,לחן,noun,,laxn,لَحْن,laḥn,לַחַן,lákhan,"melody, tune","A tune (as the tune of a song), a melody.",0
m,,,,adv/conj/particle/pron,n,ma,مَا,mā,מָה,ma,"that which, what","that which, the thing that",0
mbrk,,,ברך,adj,n,mubarak,مُبَارَك,mubārak,בָּרוּךְ,barúkh,blessed,blessed,0
mbsṭ,,,,adj,,mabsuṭ,مَبْسُوط,mabsūṭ,מַבְּסוּט,mabsút,cheerful,"happy, satisfied",0
mdn,,مدن,דין,noun,n,madin,مَدِينَة,madīna,דַּיָּן,dayán,jurisdiction,"judge, jurist",2
mftḥ,,,פתח,noun,n,miftiax,مِفْتَاح,miftāḥ,מַפְתֵּחַ,maftéakh,key (to a door),"key (to a lock, to a code)",0
mgl,,,,noun,n+fem,magalla,مَجَلَّة,majalla,מְגִלָּה,m'gilá,"scroll, writing paper, any book, volume, writing",scroll,0
mhr,,مهر,מהר,verb,G,mahara,مَهَرَ,mahara,מָהַר,mahár,"to settle a dowry for (one's wife, etc.)",to acquire a wife by paying her purchase price,3
mhr,,مهر,מהר,adj/name,n,mahir,مَاهِر,māhir,מָהִיר,mahír,"skilled, skillful, proficient, adept","fast, quick",0
mjnn,,,,adj,,majnun,مَجْنُون,majnūn,מַגְ׳נוּן,majnún,"mad, crazy, insane, possessed","crazy, psycho",0
mk,,,,name,,makka,مَكَّة,makka,מֶכָּה,méka,Mecca (a large city in Saudi Arabia),Mecca (city),0
mkly,,,כלל,noun,n+fem,mikulliyya,كُلِّيَّة,kulliyya,מִכְלָלָה,mikhlalá,"college, academy, school, secondary school",college,0
mktb,,,,adj/noun,,maktub,مَكْتُوب,maktūb,מַכְּתּוּבּ,maktúb,destiny,"fate; soulmate, destined partner",0
mkʔl,,,,name,,mixaʔil,مِيكَائِيل,mīkāʔīl,מִיכָאֵל,mikha'él,"a male given name, equivalent to English Michael","a male given name, equivalent to English Michael",0
mkʔl,,,,name,,mixaʔil,مِيكَال,mīkāl,מִיכָאֵל,mikha'él,the archangel Michael,"a male given name, equivalent to English Michael",0
ml,,,,adj/noun,n,mil,مِيل,mīl,מִיל,míl,mile,"A mile: any of various units of distance, mostly between 1.5 km and 2 km.",0
mlk,,ملك,מלך,adj/name/noun,n,malik,مَالِك,mālik,מִלְכָּה,milká,"a male given name, Malik",Milcah,0
mlk,,ملك,מלך,noun,,malk,مَلِك,malik,מֶלֶךְ,mélekh,"king, sovereign, monarch",king,2
mlk,,ملك,מלך,adj/name/noun,n,malxik,مَالِك,mālik,מַלְכוּת,malkhút,owner,kingdom,1
mlk,,ملك,מלך,adj/name/noun,n,malxik,مَالِك,mālik,מַלְכוּתִי,malkhutí,"owning, possessing, holding",Royal: of or pertaining to royalty.,1
mlk,,ملك,מלך,noun,n+fem,mamlaka,مَمْلَكَة,mamlaka,מַמְלָכָה,mamlakhá,kingdom,kingdom,1
mlq,,,,name,,malaqa,مَالَقَة,Mālaqa,מָלָגָה,Malága,"Malaga (a province of Andalusia, Spain, around the city)","Malaga (a province of Andalusia, Spain, around the city)",3
mlʔ,,ملء,מלא,verb,G,malaʔa,مَلَأَ,malaʔa,מָלֵא,malé,to fill,"To fill, to become full.",7
mlʔ,,ملء,מלא,verb,tD,tamallaʔa,تَمَلَّأَ,tamallaʔa,הִתְמַלֵּא,hitmalé,to be or become filled or full,"To fill up, to become full, to fill out physically.",5
mlʔ,,ملء,מלא,adj,n,maliʔ,مَلِيء,malīʔ,מָלֵא,malé,"full, filled, replete","Whole, total, full, complete.",0
mlḥ,,ملح,מלח,noun,,malaxum,مَلَّاح,mallāḥ,מַלָּח,mallā́ḥ,"mariner, shipman, sailor, helmsman","sailor, mariner",0
mlḥ,,ملح,מלח,adj,n,maliax,مَالِح,māliḥ,מָלוּחַ,malúakh,"salty, saline.","salty, saline",1
mlḥ,,ملح,מלח,adj/intj,n,maliax,مَلِيح,malīḥ,מָלוּחַ,malúakh,"salty, holding salt water","salty, saline",0
mlḥ,,ملح,מלח,adj/noun,n,miluax,مِلْح,milḥ,מָלוּחַ,malúakh,"salty, saline","salty, saline",0
mlḥ,,ملح,מלח,adj/noun,,milx,مِلْح,milḥ,מֶלַח,mélaḥ,salt,"salt, the common substance used as a condiment",1
mlḥ,,ملح,מלח,noun,n,muluax,مُلُوحَة,mulūḥa,מָלוּחַ,malúakh,salinity,"salty, saline",1
mlḥn,,,לחן,noun,n,mulaxxin,مُلَحِّن,mulaḥḥin,מַלְחִין,malkhín,composer,composer (of music),0
mlṭ,,,,noun,n,milaṭ,مِلَاط,milāṭ,מֶלֶט,mélet,"the binding agent used for constructing buildings, mortar, plaster","mortar, cement",0
mn,,,,verb,Š,šaʔimana,آمَنَ,ʔāmana,הֶאֱמִין,he'emín,to believe,to believe,0
mnn,,منن,מנה,noun,n,manni,مَنّ,mann,מָנֶה,mané,manna,mina,0
mnn,,منن,מנה,name,n,minan,مِنًى,minan,מָנֶה,mané,Mina (a valley near Mecca),mina,2
mnśr,,,נסר,adj/noun,n,mansur,مَنْشُور,manšūr,מִנְסָרָה,minsará,prism,prism (diffractor),0
mnʕ,,منع,מנע,verb,G,manaʕa,مَنَعَ,manaʕa,מָנַע,maná',"to hinder, to prevent, to repel",to prevent,0
mnʕ,,منع,מנע,noun,n,manaʕ,مَنْع,manʕ,מָנַע,maná',prevention,to prevent,1
mnʕ,,منع,מנע,adj,n,maniaʕ,مَنِيع,manīʕ,מוֹנֵעַ,monéa',"strong, fortified, impregnable, invincible, impenetrable, indomitable",preventative,0
mnḥ,,منح,מנח/נחה,noun,qitl+fem,minxa,مِنْحَة,minḥa,מִנְחָה,minkhá,gift,an offering,0
mnḫr,,,נחר,noun,n,minxar,مِنْخَر,minḵar,נְחִיר,n'khír,"nostril, nose",nostril (either of the two orifices located on the nose (or on the beak of a bird); used as a passage for air and other gases to travel the nasal passages),0
mr,,,מרא/מרר,adj/noun,n,murr,مُرّ,murr,מַר,mar,bitter,bitter (having an acrid taste),0
mr,,,מרא/מרר,adj/noun,n,murr,مُرّ,murr,מֹר,mór,"myrrh, the plant Commiphora myrrha",myrrh,0
mrd,,مرد,מרד,verb,G,marada,مَرَدَ,marada,מָרַד,marád,to be rebellious,"to revolt, to rebel",1
mrd,,مرد,מרד,adj/noun,n,marid,مَارِد,mārid,מָרַד,marád,"rebel, insurgent, mutineer","to revolt, to rebel",1
mrkb,,,רכב,adj/noun,n,murakkab,مُرَكَّب,murakkab,מֻרְכָּב,murkáv,"compound, composed of multiple parts","made of, composed of, consists of",0
mrkš,,,,name,,murrakuš,مُرَّاكُش,murrākuš,מָרוֹקוֹ,maróko,Morocco (a country in North Africa),Morocco (a country in North Africa),0
mrq,,مرق,מרק,noun,qatal,maraq,مَرَقَة,maraqa,מָרָק,marák,"broth, stock, gravy, sauce","soup, broth",0
mrr,,مرر,מרא/מרר,noun,n+fem,marara,مَرَارَة,marāra,מָרָה,mará,bitterness,bitterness,1
mrr,,مرر,מרא/מרר,adj/noun,n,marrir,مَارّ,mārr,מָרִיר,marír,passing,bitter,1
mrr,,مرر,מרא/מרר,noun,n+fem,mirra,مِرَّة,mirra,מָרָה,mará,bile,bile,0
mrr,,مرر,מרא/מרר,adj,n,mustamirr,مُسْتَمِرّ,mustamirr,מָרִיר,marír,"unbroken, continuous",bitter,1
mrr,,مرر,מרא/מרר,adj,n,ʔamarr,أَمَرّ,ʔamarr,מַר,mar,"elative degree of مُرّ (murr):, bitterer; bitterest",bitter (having an acrid taste),1
mrym,,,,name,,miryam,مَرْيَم,maryam,מִרְיָם,miryám,"a female given name, Maryam, equivalent to English Mary or Miriam, Latin Marīa, or French Marie, Miriam, sister of Moses and Aaron","a female given name, Miriam, Mary (biblical figure)",0
mrʔ,,,,noun,n,naʔimraʔ,اِمْرَأَة,imraʔa,נָשִׁים,nashím,woman,women,4
mrʕn,,,,noun,n,marʕan,مَرْعًى,marʕan,מִרְעֶה,mir'é,"grassland, pasture",pasture,0
mrḫ,,,,verb,G,maraxa,مَرَخَ,maraḵa,מָרַח,marákh,to rub; to embrocate; to anoint,"to smear, to rub in; to spread (of butter, paint, etc.)",1
mskn,,,,adj,,miskin,مِسْكِين,miskīn,מִסְכֵּן,miskén,poor,unfortunate,1
msmr,,,סמר,noun,n,mismar,مِسْمَار,mismār,מַסְמֵר,masmér,"nail, pin, peg, wedge, bolt, even a screw",nail (a spike-shaped metal fastener used for joining wood or similar materials),0
msḥ,,,משח,verb,G,masaxa,مَسَحَ,masaḥa,מָשַׁח,mashákh,to anoint,to anoint with oil,0
msḥ,,,משח,adj/noun,n,masiax,مَسِيح,masīḥ,מָשִׁיחַ,mashíakh,anointed,anointed,0
msṭl,,,,adj,,masṭul,مَسْطُول,masṭūl,מַסְטוּל,mastúl,"drugged, high, wasted, drunk (under the psychological effects of a mood-affecting drug)","drugged, high, wasted, drunk (under the psychological effects of a mood-affecting drug)",0
mt,,,,verb,Š,šamata,أَمَاتَ,ʔamāta,הֵמִית,hemít,to cause to die,"to kill, put to death",0
mtgyś,,جيش,גיס,noun,n,mitgayis,جَيْش,jayš,מִתְגַּיֵּס,mitgayes,"an army, a military force",recruit; conscript,3
mtrgm,,ترجم,תרגם,adj,n,mutargam,مُتَرْجَم,mutarjam,מְתֻרְגָּם,m'turgám,translated,translated,0
mtrgm,,ترجم,תרגם,noun,n,mutargim,مُتَرْجِم,mutarjim,מְתַרְגֵּם,m'targém,translator; interpreter,a translator,4
mty,,,,adv/prep,n,matay,مَتَى,matā,מָתַי,matái,when (at what time?),when (at what time; at which time),1
mwh,,موه/ميه,מים,noun,,may,مَاء,māʔ,מַיִם,máyim,water,(uncountable) water,0
mwld,,,ילד,noun,n,mawilid,مَوْلِد,mawlid,מוֹלֶדֶת,molédet,birthplace,"birthplace, homeland",0
mwt,,موت,מות,verb,G,mawut,مَاتَ,māta,מֵת,mét,to die,To die.,2
mwt,,موت,מות,noun,n,mawt,مَوْت,mawt,מָוֶת,mávet,death,death,1
mwt,,موت,מות,noun,n+fem,mita,مِيتَة,mīta,מִיתָה,mitá,manner of death,death,0
mwʕd,,,יעד,noun,n,mawʕid,مَوْعِد,mawʕid,מוֹעֵד,mo'éd,appointment,"appointed or agreed-upon time, appointment",0
mwḫ,,,מוח,noun,,muxx,مُخّ,muḵḵ,מוֹחַ,móakh,cerebrum,brain,0
mykl,,,,name,,mixaʔil,مَايْكَل,māykal,מִיכָאֵל,mikha'él,"a male given name, equivalent to English Michael","a male given name, equivalent to English Michael",0
mzg,,مزج,מזג,noun,n,mazig,مَزِيج,mazīj,מִזּוּג,mizúg,"mixture, blend",merging,0
mzg,,مزج,מזג,noun,n,mizag,مِزَاج,mizāj,מֶזֶג,mézeg,"temperament, temper, nature, disposition","temper, temperament",1
mšmš,,,,noun,,mišmiš,مِشْمِش,mišmiš,מִשְׁמֵשׁ,mishmésh,"apricots (fruit), apricot (collectively)","apricot (a round sweet and juicy stone fruit, resembling peach or plum in taste, with a yellow-orange flesh, lightly fuzzy skin and a large seed inside)",0
mšrq,,شرق,,name/noun,n,mašriq,مَشْرِق,mašriq,מִזְרָח,mizrákh,an eastern country,east,0
mštt,,شتت,שׁנה/שׁתן,adj,n,mišatiti,شَتِيت,šatīt,מִשְׁתַּנֶּה,mishtané,"various, diverse, miscellaneous, manifold",variable (mathematics: having no fixed quantitative value),1
mštt,,شتت,שׁנה/שׁתן,adj/noun,n,mištatti,شَتّ,šatt,מִשְׁתַּנֶּה,mishtané,"various, diverse, manifold, scattered",variable (mathematics: having no fixed quantitative value),1
mšʔl,,,,name,,mixaʔil,ميشال,mīšāl,מִיכָאֵל,mikha'él,a male given name of French origin,"a male given name, equivalent to English Michael",0
mʔ,,,,num,,miʔat,مِئَة,miʔa,מֵאָה,me'á,hundred,"hundred, one hundred",0
mʔ,,,,num,,miʔat,مِا۟ئَة,miʔa,מֵאָה,me'á,"alternative spelling of مِئَة (miʔa, “hundred”)","hundred, one hundred",0
mʕ,,,,prep,n,ʔimaʕa,مَعَ,maʕa,עִם,im,"with, together with, accompanied by, in the company of","With: used to indicate togetherness, being together.",1
mʕn,,,,noun,,miʕay,مِعًى,miʕan,מְעִי,m'í,"gut, intestine","intestine, gut, innard, entrail, bowel",1
mḍḥk,,ضحك,צחק,adj/noun,n,muṣxik,مُضْحِك,muḍḥik,מַצְחִיק,matskhík,"funny, comical","Funny, amusing, humorous.",0
mḍḥk,,ضحك,צחק,adj,n,ʔaṣxak,أَضْحَك,ʔaḍḥak,מַצְחִיק,matskhík,"elative degree of مُضْحِك (muḍḥik), funnier, more comical; funniest, most comical","Funny, amusing, humorous.",0
mḍḥk,,ضحك,צחק,adj,n,ṣatsxuk,ضَحُوك,ḍaḥūk,מַצְחִיק,matskhík,frequently or constantly laughing,"Funny, amusing, humorous.",0
mḥfṯ̣,,,,adj/noun,n,muxafiṣ,مُحَافَظَة,muḥāfaẓa,מָחוֹז,makhóz,a province; an administrative division of state territory,province,0
mḥq,,محق,מחק,verb,G,maxaqa,مَحَقَ,maḥaqa,מָחַק,makhák,"to efface, to blot out, to destroy, to annihilate, to ruin",to erase,2
mḥq,,محق,מחק,verb,N,namaxaqa,اِمَّحَقَ,immaḥaqa,נִמְחַק,nimkhák,"to be or become annihilated, to perish",to be erased,0
mḥq,,محق,מחק,noun,n,maxaq,مَحْق,maḥq,מָחַק,makhák,"effacement, obliteration",to erase,2
mḫms,,,חמשׁ,adj/noun,n,muxammas,مُخَمَّس,muḵammas,מְחֻמָּשׁ,m'khumásh,pentagon,pentagon,0
mḫʔl,,,,name,,mixaʔil,مِيخَائِيل,mīḵāʔīl,מִיכָאֵל,mikha'él,"a male given name from Hebrew, equivalent to English Michael","a male given name, equivalent to English Michael",0
mḫṭb,,,כתב,noun,n,mixiṭab,خِطَاب,ḵiṭāb,מִכְתָּב,mikhtáv,letter,letter (written message),0
mṣrrm,,صرر,,name/noun,n,miṣrayim,مِصْر,miṣr,מִצְרַיִם,mitsráyim,Egypt (a country in North Africa and West Asia),Egypt (a country in North Africa and West Asia),0
mṣyd,,,,noun,n+fem,miṣyada,مِصْيَدَة,miṣyada,מְצוּדָה,m'tsudá,"net, snare (for fishing or trapping, and also loosely like “traps for rain water”)","snare, trap",0
mṣṣ,,مصص,,verb,G,maṣaṣa,مَصَّ,maṣṣa,מָצַץ,matsáts,"to suck, to sip up",to suck,0
mṭr,,,מטר,noun,qatal,maṭar,مَطَر,maṭar,מָטָר,matár,rain,rain,0
mṭr,,,מטר,adj,n,maṭir,مَطِر,maṭir,מָטָר,matár,rainy,rain,0
mṯl,,مثل,משׁל,adj/noun,n,mamsilt,مَثِيل,maṯīl,מֶמְשַׁלְתִּי,memshaltí,"like, similar, analogous",Governmental; of or pertaining to a government.,0
mṯl,,مثل,משׁל,noun,qatal,masal,مَثَل,maṯal,מָשָׁל,mashál,example,example,1
mṯl,,مثل,משׁל,adj,n+nisba,mimsalti,مِثَالِيّ,miṯāliyy,מֶמְשַׁלְתִּי,memshaltí,"exemplary, ideal",Governmental; of or pertaining to a government.,0
mṯl,,مثل,משׁל,noun,n,misal,مِثَال,miṯāl,מָשָׁל,mashál,"simile, allegory, parable, fable, tale","allegory, morality play, fable, metaphor, proverb",0
mṯl,,مثل,משׁל,noun,n,mumassil,مُمَثِّل,mumaṯṯil,מִמְשָׁל,mimshál,representative (in government),"administration, government",2
mṯl,,مثل,משׁל,adj,n,ʔamsalt,أَمْثَل,ʔamṯal,מֶמְשַׁלְתִּי,memshaltí,"more perfect, more ideal; most perfect, most ideal",Governmental; of or pertaining to a government.,0
mṯny,,ثني,שׁנה/שׁתן,adj,n,misanawi,ثَانَوِيّ,ṯānawiyy,מִשְׁתַּנֶּה,mishtané,"secondary, minor",variable (mathematics: having no fixed quantitative value),1
n,,,,suffix,n,ʔani,ـَانِ,-āni,־וֹן,-on,Suffix added to a noun or adjective to form the dual form.,A suffix used in words indicating order.,1
nbw,,نبو/نيب,ניב,noun,n,nab,نَاب,nāb,נִיב,niv,canine tooth,"canine tooth, fang",0
nbʔ,,نبء,נבא,verb,tD,tanabbaʔa,تَنَبَّأَ,tanabbaʔa,הִתְנַבֵּא,hitnabé,"to predict, to foresee",to prophesy,3
nbʔ,,نبء,נבא,noun,n,nabiyy,نَبِيّ,nabiyy,נָבִיא,naví,prophet,prophet (someone who speaks by divine inspiration),5
nbʔ,,نبء,נבא,noun,n+fem,nubuʔa,نُبُوءَة,nubūʔa,נְבוּאָה,n'vu'á,"a prophecy, a prediction",prophecy,4
nbʔ,,نبء,נבא,noun,n+fem,nubuʔwwa,نُبُوَّة,nubuwwa,נְבוּאָה,n'vu'á,prophethood,prophecy,4
nbḥ,,نبح,,verb,G,nabaxa,نَبَحَ,nabaḥa,נָבַח,navákh,"to bark, to bay, to yelp",to bark,0
ndr,,,נדר,adj/noun,n,nadir,نَادِر,nādir,נָדִיר,nadír,"rare, extraordinary","Rare, uncommon, unusual.",0
nfl,,,,noun,,nafil,نَفِيل,nafīl,נָפִיל,nafíl,"a Naphil, a member of the Nephilim","a Naphil, a member of the Nephilim",0
nfs,,,,noun,,napš,نَفْس,nafs,נֶפֶשׁ,néfesh,"life, breath",breath,0
nfṭ,,,,noun,,napṭum,نِفْط,nifṭ,נֵפְט,neft,"oil, petroleum, naphtha",petroleum,0
ngl,,نجل,נגל,noun,n,mingal,مِنْجَل,minjal,מַגָּל,magál,"scythe, sickle",sickle,0
nhq,,نهق,נהק,verb,G,nahaqa,نَهَقَ,nahaqa,נָהַק,nahák,to bray,to bray,0
nhr,,,,verb,G,nahar,نَهَرَ,nahara,נָהַר,nahár,"to flow forth upon, to betide",to flow,2
nhr,,,,noun,,nahar,نَهْر,nahr,נָהָר,nahár,river,"river (especially the Nile, Euphrates, etc.)",2
njl,,,נכד,noun,qatl,najl,نَجْل,najl,נֶכֶד,nékhed,"offspring, child",grandson,1
nkr,,نكر,כיר/נכר,noun,n,nakir,نَكِرَة,nakira,מַכִּיר,makír,unknown person,acquaintance,2
nm,,,נום,verb,G,nama,نَامَ,nāma,נָם,nám,to sleep,to slumber,0
nml,,,,noun,qatl,naml,نَمْل,naml,נְמָלָה,nemalá,ants,ant,0
nmr,,,נמר,noun,,namir,نَمِر,namir,נָמֵר,namér,tiger,tiger,0
nmš,,,,noun,qatl,namš,نَمْش,namš,נֶמֶשׁ,némesh,"freckle, spot, mark",freckle,0
npḫ,,نفخ,נפח,verb,G,napax,نَفَخَ,nafaḵa,נָפַח,nafákh,to blow,"to blow, exhale",4
nqb,,,,name,,nigiw,النَّقَب,an-naqab,נֶגֶב,négev,the Negev (a desert in Israel),Negev (a desert region in southern Israel),0
nqnq,,,,noun,,naqaniq,نَقَانِق,naqāniq,נַקְנִיק,nakník,"sausage, baloney","sausage, cold cut",0
nqw,,نقو/نقي,נקה,adj,n+nisba,naqi,نَقِيّ,naqiyy,נָקִי,nakí,"clean, spotless",clean,0
nqy,,نقي,נקה,verb,D,naqqaya,نَقَّى,naqqā,נִקָּה,niká,"to purify, to cleanse, to clean, to refine",to clean,1
nqṭ,,نقط,,noun,n+fem,nuquṭa,نُقْطَة,nuqṭa,נְקֻדָּה,n'kudá,"dot, point",dot,3
nr,,,,name/noun,,nur,نُور,nūr,נוּר,nur,illumination,light,3
nrnj,,,,noun,,naranj,نَارَنْج,nāranj,אוֹרַנְז׳,óranzh,bitter orange (Citrus aurantium),"orange (the colour of a ripe fruit of an orange tree, midway between red and yellow)",0
ns,,,אנשׁ,noun,,ʔinaš,نَاس,nās,אֱנוֹשׁ,enósh,"people, humans","human, man, person, mortal",0
nsm,,,נשׁם,noun,n+fem,nasama,نَسَمَة,nasama,נְשָׁמָה,neshamá,"breath, wiff, waft, breeze",breath,0
nsr,,نسر,,name/noun,,našr,نَسْر,nasr,נֶשֶׁר,nésher,an eagle,eagle,0
nsy,,نسي,נשׁה,verb,D,nassaya,نَسَّى,nassā,נִשָּׁה,nishá,to cause to forget,"to cause to forget, make forget",0
nsy,,نسي,נשׁה,verb,G,našaya,نَسِيَ,nasiya,נָשָׁה,nashá,to forget,To forget,1
nsy,,نسي,נשׁה,noun,n,nisyan,نِسْيَان,nisyān,נִשָּׁה,nishá,"forgetting, neglecting","to cause to forget, make forget",0
nsḫ,,نسخ,נסח,verb,G,nasaxa,نَسَخَ,nasaḵa,נָסַח,nasákh,to abolish,to tear down,0
nsḫ,,نسخ,נסח,noun,n,nusax,نُسْخَة,nusḵa,נוּסָח,nusákh,transcript,"text, wording",0
ntnyh,,,,name,,ntanyahu,نِتَنْيَاهُو,nitanyāhū,נְתַנְיָהוּ,n'tanyáhu,a transliteration of the Hebrew surname נְתַנְיָהוּ (Netanyahu),a surname: Netanyahu,0
ntqm,,,נקם,noun,n,ʔintiqam,اِنْتِقَام,intiqām,נְקָמָה,nekamá,"revenge, vengeance",revenge,0
nwl,,نول,,noun,,nawwla,نَوْل,nawl,נוּל,núl,loom,loom,0
nwq,,نوق,,noun,,naqa,نَاقَة,nāqa,נָאקָה,naká,female camel,camel (female),1
nwr,,نور,ניר,noun,n,manar,مَنَار,manār,מְנוֹרָה,m'norá,lighthouse,"A light, a lamp.",0
nwr,,نور,ניר,noun,n+fem,manara,مَنَارَة,manāra,מְנוֹרָה,m'norá,menorah,The menorah as a symbol.,0
nwr,,نور,ניר,noun,,nur,نَار,nār,נוּר,nur,fire,shining fire,4
nyr,,,ניר,noun,,niru,نِير,nīr,מָנוֹר,manór,"beam, a transverse piece of wood in a loom","beam (ploughbeam), the beam of a loom",0
nzḥ,,نزح,זנח,verb,G,nazaxa,نَزَحَ,nazaḥa,זָנַח,zanákh,"to depart, to leave","to abandon, to desert, to leave",1
nśr,,نشر,נסר,noun,maqtal,mansar,مِنْشَار,minšār,מִנְסָרָה,minsará,saw,sawmill,3
nśr,,نشر,נסר,noun,n,nasir,نَشْر,našr,נִסֵּר,nisér,sawing,to saw,3
nśr,,نشر,נסר,noun,n,nusarit,نُشَارَة,nušāra,נְסֹרֶת,n'sóret,sawdust,sawdust,1
nśʔ,,,,verb,G,nasaʔ,نَشَأَ,našaʔa,נָשָׂא,nasá,"to be raised, to be lifted, to rise up",to lift,2
nɣm,,,נעם,noun,n,nagim,نَغْم,naḡm,נְעִימָה,ne'imá,"tune, air, melody; voice, part; timbre, tone color; sound, tone",tune,1
nʔ,,,נוא,adj,n,niʔ,نِيء,nīʔ,נָא,ná,"raw, uncooked",undercooked,0
nʕl,,نعل,נעל,verb,G,naʕala,نَعَلَ,naʕala,נָעַל,na'ál,"to sole, to shoe","to wear (a shoe, sandal, boot, etc.)",1
nʕl,,نعل,נעל,noun,qatl,naʕl,نَعْل,naʕl,נַעַל,ná'al,a light shoe for human feet (such as a slipper),shoe,1
nʕm,,نعم,נעם,verb,G,naʕam,نَعَمَ,naʕama,נָעַם,na'ám,to enjoy,to please,3
nʕm,,نعم,נעם,noun,n,naʕim,نَعِيم,naʕīm,נֹעַם,nó'am,"bliss, delight",pleasantness,1
nʕm,,نعم,נעם,noun,n,niʕam,نِعْمَة,niʕma,נֹעַם,nó'am,"blessing, grace, benefit",pleasantness,1
nʕm,,نعم,נעם,name/noun,n,ʔinaʕam,إِنْعَام,ʔinʕām,נֹעַם,nó'am,"favor, grace, gratuity",pleasantness,1
nʕm,,نعم,נעם,name/noun,n,ʔinʕami,إِنْعَام,ʔinʕām,נׇעֳמִי,no'omí,a female given name,"a female given name, equivalent to English Naomi",1
nʕnʕ,,,נענע,noun,n,naʕnaʕ,نَعْنَاع,naʕnāʕ,נַעְנַע,na'na',mint,mint (the plant or its flavor),0
nḥl,,نحل,נחל,noun,n,naxil,نَحْل,naḥl,נְחִיל,n'khil,"bees, bee",swarm,0
nḥn,,,,pron,,nixnu,نَحْنُ,naḥnu,נַחְנוּ,nákhnu,we (subject pronoun),We; the subject form of the first-person plural personal pronoun.,1
nḥs,,نحس,נחס,noun,,naxs,نَحْس,naḥs,נַחְס,nákhs,"bad luck, misfortune","bad luck, misfortune",4
nḥst,,,נחשׁ,noun,n,nixuxas,نُحَاس,nuḥās,נְחֹשֶׁת,n'khóshet,copper,"copper (a reddish-brown metal, symbol Cu, and atomic number 29)",1
nḫl,,نخل,,noun,n,minxal,مِنْخَل,minḵal,מוֹהַל,mohál,"sieve, sifter","sieve, searce",0
nṣr,,,,adj/noun,n+nisba,naṣiri,نَاصِرِيّ,nāṣiriyy,נוֹצְרִי,notsrí,Nazarene,Nazarene (of or referring to Nazareth),0
nṣrn,,,,adj/noun,n+nisba,naṣrani,نَصْرَانِيّ,naṣrāniyy,נוֹצְרִי,notsrí,a Christian,Christian,0
pdy,,فدي,פדה,noun,n,pidyan,فِدْيَة,fidya,פִּדְיוֹן,pidyón,ransom,ransom,1
pdy,,فدي,פדה,noun,n,pidyaʔ,فِدَاء,fidāʔ,פִּדְיוֹן,pidyón,ransom,ransom,1
pl,,,,noun,n,pil,فِيل,fīl,פִּיל,píl,elephant,elephant,0
pl,,,,noun,n,pul,فُول,fūl,פּוֹל,pol,"fava beans, fava (Vicia faba)","broad bean, fava bean, fava (Vicia faba)",1
pln,,,,noun,n,pulani,فُلَان,fulān,פלוני,plóni,"A placeholder name for a person, used when a name is not known; a generic name; so-and-so","A placeholder name for a person, used when a name is not known; a generic name; so-and-so",0
pm,,,,noun,,pay,فَم,fam,פֶּה,pe,mouth,mouth,0
prr,,فرر,פרא,noun,n,paraʔ,فَرَأ,faraʔ,פֶּרֶא,pére,"wild-ass, onager, especially a young male","wild, untamed",0
prs,,فرس,פרץ,noun,qatal,paras,فَرَس,faras,פָּרָשׁ,parásh,"horse, mare","horseman, cavalier, dragoon",2
prs,,فرس,פרץ,name/noun,n,paris,فَارِس,fāris,פֶּרֶץ,pérets,Persia,"a male given name, Perez",0
pry,,فري,,noun,,parw,فَرْو,farw,פרווה,parvá,"pelt, fur",fur garment,1
prʕwn,,,,name/noun,,parʔa,فِرْعَوْن,firʕawn,פַּרְעֹה,par'ó,a pharaoh (an ancient Egyptian ruler),pharaoh,0
prḍ,,فرض,פרץ,noun,qutl+fem,purṣa,فُرْضَة,furḍa,פִּרְצָה,pirtsá,"crevasse, fissure, gap","breach, opening",1
prḫ,,فرخ,פרח,noun,n,parix,فَرْخ,farḵ,פְּרִיחָה,p'rikhá,sprout (of a plant),blossoming,4
prṯ,,,,noun,qatl,pars,فَرْث,farṯ,פֶּרֶשׁ,péresh,"entrails, viscera, bowels, intestines, excretions",excrements of slaughtered animals found inside their entrails,0
psḫ,,,,noun,n,pasix,الفَاسِخ,al-fāsiḵ,פֶּסַח,pésakh,"Passover, Pesach",Passover (Jewish feast / festival / holiday),0
ptḥ,,,,verb,G,patax,فَتَحَ,fataḥa,פָּתַח,patákh,to begin,to start,3
ptḥ,,,,name/noun,qatl,patx,فَتْح,fatḥ,פֶּתַח,pétakh,opening,opening,1
pwḫ,,فوخ,פוח,verb,G,pawaxa,فَاخَ,fāḵa,פּוּחַ,púakh,to blow noisily (of the wind),"to blow, to puff",0
pʕl,,,פעל,verb,G,paʕala,فَعَلَ,faʕala,פָּעַל,pa'al,to do,to do,2
pʕl,,,פעל,noun,n,piʕal,فِعْل,fiʕl,פֹּעַל,pó'al,verb,verb,2
pḥm,,فحم,,noun,qatl,paxm,فَحْم,faḥm,פֶּחָם,pekhám,coal; charcoal,coal,0
pṣḥ,,,,noun,,pisax,فِصْح,fiṣḥ,פֶּסַח,pésakh,"Passover, Pesach",Passover (Jewish feast / festival / holiday),1
pṭry,,,פטר,noun,n+fem,puṭriya,فُطْرَة,fuṭra,פִּטְרִיָּה,pitriyá,"fungus, mushroom",mushroom,1
qbl,,,,name,,kayin,قَابِيل,qābīl,קַיִן,káyin,Cain (biblical son of Adam),Cain (the son of Adam and Eve who killed his brother Abel),0
qbr,,قبر,קבר,verb,G,qabara,قَبَرَ,qabara,קָבַר,kavár,"to bury, to entomb","to bury, to inter",2
qbr,,قبر,קבר,noun,qatl,qabr,قَبْر,qabr,קֶבֶר,kéver,"tomb, grave, sepulcher","grave, gravesite",2
qbʕ,,,כבע,noun,n,qubbaʕ,قُبَّعَة,qubbaʕa,כּוֹבַע,kóva,hat,hat,0
qbḍ,,قبض,קבץ,verb,G,qabaṣa,قَبَضَ,qabaḍa,קָבַץ,kaváts,"to collect, to gather","to gather, to collect,",4
qbḍ,,قبض,קבץ,noun,n,ʔinqibaṣ,اِنْقِبَاض,inqibāḍ,קִבּוּץ,kibútz,contraction (of muscles),"flexion, spasm",0
qdm,,قدم,קדם,verb,G,qadama,قَدَمَ,qadama,קָדַם,kadám,to precede,"to precede, to come before",5
qdm,,قدم,קדם,verb,tD,taqaddama,تَقَدَّمَ,taqaddama,הִתְקַדֵּם,hitkadém,to proceed,"to advance, to proceed, to progress, to make progress, to move forward",3
qdm,,قدم,קדם,noun,n+fem,muqaddima,مُقَدِّمَة,muqaddima,הַקְדָּמָה,hakdamá,"introduction, preface, prelude","foreword, preface",1
qdm,,قدم,קדם,adj,n,mutaqaddim,مُتَقَدِّم,mutaqaddim,מִתְקַדֵּם,mitkadém,advanced,Advanced: having reached an advanced stage.,7
qdm,,قدم,קדם,adj/noun,qattaːl,qaddām,قُدَّام,quddām,קָדוּם,kadúm,masculine plural of قَادِم (qādim),"ancient, old, antique, immemorial, former, primitive",0
qdm,,قدم,קדם,adj/noun,n,qadim,قَادِم,qādim,קָדוּם,kadúm,"coming, approaching","ancient, old, antique, immemorial, former, primitive",4
qdm,,قدم,קדם,adj,n,qadim,قَدِيم,qadīm,קָדוּם,kadúm,"old, ancient","ancient, old, antique, immemorial, former, primitive",4
qdm,,قدم,קדם,noun,n,qaydam,قَيْدَام,qaydām,הַקְדָּמָה,hakdamá,front,"foreword, preface",0
qdm,,قدم,קדם,noun,n,qaydum,قَيْدُوم,qaydūm,הַקְדָּמָה,hakdamá,front,"foreword, preface",0
qdm,,قدم,קדם,adj,n,ʔaqdam,أَقْدَم,ʔaqdam,מֻקְדָּם,muqdɔm,earlier; earliest,early,4
qdm,,قدم,קדם,noun,n,ʔiqadam,إِقْدَام,ʔiqdām,הִתְקַדֵּם,hitkadém,"going forward, advancing","to advance, to proceed, to progress, to make progress, to move forward",3
qds,,قدس,קדשׁ,noun,n,maqdis,مَقْدِس,maqdis,מִקְדָּשׁ,mikdásh,a holy place; a sanctuary,sanctuary,0
qds,,قدس,קדשׁ,noun,,qudš,قُدُس,qudus,קִדּוּשׁ,kidúsh,"sanctity, holiness",sanctification,1
qfz,,قفز,קפץ,verb,G,qafaza,قَفَزَ,qafaza,קָפַץ,kafáts,"to jump, to leap",to jump,3
qfz,,قفز,קפץ,noun,n+fem,qafiza,قَفْزَة,qafza,קְפִיצָה,qfitsá,jump,"leap, spring, jump, jumping",4
qhy,,قهي,,noun,,qahwa,قَهْوَة,qahwa,קַהְוָה,kahvá,coffee (the drink),coffee,2
qld,,,,noun,,qlidaʔ,إِقْلِيد,ʔiqlīd,קְלִיד,k'lid,key,key (part of a piano or musical keyboard),1
qll,,قلل,קלל,adj/noun,n,qalil,قَلِيل,qalīl,קַל,kal,"few, little",light (of low importance),1
qll,,قلل,קלל,noun,n+fem,qlilla,قِلَّة,qilla,קְלָלָה,k'lalá,"lack, want, poverty",misfortune,1
qpḏ,,,קפד,noun,,qupda,قُنْفُذ,qunfuḏ,קִפּוֹד,qippṓḏ,hedgehog,hedgehog,0
qr,,,קרר,noun,n,qurr,قُرّ,qurr,קֹר,kór,"cold, coolness, coldness, chilliness, frigidity","cold, coldness",2
qrb,,,כרב,verb,G,qarib,قَرُبَ,qaruba,קָרַב,karáv,"to be near, to come near, to approach",to approach.,1
qrb,,,כרב,verb,G,qarib,قَرِبَ,qariba,קָרַב,karáv,"to be near, to come near, to approach",to approach.,0
qrb,,,כרב,adj/noun,n,qarib,قَرِيب,qarīb,קָרוֹב,karóv,"near, close, adjacent","close, near",0
qrb,,,כרב,noun,,qarnabiṭ,قَرْنَبِيط,qarnabīṭ,כְּרוּבִית,kruvít,cauliflower (Brassica oleracea var. botrytis),cauliflower,0
qrbn,,,,noun,n,qurban,قُرْبَان,qurbān,קורבן,korbán,"sacrificial animal, victim","a ritual sacrifice, as of an animal",0
qrn,,,קרן,name,,qarax,قَارُون,qārūn,קֹרַח,kórakh,Korah (biblical character),Korah,0
qrn,,,קרן,noun,,qarn,قَرْن,qarn,קֶרֶן,kéren,horn,"horn, bugle (Any of several musical wind instruments.)",2
qrr,,قرر,קור/קרה/קרר,adj,n,muqirr,مُقِرّ,muqirr,מְקוֹרִי,m'kori,"confessing, acknowledging",original,1
qrr,,قرر,קור/קרה/קרר,adj/noun,n,qarr,قَرّ,qarr,קֹר,kór,"coldness, cold","cold, coldness",6
qrr,,قرر,קור/קרה/קרר,adj/noun,n,qarr,قَرّ,qarr,קַר,qar,"cool, cold, chilly",cold,2
qrr,,قرر,קור/קרה/קרר,adj/noun,n+fem,qarra,قَارَّة,qārra,קָרָה,qará,feminine singular of قَارّ (qārr),feminine singular indefinite form of קַר (qár): cold.,0
qrr,,قرر,קור/קרה/קרר,adj,n,qarrir,قَارّ,qārr,קָרִיר,karír,cold,"cool, cold in a pleasant way",1
qrr,,قرر,קור/קרה/קרר,adj,qatiːl,qarīr,قَرِير,qarīr,קָרִיר,karír,"cool, fresh","cool, cold in a pleasant way",1
qry,,قرر/قرو/قري,,noun,qatl+fem,qarya,قَرْيَة,qarya,קִרְיָה,kiryá,an urban area or community (such as a town or a city),"city, town",1
qrʔ,,,קרא,verb,G,qaraʔ,قَرَأَ,qaraʔa,קָרָא,kará,to read,to read,0
qrʔ,,,קרא,name,,qurʔan,الْقُرْآن,al-qurʔān,קֻרְאָן,kur'án,the Qur’an,Qur'an,0
qrḥ,,,,name,,qarax,قُورَح,qūraḥ,קֹרַח,kórakh,Korah (biblical character),Korah,0
qt,,,,noun,,qat,قَات,qāt,גָּת,gat,khat (Catha edulis),khat (Catha edulis),1
qtl,,,,verb,G,qatal,قَتَلَ,qatala,קָטַל,katál,"to kill, to slay, to murder","to kill, slay",1
qt͡sṣ,,,,verb,G,qaṣṣats,قَصَّ,qaṣṣa,קָצַץ,katsáts,to cut,"to chop, to dice",2
qwkl,,قول/قيل,קול/רום,noun,n,rmaqal,مَقَال,maqāl,רַמְקוֹל,ramkol,"speech, utterance; words","speaker, loudspeaker",2
qwl,,قول,קול,adj/noun,n,maqulan,مَقُولَة,maqūla,קוֹלָן,kolán,proverb,speaker,0
qwm,,قوم,קום,verb,G,qawama,قَامَ,qāma,קָם,qɔm,to stand up (to rise from lying or sitting position); to get up,"to rise, stand up",1
qwm,,قوم,קום,verb,Š,šaqawama,أَقَامَ,ʔaqāma,הֵקִים,hekím,"to set up, to erect","To erect, establish.",4
qwm,,قوم,קום,noun,n,maqam,مَقَام,maqām,מָקוֹם,makóm,"place, spot","place (location or position), place, locality, spot",1
qwm,,قوم,קום,adj/noun,n+nisba,mqawmi,قَوْمِيّ,qawmiyy,מְקוֹמִי,m'komí,national,"Local: of, from, or in a given place.",0
qwm,,قوم,קום,adj/noun,n,mustaqim,مُسْتَقِيم,mustaqīm,מְקוֹמִי,m'komí,"even, regular","Local: of, from, or in a given place.",0
qwm,,قوم,קום,adj,n,qāwim,قَائِم,qāʔim,מְקוֹמִי,m'komí,"vertical, erect, upright","Local: of, from, or in a given place.",0
qws,,,,noun,qatl,qaws,قَوْس,qaws,קֶשֶׁת,késhet,"bow, arch, vault",arch,1
qym,,,,adj,,kayam,قَيُّوم,qayyūm,קַיָּם,kayám,"enduring, most real and lasting, established, certain to exist (said of God)",enduring,1
qyn,,,,name,,kayin,قَايِين,qāyīn,קַיִן,káyin,Cain (biblical son of Adam),Cain (the son of Adam and Eve who killed his brother Abel),0
qytṯ̣,,,,noun,,qayṣ,قَيْظ,qayẓ,קַיִץ,káyits,midsummer,summer,0
qyʔ,,قيء,קיא,noun,n,qayʔi,قَيْء,qayʔ,הֵקִיא,hekí,vomitus,to vomit,0
qyʔ,,قيء,קיא,noun,n,quyaʔ,قُيَاء,quyāʔ,הֵקִיא,hekí,vomit,to vomit,0
qš,,,קשׁשׁ,noun,n,qašš,قَشّ,qašš,קַשׁ,kash,"stubble, straw",straw,0
qḍy,,قضي,קצה,noun,n,qaṣiyy,قَضِيَّة,qaḍiyya,קָצִין,katsín,"order, command",commissioned officer,0
qḍy,,قضي,קצה,adj/noun,n,qāṣiy,قَاضٍ,qāḍin,קִיצוֹנִי,kitsoní,"fatal, lethal, deadly","Extreme: far, intense, abnormal.",0
qṣb,,قصب,,noun,qattaːl,qaṣṣāb,قَصَّاب,qaṣṣāb,קַצָּב,katsáv,"butcher, slaughterer",butcher,1
qṣr,,قصر,קצר,verb,D,qaṣṣara,قَصَّرَ,qaṣṣara,קִצֵּר,kitsér,to shorten; to abbreviate,"To shorten (something), to make (something) shorter.",4
qṣr,,قصر,קצר,adv,n,bqaṣurama,قَصُرَمَا,qaṣuramā,בְּקִצּוּר,b'kitsúr,seldomly,"briefly, in short, in brief",0
qṣr,,قصر,קצר,adj,n,qaṣir,قَصِير,qaṣīr,קָצָר,katsár,short,"short, having a short length or duration",6
qṣr,,قصر,קצר,adj,n,ʔaqṣar,أَقْصَر,ʔaqṣar,קָצָר,katsár,"elative degree of قَصِير (qaṣīr):, shorter; shortest","short, having a short length or duration",0
qṣw,,قصو,קצה,adj,n+nisba,qaṣani,قَصِيّ,qaṣiyy,קִיצוֹנִי,kitsoní,"far, remote","Extreme: far, intense, abnormal.",1
qṭb,,قطب,קטב,noun,,qaṭb,قَطْب,qaṭb,קֹטֶב,kótev,puncture-vine (Tribulus spp.),puncture-vine (Tribulus spp.),1
qṭb,,قطب,קטב,noun,,qaṭb,قُطْب,quṭb,קֹטֶב,kótev,pole,pole,1
qṭf,,,קטף,verb,G,qaṭafa,قَطَفَ,qaṭafa,קָטַף,katáf,"to pluck, to pick, to reap","to pick; to pluck (flowers, fruit, etc.)",0
qṭl,,,חתל,noun,n,qiṭṭul,قِطّ,qiṭṭ,חָתוּל,khatúl,"cat, tomcat",cat,0
qṭn,,,כתן,noun,,quṭn,قُطْن,quṭn,כֻּתְנָה,kutná,cotton,cotton,0
qṭp,,قطف,קטף,noun,,qaṭipa,قَطِيفَة,qaṭīfa,קְטִיפָה,k'tifá,"satin, velvet",velvet,0
qṭr,,قطر,,noun,n,qiṭar,قِطَار,qiṭār,קַטָּר,katár,train,A locomotive (The power unit of a train),4
qṭr,,قطر,,noun,,quṭr,قُطْر,quṭr,קֹטֶר,kóter,diameter,diameter,0
rb,,,,adj/adv,,rabb,رُبَّ,rubba,רַב,ráv,many,"Many, much.",2
rbb,,ربب,,verb,G,rabb,رَبَّ,rabba,רַב,ráv,"to grow, to increase, to become greater","To multiply, to become many.",5
rbw,,ربو,רבב,noun,,murabba,مُرَبَّى,murabbā,רִבָּה,ribá,"jam, preserved fruit",jam (sweet mixture of fruit boiled with sugar),0
rbw,,ربو,רבב,adj,n,murabbani,مُرَبًّى,murabban,רבני,rabani,"raised, brought up","rabbinic, rabbinical",0
rbw,,ربو,רבב,adj/noun,n,murabbini,مُرَبِّيَة,murabbiya,רבני,rabani,feminine singular of مُرَبٍّ (murabbin),"rabbinic, rabbinical",0
rbw,,ربو,רבב,adj,n,mutarabbini,مُتَرَبٍّ,mutarabbin,רבני,rabani,well-bred,"rabbinic, rabbinical",0
rbw,,ربو,רבב,noun,n,ribat,رِبًا,riban,רִבִּית,ribít,interest,interest (price of credit),0
rbʕ,,ربع/عشر,רבע,adj/noun,n,murabbaʕ,مُرَبَّع,murabbaʕ,מְרֻבָּע,m'rubá',"tetragonal, quadrangular",quadrilateral (having four sides),1
rbʕ,,ربع/عشر,רבע,adj/noun,n,murabbuaʕ,مُرَبَّع,murabbaʕ,רִבּוּעַ,ribúa',"square, quadrangular piece",a square (polygon with four sides),3
rbʕ,,ربع/عشر,רבע,adj,n,rabiʕ,رَابِع,rābiʕ,רְבִיעִי,r'vi'í,fourth,fourth,1
rbʕ,,ربع/عشر,רבע,adj,G,rabiʕaʕašara,رَابِعَ عَشَرَ,rābiʕa ʕašara,רְבִיעִי,r'vi'í,fourteenth,fourth,2
rbʕ,,ربع/عشر,רבע,adj/noun,n,rubaʔiʕ,رُبَاعِيّ,rubāʕiyy,רְבִיעִיָּה,r'vi'iyá,quartet,four of a kind,2
rbʕ,,ربع/عشر,רבע,noun,n,rubaʕ,رُبَاع,rubāʕ,רֶבַע,réva,"four at a time, in a group of four, in fours","quarter, one fourth",1
rbʕ,,ربع/عشر,רבע,adj/noun,n+nisba,rubaʕi,رُبَاعِيّ,rubāʕiyy,רְבִיעִי,r'vi'í,"consisting of four, quadripartite, fourfold, quadruple",fourth,1
rbʕ,,ربع/عشر,רבע,noun,n,rubuʕ,رُبُع,rubuʕ,רֶבַע,réva,"one fourth, one quarter","quarter, one fourth",5
rbʕ,,ربع/عشر,רבע,num,,ʔarbaʕ,أَرْبَعَة,ʔarbaʕa,אַרְבָּעָה,arba'á,four,four,1
rbʕ,,ربع/عشر,רבע,num,G,ʔarbaʕataʕašara,أَرْبَعَةَ عَشَرَ,ʔarbaʕata ʕašara,אַרְבָּעָה,arba'á,fourteen,four,1
rdf,,ردف,,verb,G,radafa,رَدَفَ,radafa,רָדַף,radáf,to follow,to follow after,0
rgl,,,רגל,noun,,rigl,رِجْل,rijl,רֶגֶל,régel,"an extremity; a limb, a leg","foot, leg",0
rjm,,,,verb,G,rajama,رَجَمَ,rajama,רָגַם,ragám,"to stone, to lapidate, to throw stones at",to stone to death,0
rjm,,,,noun,n,rajam,رَجْم,rajm,רָגַם,ragám,"stoning, lapidation",to stone to death,0
rkb,,ركب,,verb,G,rakiba,رَكِبَ,rakiba,רָכַב,rakháv,to ride,to ride (a horse or the like),1
rkb,,ركب,,noun,n+fem,markaba,مَرْكَبَة,markaba,מֶרְכָּבָה,merkavá,"vehicle, carriage","carriage, hansom, chariot",0
rkz,,ركز,,noun,,markaz,مَرْكَز,markaz,מֶרְכָּז,merkáz,"center, midst","center, centre",1
rkʕ,,,כרע,verb,G,rakaʕa,رَكَعَ,rakaʕa,כָּרַע,karáʿ,"to bow, to kneel, to kowtow",to kneel,0
rkḍ,,ركض,רוץ,verb,G,rakaṣa,رَكَضَ,rakaḍa,רָץ,rats,"to race, to rush, to run","To run; to go fast, to visit quickly.",1
rmlˤh,,,,name,,ram allah,رَامَ اللّٰه,rāma llāh,רמאללה,ramálla,"Ramallah (a city in the West Bank, Palestine)","Ramallah (a city in the West Bank, Palestine)",0
rmn,,,רמם,noun,qattaːl,rammān,رُمَّان,rummān,רִמּוֹן,rimón,pomegranate,"pomegranate (the fruit of the Punica granatum, about the size of an orange with a thick, hard, reddish skin enclosing many seeds, each with an edible pink or red pulp tasting both sweet and tart)",0
rmz,,,רמז,verb,G,ramaza,رَمَزَ,ramaza,רָמַז,ramáz,"to make a sign, to point","to wink, beckon, make signs",0
rmz,,,רמז,noun,qatl,ramz,رَمْز,ramz,רֶמֶז,rémez,"symbol, emblem","sign, implication, allusion",1
rmś,,,,noun,n,rims,رِمْش,rimš,רִיס,ris,eyelash,eyelash,0
rmḥ,,,רמח,noun,n,rumax,رُمْح,rumḥ,רֹמַח,rómakh,spear,spear,0
rnd,,,נרד,noun,n,rand,رَنْد,rand,נֵרְדְּ,nerd,laurel (Laurus nobilis),lavender,0
rqq,,,רכך,adj,n,raqiq,رَقِيق,raqīq,רַךְ,rakh,"soft, sensitive, sentimental",soft,0
rqʕ,,رقع,רקע,adj/noun,,rakiaʕ,رَقِيع,raqīʕ,רָקִיעַ,rakía',"the firmament, the first heaven",Firmament: a surface separating the various levels of heaven.,0
rqṣ,,رقص,,verb,G,raqaṣa,رَقَصَ,raqaṣa,רָקַד .,raqád,to dance,"dance, skip",0
rsm,,,,verb,G,rasama,رَسَمَ,rasama,רָשַׁם,rashám,"to record, to enter, to mark, to indicate","To inscribe, to write down, to note, to make a note.",1
rsmy,,,,adj/noun,,rasmiyy,رَسْمِيّ,rasmiyy,רִשְׁמִי,rishmí,formal,formal,0
rwq,,روق,רקק,noun,n,riq,رِيق,rīq,רֹק,roq,"saliva, spittle",saliva,1
rwʕ,,روع,,noun,n,raʕin,رَاعٍ,rāʕin,רֹעֶה,ro'é,shepherd,shepherd,0
rwḥ,,روح,רוח,adj,n,muriax,مُرِيح,murīḥ,רוֹוֵחַ,rovéakh,comfortable (of a thing),"common, widespread, popular, prevailing, prevalent",1
rwḥ,,روح,רוח,adj,n,muritax,مُرْتَاح,murtāḥ,רוֹוֵחַ,rovéakh,comfortable (of a person),"common, widespread, popular, prevailing, prevalent",1
rwḥ,,روح,רוח,noun,n,riax,رِيح,rīḥ,רוּחַ,rúakh,wind,breath,0
rwḥ,,روح,רוח,noun,n+fem,riwaxa,رَاحَة,rāḥa,רְוָחָה,revakhá,"comfort, ease",relief,2
rwḥ,,روح,רוח,noun,,rux,رُوح,rūḥ,רוּחַ,rúakh,"breath, movement of air",breath,2
rwḥ,,روح,רוח,adj/noun,n+nisba,ruxani,رُوحَانِيّ,rūḥāniyy,רוּחָנִי,rukhaní,"spiritual, immaterial, spiritualistic, incorporeal, ghostly, animistic",spiritual,1
rwḥ,,روح,רוח,adj,n,ʔarawiax,أَرْوَح,ʔarwaḥ,רוֹוֵחַ,rovéakh,more calming; most calming,"common, widespread, popular, prevailing, prevalent",1
rym,,ريم,רום,noun,n,raym,رَيْم,raym,רָמָה,ramá,"height, peak",height,3
ryḥn,,,,noun,,rayxan,رَيْحَان,rayḥān,רֵיחָן,rēḥán,basil (Ocimum gen. et spp.),basil (a plant (Ocimum basilicum)),0
rɣb,,,רעב,verb,G,ragiba,رَغُبَ,raḡuba,רָעַב,ra'áv,"to be greedy, to be gluttonous","to hunger, to be malnourished",0
rʔ,,,ראה,verb,G,raʔa,رَأَى,raʔā,רָאָה,ra'á,to see (to perceive with the eyes),"To see, to have vision; figuratively, to perceive.",3
rʔ,,,ראה,noun,n+fem,riʔa,رِئَة,riʔa,רֵאָה,re'á,lung,lung,0
rʔs,,رءس,ראשׁ,adj/noun,n,raʔis,رَئِيس,raʔīs,רִאשׁוֹנִי,rishoní,"main, chief, leading","Initial, primary, first, starting.",1
rʔs,,رءس,ראשׁ,adj/noun,n,raʔis,رَئِيس,raʔīs,רָאשׁוּת,rashút,chairman,leadership; presidency; chairmanship,1
rʔs,,رءس,ראשׁ,noun,,raʔš,رَأْس,raʔs,רֹאשׁ,rosh,head,head,7
rʔssn,,,,name,,raš hašana,رَأْس السَّنَة,raʔs as-sana,רֹאשׁ הַשָּׁנָה,rosh-hashaná,"Rosh Hashanah, Jewish New Year","Rosh Hashanah (the Jewish holiday marking the start of the liturgical year, taking place on the first two days of Tishrei, 163 days after the first day of Passover)",0
rʕš,,رعش,רעשׁ,noun,qatl,raʕš,رَعْشَة,raʕša,רַעַשׁ,rá'ash,tremor,earthquake,1
rḍw,,رضو/رضي,רוץ/רצה,verb,G,raṣawa,رَضِيَ,raḍiya,רָצָה,ratsá,to desire,To want.,3
rḍw,,رضو/رضي,רוץ/רצה,name,n,murataṣa,مُرْتَضَى,murtaḍā,רָצוֹן,ratzón,a male given name,a male given name,0
rḍw,,رضو/رضي,רוץ/רצה,adj,n,raṣin,رَاضٍ,rāḍin,רָצוּי,ratsúy,"satisfying, pleasant, comfortable","Desired, desirable, wanted.",1
rḍw,,رضو/رضي,רוץ/רצה,noun,n,riṣan,رِضًا,riḍan,רִצָּה,ritsá,"contentedness, satisfaction, fulfillment, being well pleased","to satisfy, to please, to placate",0
rḍw,,رضو/رضي,רוץ/רצה,name,n,riṣan,رِضَا,riḍā,רָצוֹן,ratzón,a male given name,a male given name,0
rḍw,,رضو/رضي,רוץ/רצה,noun,n,riṣwan,رِضْوَان,riḍwān,רָץ,rats,blessing,bishop,0
rḥb,,,רחב,adj,qatl,raxb,رَحْب,raḥb,רָחָב,rakháv,"wide, spacious, roomy",wide (broad from side to side),1
rḥl,,,רחל,name,,raxil,رَاحِيل,rāḥīl,רָחֵל,rakhél,"a female given name, equivalent to English Rachel","a female given name, equivalent to English Rachel",0
rḥm,,رحم,רחם,verb,G,raxima,رَحِمَ,raḥima,רָחַם,rakhám,to be merciful,to have compassion,4
rḥm,,رحم,רחם,name,n+def,hal raxaman,اَلرَّحْمٰن,ar-raḥmān,הָרַחֲמָן,haraḥaman,"God, the Most Merciful (one of the 99 Names of Allah)","Epithet for God, often translated as the Merciful One",0
rḥm,,رحم,רחם,noun,n,raxim,رَحِم,raḥim,רֶחֶם,rékhem,"uterus, womb","womb, uterus",2
rḥm,,رحم,רחם,adj,n,raxim,رَحِيم,raḥīm,רַחוּם,rakhúm,merciful,"merciful, compassionate",0
rḥm,,رحم,רחם,adj,n,raxman,رَحْمٰن,raḥmān,רַחוּם,rakhúm,"merciful, compassionate (said of God)","merciful, compassionate",0
rḥm,,رحم,רחם,noun,n,raxmanut,رَحْمَة,raḥma,רַחְמָנוּת,rakhmanút,"mercy, compassion, commiseration","mercy, mercifulness",2
rḥm,,رحم,רחם,noun,qutl,ruxm,رُحْم,ruḥm,רַחֲמִים,rakhamím,"mercy, commiseration",mercy,1
rḥm,,رحم,רחם,adj,n,ʔarxam,أَرْحَم,ʔarḥam,רַחוּם,rakhúm,elative degree of رَحِيم (raḥīm),"merciful, compassionate",0
rḥḍ,,رحض,רחץ,verb,G,raxaṣa,رَحَضَ,raḥaḍa,רָחַץ,rakháts,"to wash, to clean","To wash, to clean by washing, as an object or a body part.",1
rṭb,,,,adj,n,raṭab,رَطْب,raṭb,רָטֹב,ratóv,"humid, moist","wet (of an object: covered with or impregnated with liquid), moist, sapful (sap of plants)",1
sbb,,,,noun,n,sabab,سَبَب,sabab,סִבָּה,sibá,"cause, grounds, aetiological reason",cause (source or reason of an event or action),0
sbl,,سبل,שׁבל,noun,n,sabil,سَبِيل,sabīl,שְׁבִיל,sh'víl,"way, path, road","A trail, a path.",0
sbl,,سبل,שׁבל,noun,,šunbulat,سُنْبُل,sunbul,שִׁבֹּלֶת,shibólet,"ear, spike (of a crop)","an ear of wheat, a spike",0
sbt,,سبت,שׁבת,noun,,šabat,السَّبْت,as-sabt,שַׁבָּת,shabát,the Sabbath,Saturday,1
sby,,سبي,שׁבה,verb,G,sabaya,سَبَى,sabā,שָׁבָה,shavá,"to captivate, to captive",to capture (took captive).,6
sby,,سبي,שׁבה,noun,n,sabiyy,سَبِيّ,sabiyy,שֶׁבִי,shévi,captive,"captivity, a state of being captured",0
sby,,سبي,שׁבה,noun,n,sabyi,سَبْي,saby,שֶׁבִי,shévi,captivity,"captivity, a state of being captured",0
sbʕ,,سبع/عشر,שׁבע/שׂבע,adj,n,sabiʕ,سَابِع,sābiʕ,שְׁבִיעִי,sh'vi'í,seventh,seventh,1
sbʕ,,سبع/عشر,שׁבע/שׂבע,adj,G,sabiʕaʕašara,سَابِعَ عَشَرَ,sābiʕa ʕašara,שְׁבִיעִי,sh'vi'í,seventeenth,seventh,2
sbʕ,,سبع/عشر,שׁבע/שׂבע,num,n,sabʕa,سَبْع,sabʕ,שֶׁבַע,shéva',"masculine of سَبْعَة (sabʕa, “seven”)","feminine of שִׁבְעָה (shiv'á, “seven”)",0
sbʕ,,سبع/عشر,שׁבע/שׂבע,num,G,sabʕataʕašara,سَبْعَةَ عَشَرَ,sabʕata ʕašara,שִׁבְעָה,shiv'á,seventeen,seven,0
sbʕ,,سبع/عشر,שׁבע/שׂבע,num,,šabʕ,سَبْعَة,sabʕa,שִׁבְעָה,shiv'á,seven,seven,2
sbʕ,,سبع/عشر,שׁבע/שׂבע,noun,n,ʔusabuaʕ,أُسْبُوع,ʔusbūʕ,שָׁבוּעַ,shavúa',week (unit of time),"week, period of seven days",1
sbḥ,,سبح,שׁבח,verb,D,sabbiaxa,سَبَّحَ,sabbaḥa,שִׁבֵּחַ,shibéakh,"to praise, to glorify","to praise (a person, an organization, an action, etc.)",1
sbḥ,,سبح,שׁבח,noun,qatl,sabx,سَبْح,sabḥ,שֶׁבַח,shévakh,"praise, laudation",praise,1
sbḥ,,سبح,שׁבח,noun,n,subaxan,سُبْحَان,subḥān,שֶׁבַח,shévakh,praise,praise,1
sbṭ,,,שׁבט,noun,,šabṭ,سِبْط,sibṭ,שֵׁבֶט,shévet,tribe of the Israelites,tribe,0
sds,,سدس/عشر,עשׂר,adj,G,sadisaʕasara,سَادِسَ عَشَرَ,sādisa ʕašara,עֲשִׂירִי,asirí,sixteenth,tenth,0
sfn,,سفن,ספן,noun,n+fem,sifana,سِفَانَة,sifāna,סְפִינָה,sfiná,"shipbuilding, boatwright’s art","ship, boat",0
sfr,,,,verb,G,šiprum,سَفَرَ,safara,סוֹפֵר,sofér,"to copy, to scribe, to write","Writer, author, scribe.",7
sfr,,,,noun,,šiprum,سَافِر,sāfir,סֵפֶר,séfer,writer,a writing,7
sfr,,,,noun,,šiprum,سِفْر,sifr,סֵפֶר,séfer,written book,book,7
sgd,,سجد,סגד,noun,,masjid,مَسْجِد,masjid,מִסְגָּד,misgád,mosque,mosque,0
sjd,,سجد,סגד,verb,G,sajada,سَجَدَ,sajada,סָגַד,sagád,"to prostrate oneself, to bow down","to bow down, worship, honor",1
skn,,سكن,שׁכן,verb,G,sakana,سَكَنَ,sakana,שָׁכַן,shakhán,to feel at home,"to be housed, located",1
skn,,سكن,שׁכן,adj/noun,n,masikun,مَسْكُونَة,maskūna,שִׁכּוּן,shikún,the inhabited world,housing,0
skn,,سكن,שׁכן,adj/noun,n,sakin,سَاكِن,sākin,שָׁכֵן,shakhén,unvowelled,neighboring,1
skn,,سكن,שׁכן,adj/noun,n,sakin,سَاكِن,sākin,שִׁכּוּן,shikún,inhabitant,housing,4
skr,,سكر,סכר/שׁכר,verb,G,šikar,سَكِرَ,sakira,שָׁכַר,shakhár,"to be drunk, to be intoxicated",to be or become drunk,5
skr,,سكر,סכר/שׁכר,noun,n,sakar,سَكَر,sakar,שִׁכּוֹר,shikór,intoxicant,drunkard,6
skr,,سكر,סכר/שׁכר,adj/noun,n,sakaran,سَكْرَان,sakrān,שִׁכּוֹר,shikór,"drunk, intoxicated, inebriated","drunk, intoxicated, inebriated",1
skr,,سكر,סכר/שׁכר,adj,n,sakir,سَكِر,sakir,שִׁכּוֹר,shikór,drunk,"drunk, intoxicated, inebriated",5
skr,,سكر,סכר/שׁכר,adj,n,sikkir,سِكِّير,sikkīr,שִׁכּוֹר,shikór,"drunkard, alcoholic","drunk, intoxicated, inebriated",1
skr,,سكر,סכר/שׁכר,noun,,sukkar,سُكَّر,sukkar,סֻכָּר,sukár,sugar,sugar,4
skr,,سكر,סכר/שׁכר,noun,,šikar,سُكْر,sukr,שִׁכֵּר,shikér,"drunkenness, intoxication, inebriety",to inebriate,5
skt,,,,verb,G,sakata,سَكَتَ,sakata,שָׁקַט,shakát,to be silent,"rest, be in peace",0
sl,,,סלל,noun,n,sill,سَلَّة,salla,סַל,sal,basket,basket,0
slbḥ,,,,noun,n,silabax,سِلْبَاح,silbāḥ,צְלוֹפָח,tslofákh,eel,eel,0
sll,,سلل,שׁלל,adj,n,maslul,مَسْلُول,maslūl,שְׁלִילִי,sh'lilí,"drawn, unsheathed","Negative: bad, not good.",0
sll,,سلل,שׁלל,adj/noun,n,salil,سَلِيل,salīl,שְׁלִילִי,sh'lilí,"drawn, unsheathed","Negative: bad, not good.",0
slm,,سلم,סלם,adj/name/noun,,muslim,مُسْلِم,muslim,מֻסְלְמִי,musl'mí,Muslim,"Muslim: of or pertaining to Muslims, or being a Muslim or Muslims.",0
slm,,سلم,סלם,intj/noun,n,salam,سَلَام,salām,שָׁלוֹם,shalóm,peace,peace,0
slm,,سلم,סלם,adj/name,n,salim,سَالِم,sālim,שָׁלוֹם,shalóm,"a male given name, Salem or Salim","a male given name, Shalom",0
slm,,سلم,סלם,adj/noun,n,silam,سِلْم,silm,שָׁלוֹם,shalóm,peace,peace,0
slm,,سلم,סלם,noun,,sullam,سُلَّم,sullam,סֻלָּם,sulám,"ladder, stairs",ladder,1
slmtk,,,,intj,,salamtak,سَلَامْتَك,salāmtak,סלאמתק,salámtak,get well soon,"good job, beautiful",0
slmʕlykm,,,,intj,n n,salamu ʕalaykum,السَّلَامُ عَلَيْكُمْ,as-salāmu ʕalaykum,שָׁלוֹם עֲלֵיכֶם,shalóm alekhém,"peace be upon you; good day; hello; hail, salaam alaikum, assalamu alaikum","shalom aleichem (A greeting said on meeting someone, especially when the two people meeting have not met in some time.)",0
slq,,,סלק,noun,qitl,silq,سِلْق,silq,סֶלֶק,sélek,chard (Beta vulgaris subsp. vulgaris),"beet (Beta vulgaris, a plant with a swollen root which is eaten or used to make sugar)",2
slslt,,,,noun,n,silsilit,سِلْسِلَة,silsila,שַׁרְשֶׁרֶת,sharshéret,chain,A chain.,0
slw,,سلو,,name/noun,n,salwa,سَلْوَى,salwā,שְׂלָו,slav,quails,quail,1
slḥfh,,,,noun,,sulaxpah,سُلَحْفَاة,sulaḥfāh,שַׁלְחוּפָה,shalkhufá,turtle,"turtle, tortoise",0
slṭ,,سلط,שׁלט,verb,tD,tasallaṭa,تَسَلَّطَ,tasallaṭa,הִשְׁתַּלֵּט,hishtalét,to overpower,to be overbearing,1
slṭ,,سلط,שׁלט,adj/noun,n+nisba,lasulṭawi,لَاسُلْطَوِيّ,lā-sulṭawiyy,שִׁלְטוֹנִי,shiltoní,anarchistic,governmental,1
slṭ,,سلط,שׁלט,adj/noun,qatiːl,salīṭ,سَلِيط,salīṭ,שַׁלִּיט,shalít,"fierce, bold, cheeky, sharp","ruling, governing",1
slṭ,,سلط,שׁלט,noun,,sulṭan,سُلْطَان,sulṭān,סוּלְטָן,sultán,sultan,a sultan,5
slṭ,,سلط,שׁלט,noun,n,sulṭan,سُلْطَة,sulṭa,שִׁלְטוֹן,shiltón,authority,"government, authority",2
slṭ,,سلط,שׁלט,adj/noun,n,sulṭaw,سُلْطَوِيّ,sulṭawiyy,שִׁלְטוֹן,shiltón,authoritarianist,"government, authority",2
slṭ,,سلط,שׁלט,adj/noun,n+nisba,sulṭawi,سُلْطَوِيّ,sulṭawiyy,שִׁלְטוֹנִי,shiltoní,authoritarian,governmental,1
slṭ,,سلط,שׁלט,noun,n,sulṭawiyy,سُلْطَوِيَّة,sulṭawiyya,שִׁלְטוֹן,shiltón,authoritarianism,"government, authority",2
sm,,,סמם,name/noun,n,sam,سَام,sām,שֵׁם,shem,Shem,Shem,0
sm,,,סמם,noun,n,samm,سَمّ,samm,סַם,sam,"poison, toxin",poison,0
smn,,سمن,שׁמן,verb,G,šamn,سَمِنَ,samina,שָׁמַן,shamán,to become fat,To be fat.,4
smn,,سمن,שׁמן,verb,Š,šasmana,أَسْمَنَ,ʔasmana,הִשְׁמִין,hishmín,"to cause a thing to be nourished, to feed or to fatten up, to make plump","to gain weight, to get fat",0
smn,,سمن,שׁמן,adj,n,samin,سَمِين,samīn,שָׁמֵן,shamén,"fat, corpulent","fat, chubby",4
smr,,سمر,שׁמר,name,n,samaran,سَمَر,samar,שׁוֹמְרוֹן,šōmərōn,"a female given name, Samar",Samaria,7
smr,,سمر,שׁמר,adj/name,n,samiran,سَمِير,samīr,שׁוֹמְרוֹן,šōmərōn,"a male given name, Samir or Sameer",Samaria,0
smsm,,,שׁמשׁם,name/noun,n,simsim,سِمْسِم,simsim,שֻׁמְשֹׁם,shumshóm,sesame (plant or seed),sesame,0
smw,,سمو/وسم,,noun,,šim,اِسْم,ism,שֵׁם,shem,name,a name,2
smwʔl,,,,name,,šmuil,سَمَوْأَل,samawʔal,שְׁמוּאֵל,šəmūʾḗl,"a male given name, equivalent to English Samuel","a male given name, equivalent to English Samuel",0
smʔm,,,,noun,,šamay,سَمَاء,samāʔ,שמיים,shamáyim,"the sky/skies; the heaven(s) (figurative, simile), space, the sphere(s), the cosmos(es), the lift(s).","sky, skies, heavens, heaven",0
smʕ,,سمع,,verb,G,šamaʕ,سَمِعَ,samiʕa,שָׁמַע,shamá,to hear,to hear,3
smʕ,,سمع,,name,,šimʔan,سِمْعَان,simʕān,שִׁמְעוֹן,shim'ón,"a male given name from Hebrew, equivalent to English Simon","a male given name, Shimon, equivalent to English Simon",0
snh,,,שׁנה,noun,,šanat,سَنَة,sana,שָׁנָה,shaná,year,year (the time it takes for the Earth to complete one revolution around the Sun),0
snjr,,,,name,n,sinjar,سِنْجَار,sinjār,שִׁנְעָר,shin'ár,"Singar (a city in Nineveh Province, Iraq)","Shinar, a place in Babylonia",0
snn,,,שׁנן,verb,G,sannan,سَنَّ,sanna,שָׁנַן,shanán,"to sharpen, to whet, to hone, to grind","to be sharp, to sharpen, whet",0
snn,,,שׁנן,noun,,šinn,سِنّ,sinn,שֵׁן,shen,"tooth, tusk, fang",tooth,0
snnt,,,,noun,n,sununut,سُنُونُو,sunūnū,סְנוּנִית,snunít,swallow,"swallow, martin",0
sny,,,,adj,,sunniyy,سُنِّيّ,sunniyy,סוּנִי,suni,Sunni,Sunni,0
snṭ,,,שׁיט/שׁנט,noun,n,sanṭ,سَنْط,sanṭ,שִׁטָּה,shitá,"Acacia spp. or Vachellia spp., especially Vachellia nilotica",a tree of the genus Acacia,0
spd,,,שׁפד,noun,n,saffud,سَفُّود,saffūd,שִׁפּוּד,shipúd,"spit, brochette, skewer",skewer,0
spn,,سفن,ספן,noun,,sapinta,سَفِينَة,safīna,סְפִינָה,sfiná,"ship, vessel","ship, boat",3
spn,,سفن,ספן,noun,qattaːl,sappān,سَفَّان,saffān,סַפָּן,sapán,"shipbuilder, boatwright",sailor,1
sqy,,سقي/سوق,,noun,n,saq,سَاق,sāq,שׁוֹק,shok,shank,shin,3
srr,,سرر,סור/סרר,verb,G,sarara,سَرَّ,sarra,סָר,sar,to pass,to depart,0
sry,,سري/سير,סור/סרר,verb,G,saraya,سَارَ,sāra,סָר,sar,"to cause to depart, cause to travel",to depart,1
srṭn,,,סרטן,noun,n,saraṭan,سَرَطَان,saraṭān,סַרְטָן,sartán,"cancer, carcinoma",cancer (a disease in which the cells of a tissue undergo uncontrolled (and often rapid) proliferation),1
sth,,,שׁשׁה,num,,šids,سِتَّة,sitta,שִׁישָּׁה,shishá,six,six,1
str,,ستر,,noun,qutl,sutr,سُتْرَة,sutra,סֵתֶר,séter,"anything by which a person is covered, concealed or protected or sheltered","hideaway, hiding place",1
swq,,سوق,שׁוק,noun,,suqum,سُوق,sūq,שׁוּק,shuk,market,market in the broad sense of the word,2
swq,,سوق,שׁוק,noun,n,taswiq,تَسْوِيق,taswīq,שִׁוּוּק,shivúk,marketing,marketing,1
swqm,,,,noun,,šiqma,سَوْقَم,sawqam,שִׁקְמָה,šiqmā́,"fig-mulberry, sycomore (Ficus sycomorus)","sycamore fig, a tree of the species Ficus sycomorus",0
syf,,سيف,,noun,n,sayif,سَيْف,sayf,סַיִף,sáyif,"sword, sabre, foil, rapier, scimitar","foil, fencing sword",0
syg,,,,noun,,siyaga,سِيَاج,siyāj,סְיָג,sə'yág,fence,"restriction, a protective condition, fence, safeguard",0
syr,,سير,סור/שׁיר,noun,n+fem,masira,مَسِيرَة,masīra,הֲסָרָה,hasara,departure,removal,1
syr,,سير,סור/שׁיר,name,,sara,سَارَة,sāra,שָׂרָה,sará,"Sarah, wife of Abraham and mother of Isaac",Sarah (the wife of Abraham and mother of Isaac in the Bible),4
sʔl,,سءل/سيل,שׁאל,verb,G,saʔala,سَأَلَ,saʔala,שָׁאַל,sha'ál,"to ask, inquire","to ask (a question), to query",4
sʔl,,سءل/سيل,שׁאל,adj/noun,n,masaʔul,مَسْؤُول,masʔūl,שָׁאוּל,sha'úl,"responsible, in charge, accountable",borrowed,0
sʔl,,سءل/سيل,שׁאל,noun,maqtal+fem,masʔala,مَسْأَلَة,masʔala,מִשְׁאָלָה,mish'alá,"request, begging","wish, desire, request",3
sʔl,,سءل/سيل,שׁאל,noun,n,saʔil,سَائِل,sāʔil,שָׁאַל,sha'ál,"questioner, petitioner, asker","to ask (a question), to query",1
sʔl,,سءل/سيل,שׁאל,adj,qattaːl,saʔʔāl,سَآّل,saʔʔāl,שָׁאוּל,sha'úl,excessively demanding or asking for things,borrowed,0
sʔl,,سءل/سيل,שׁאל,noun,n,suʔal,سُؤَال,suʔāl,שְׁאֵלָה,sh'elá,question,question,4
sʕ,,,,noun,,šaʕta,سَاعَة,sāʕa,שָׁעָה,sha'á,hour (unit of time),hour (a unit of time of one twenty-fourth of a day (sixty minutes)),0
sʕr,,سعر,סער/שׁער/שׂער,name/noun,n,saʕir,سَعِير,saʕīr,סַעַר,sá'ar,hell,gale,1
sʕr,,سعر,סער/שׁער/שׂער,noun,qitl,siʕr,سِعْر,siʕr,שַׁעַר,shá'ar,price,market value,2
sʕr,,سعر,סער/שׁער/שׂער,noun,n,suʕar,سُعَار,suʕār,סְעָרָה,se'ará,fervency; rage,outrage,0
sḥft,,,,noun,n,suxafit,سُحَاف,suḥāf,שַׁחֶפֶת,shaḥéfet,"tuberculosis, consumption, phthisis","tuberculosis, consumption",0
sḥr,,,,noun,,šaxar,سَحَر,saḥar,שַׁחַר,shákhar,dawn,dawn (time),2
sṭḥ,,سطح,,noun,qatl,saṭx,سَطْح,saṭḥ,שֶׁטַח,shétakh,surface,surface,1
t,,,,suffix,n,ʔat,ـَات,-āt,־וֹת,-ót,Suffix used to pluralize non-human nouns.,The feminine plural ending for adjectives (regardless of state).,0
tdmr,,,תמר,noun,n,tadmur,تَدْمُر,tadmur,תַּדְמוֹר,Tadmór,"Palmyra, an ancient city in the Syrian Desert, in present-day central Syria, recorded historically from around 2000 BCE.","Palmyra, a city in central Syria, probably the location of the biblical Tadmor.",0
tll,,,תלל,noun,,tall,تَلّ,tall,תֵּל,tél,"heap of sand, hillock, mound, knob","heap, pile",1
tlmḏ,,تلمذ,,noun,,talmid,تِلْمِيذ,tilmīḏ,תַּלְמִיד,talmíd,"pupil, student, disciple","A (male) student, pupil, disciple.",0
tm,,,,verb,G,tamma,تَمَّ,tamma,תַּם,tám,"to be fulfilled, to be completed","to be finished, completed",4
tmm,,تمم,תמם,adj/noun,n,tamam,تَمَام,tamām,תָּמִים,tamím,"complete, whole, entire, full","complete, full (of a period of time)",0
tmm,,تمم,תמם,adj/noun,n,tamam,تَمَام,tamām,תֹּם,tóm,perfection,"end, completion",0
tmm,,تمم,תמם,adj,n,ʔatamm,أَتَمّ,ʔatamm,תָּמִים,tamím,elative degree of تَامّ (tāmm),"complete, full (of a period of time)",0
tmr,,,,noun,,tamar,تَمْر,tamr,תָּמָר,tamár,date (fruit),"date (the fruit of the date palm, Phoenix dactylifera, somewhat in the shape of an olive, containing a soft, sweet pulp and enclosing a hard kernel)",2
tmsḥ,,,,noun,,timsax,تِمْسَاح,timsāḥ,תִּמְסָח,timsakh,"crocodile, alligator",crocodile,0
tn,,,,noun,,tunn,تُنّ,tunn,טוּנָה,túna,tuna,tuna,1
tnr,,,ניר,noun,,tinurum,تَنُّور,tannūr,תַּנּוּר,tanúr,"oven, furnace, kiln","furnace, kiln",0
tnwn,,,,noun,,tanwin,تَنْوِين,tanwīn,תַּנְוִין,tanwín,nunation,"tanwin, nunation.",0
tnḫ,,,,noun,,tanax,اَلتَّنَاخ,at-tanāḵ,תָּנָ״ךְ,tanákh,"Tanach, Bible","A bible, A Bible.",0
tpḥ,,,נפח/תפח,noun,qattaːl,tappāx,تُفَّاح,tuffāḥ,תַּפּוּחַ,tapúakh,"apple, apples",apple,0
tqn,,,,adj/noun,n,tiqun,تِقن,tiqn,תִּקּוּן,tikún,"improvement, refinement",improvement; repair,3
trgm,,ترجم,תרגם,noun,n,targam,تَرْجَمَة,tarjama,תַּרְגּוּם,targúm,translation,translation (the result of an act of translating),4
trgmn,,,,noun,n,turguman,تُرْجُمَان,turjumān,תֻּרְגְּמָן,turg'mán,translator,translator,0
trḫ,,,ארך,noun,,tarix,تَارِيخ,tārīḵ,תַּאֲרִיךְ,ta'aríkh,"date, time",A calendar date.,1
tsʕ,,تسع/عشر,עשׂר/תשׁע,adj,G,tasiʕaʕašara,تَاسِعَ عَشَرَ,tāsiʕa ʕašara,עֲשִׂירִי,asirí,nineteenth,tenth,0
tsʕ,,تسع/عشر,עשׂר/תשׁע,num,,tišʕ,تِسْعَة,tisʕa,תִּשְׁעָה,tish'á,nine,nine,1
tsʕn,,,,num,n,tisʕun,تِسْعُون,tisʕūn,תִּשְׁעִים,tišʻīm,ninety,ninety,0
twrh,,,ירה,name,,tara,التَّوْرَاة,at-tawrāh,תּוֹרָה,torá,"the Torah, Pentateuch",the Written Torah and Oral Torah; the Tanakh and Talmud,0
tys,,,תישׁ,noun,n,tayis,تَيْس,tays,תַּיִשׁ,táyish,"a male goat; billy goat, he-goat","male goat, he-goat, billy goat",0
tʔn,,,תאן,noun,,tiʔin,تِين,tīn,תְּאֵנָה,te'ená,fig (fruit and tree),"fig (the fruit of the fig tree, pear-shaped and containing many small seeds)",0
tḥt,,تحت,תחת,adv,n,taxatu,تَحْتُ,taḥtu,תַּחַת,tákhat,below,below,1
tḥt,,تحت,תחת,prep,n,taxta,تَحْتَ,taḥta,תַּחַת,tákhat,under,underneath,0
tḥt,,تحت,תחת,adj,n,taxtan,تَحْتَانِيّ,taḥtāniyy,תַּחְתּוֹן,takhtón,"lower, inferior, under-",lower,0
wdd,,ودد,ידד,name/noun,n,waddid,وَدّ,wadd,יָדִיד,yadíd,"love, affection, friendship","darling, beloved",1
wddt,,ودد,ידד,adj,n,wadidut,وَدِيد,wadīd,יְדִידוּתִי,yedidutí,"one who loves, one who has affection","Friendly, amenable; especially in extended senses.",1
wdʕ,,ودع,ידע,adj,n,wadiaʕ,وَدِيع,wadīʕ,יָדוּעַ,yadúa',"mansuetudinous, gentle-hearted","known, famous",1
wld,,ولد,ילד,verb,G,walad,وَلَدَ,walada,יָלַד,yalád,"to bear, to beget","to give birth (""to child""; beget a descendant).",7
wld,,ولد,ילד,name/noun,n,milad,مِيلَاد,mīlād,מוֹלָד,molád,birth,nativity,5
wld,,ولد,ילד,noun,n,tawallud,تَوَلُّد,tawallud,יִלּוֹד,yilód,generation,newborn,2
wld,,ولد,ילד,noun,n,walad,وَلَد,walad,יֶלֶד,yéled,child (“son or daughter of any age”),"An immature adult; kid, child.",5
wld,,ولد,ילד,noun,n,walid,وَالِد,wālid,יִלּוֹד,yilód,parent,newborn,2
wld,,ولد,ילד,adj/noun,qatiːl,walīd,وَلِيد,walīd,יָלִיד,yalíd,"the product of, the result of, occasioned by, engendered by, sprung from",product (of),0
wld,,ولد,ילד,noun,n,wilad,وِلَادَة,wilāda,יִלּוֹד,yilód,birth (process of childbearing),newborn,6
wldt,,ولد,ילד,adj,n,muwalldad,مُوَلَّد,muwallad,יַלְדוּתִי,yaldutí,"born, begotten","juvenile, immature",0
wlˤh,,,,intj,,wa llahi,وَٱللّٰهِ,wal-lāhi,וַאלְלַהּ,wálla,"really?, really!","Wow!, really?, you don't say!, no kidding!",0
wqr,,وقر,יקר,adj,n,waqur,وَقُور,waqūr,יָקָר,yakár,"dignified, staid","dear, precious",0
wrd,,ورد,ורד,noun,,warid,وَرِيد,warīd,וְרִיד,v'rid,vein,vein,0
wrk,,,ירך,noun,n,warik,وَرِك,warik,יָרֵךְ,yarékh,"hip, thigh",thigh,0
wrq,,,,noun,,waraq,وَرَق,waraq,יָרָק,yarák,"foliage, leaves","herb, vegetable",4
wrṯ,,ورث,ירשׁ,verb,G,warisa,وَرِثَ,wariṯa,יָרַשׁ,yarásh,to inherit,to inherit,3
wrṯ,,ورث,ירשׁ,noun,n,mirasa,مِيرَاث,mīrāṯ,מוֹרָשָׁה,morashá,"inheritance, the property conceived by the law of succession","legacy, heritage",3
wrṯ,,ورث,ירשׁ,noun,n,turasa,تُرَاث,turāṯ,תּוֹרָשָׁה,torashá,"inheritance, hereditary estate, bequeathed or ancestral property",heredity,3
wrṯ,,ورث,ירשׁ,adj/noun,n,waris,وَارِث,wāriṯ,יָרַשׁ,yarásh,"heir, inheritor",to inherit,3
wrṯ,,ورث,ירשׁ,noun,n,wirasa,وِرَاثَة,wirāṯa,יְרֻשָּׁה,y'rushá,inheritance,inheritance,3
wrṯ,,ورث,ירשׁ,noun,n,ʔirasa,إِرْث,ʔirṯ,תּוֹרָשָׁה,torashá,inheritance,heredity,3
wsn,,وسن,ישׁן,noun,n+fem,sina,سِنَة,sina,שֵׁנָה,sheiná,slumber; nap,sleep: a state or period of being asleep,0
wtd,,وتد,,noun,n,watad,وَتَد,watad,יָתֵד,yatéd,"wood peg, wedge, picket, stake, brad","stake, peg, rod",0
wtr,,,יתר,noun,n,watar,وَتَر,watar,יֶתֶר,yéter,hypotenuse,hypotenuse,0
wʔm,,وءم,תאם,noun,n,tawʔam,تَوْأَم,tawʔam,תְּאוֹם,te'óm,"one who was born of a multiple birth, i.e. a twin, triplet, quadruplet, etc.","A (male) twin, a twin brother: one of two or more siblings born after a single pregnancy.",0
wʕd,,وعد,יעד,noun,n,miʕad,مِيعَاد,mīʕād,מוֹעֵד,mo'éd,"appointment, date","appointed or agreed-upon time, appointment",0
wʕl,,,יעל,noun,,waʕil,وَعِل,waʕil,יָעֵל,ya'él,"antelope, ibex",ibex,0
wḥd,,وحد,אחד/חדד,verb,tD,tawaxxada,تَوَحَّدَ,tawaḥḥada,הִתְאַחֵד,hit'akhéd,"to be unified, to be reduced to one",To unite: to come together as one.,3
wḥd,,وحد,אחד/חדד,adj/noun,n,mutawaxxid,مُتَوَحِّد,mutawaḥḥid,מְאֻחָד,m'ukhád,unique,"united, unified",2
wḥd,,وحد,אחד/חדד,adj,n,muttaxid,مُتَّحِد,muttaḥid,מְאֻחָד,m'ukhád,united,"united, unified",2
wḥd,,وحد,אחד/חדד,noun,n,tawxid,تَوْحِيد,tawḥīd,אֻחַד,ukhád,unification,to be united,3
wḥd,,وحد,אחד/חדד,noun,n,waxad,وَحْدَة,waḥda,אִחֵד,ikhéd,"union, unity; oneness (the state of being united as one)",to unite (to come or bring together as one),3
wḥd,,وحد,אחד/חדד,adj,n,waxdan,وَحْدَانِيّ,waḥdāniyy,מְאֻחָד,m'ukhád,"single, isolated","united, unified",2
wḥd,,وحد,אחד/חדד,adj/noun,n,waxdaniyy,وَحْدَانِيَّة,waḥdāniyya,אֻחַד,ukhád,unity (esp. of God),to be united,1
wḥd,,وحد,אחד/חדד,adj/noun,n,xadd,حَدّ,ḥadd,חַד,khad-,"violent, passionate","strong, sharp, piercing, acute",1
wḥd,,وحد,אחד/חדד,adj/noun,n,xadd,حَدّ,ḥadd,חֹד,khód,"edge, point","tip, apex",0
wḥd,,وحد,אחד/חדד,adj,n,ʔawxad,أَوْحَد,ʔawḥad,אָחִיד,akhíd,"unique, singular",uniform,2
wḥd,,وحد,אחד/חדד,adj/num/pron,,ʔaxad,وَاحِد,wāḥid,אֶחָד,ekhád,one,one,0
wḥd,,وحد,אחד/חדד,adj/num/pron,,ʔaxad,وَاحِد,wāḥid,חַד,khad-,a certain,"clear, exact",0
wḥd,,وحد,אחד/חדד,noun,n,ʔittixad,اِتِّحَاد,ittiḥād,אִחוּד,ikhúd,union,Union.,2
wṣ,,,,verb,D,waṣṣa,وَصَّى,waṣṣā,צִוָּה,tsivá,"to ordain, to decree, to command",to command,0
wṣy,,وصي,צוה,noun,n,tawṣiy,تَوْصِيَة,tawṣiya,צַו,tsáv,recommendation,warrant,1
wṣy,,وصي,צוה,noun,n,waṣiyy,وَصِيّ,waṣiyy,צַוָּאָה,tzava'á,"testator, executor, trustee (especially one who carries out the will of a dead person)","will, testament (a formal declaration of one's intent concerning the disposal of one's property and holdings after death)",0
wṣy,,وصي,צוה,noun,n+fem,waṣiyya,وَصِيَّة,waṣiyya,מִצְוָה,mitsvá,"commandment, injunction, bidding, ordinance",commandment,4
wṯq,,,ותק,adj,qatiːl,wasīq,وَثِيق,waṯīq,וָתִיק,vatík,"trustworthy, reliable","loyal, righteous, trustworthy",0
y,,,,particle,,ya,يَا,yā,יָא,yá,"O; hey; you; vocative particle preceding a noun used in direct address, only rarely omitted in such contexts","Vocative particle preceding a noun, especially a slur or pejorative.",0
ybs,,يبس,יבשׁ,verb,tD,tayabbasa,تَيَبَّسَ,tayabbasa,הִתְיַבֵּשׁ,hityabésh,"to dry up, get dry","To dry, to dry out: to become dry.",1
ybs,,يبس,יבשׁ,adj,n,yabis,يَابِس,yābis,יָבֵשׁ,yavésh,dry,"Dry, boring, dull.",4
ybs,,يبس,יבשׁ,adj/noun,n,yabisa,يَابِسَة,yābisa,יַבָּשָׁה,yabashá,"earth, land, surface, sand, mud; as opposed to water","dry ground, dry land",1
ydy,,يدي,יד,noun,,yad,يَد,yad,יָד,yád,"an appendage of a body (as of an animal), a foreleg",forelimb (anterior limb),1
yhd,,,,name,,yihuda,يَهُودَا,yahūdā,יְהוּדָה,y'hudá,Judea,"Judah, Judea (the tribal grouping)",1
yhdy,,,,adj/noun,,yihuda,يَهُودِيّ,yahūdiyy,יְהוּדָה,y'hudá,Jew,"Judah, Judea (the tribal grouping)",1
yhḏ,,,,name,,yihuda,يَهُوذَا,yahūḏā,יְהוּדָה,y'hudá,Judah (biblical figure),"Judah, Judea (the tribal grouping)",1
ylˤh,,,,intj,,ya llah,يَاٱللَّٰه,yāllāh,יַאלְלָה,yálla,"come on, c’mon","come on, c’mon",0
ym,,,ימם,noun,n,yamm,يَمّ,yamm,יָם,yam,open sea,sea,0
ymn,,,ימן,noun,,yamin,يَمِين,yamīn,יָמִין,yamín,right hand,the right hand,1
ynn,,,יון,name/noun,,yana,يُونَان,yūnān,יוֹנָה,yoná,"Jonah, Jonas (prophet)",Jonah (a book of the Old Testament and the Hebrew Tanakh),0
yns,,,יון,name,,yana,يُونُس,yūnus,יוֹנָה,yoná,"Jonah, Jonas (prophet)",Jonah (a book of the Old Testament and the Hebrew Tanakh),0
ysp,,,יסף,name,,yasif,يُوسُف,yūsuf,יוֹסֵף,yoséf,The 12th sura (chapter) of the Qur'an.,12th sura of Quran,0
ysr,,يسر,ישׁר,adj,qatiːl,yasīr,يَسِير,yasīr,יָשִׁיר,yashír,easy,direct,3
ytm,,يتم,יתם,noun,n,maytam,مَيْتَم,maytam,יָתוֹם,yatóm,"orphanage, place where orphans are kept",orphan (person whose either parent has died),0
ywm,,,יום,noun,,yawm,يَوْم,yawm,יוֹם,yom,"day, period from sunrise to sunset",Day: the period between dawn and dusk.,0
ywmlkpr,,,,name,,yam kipur,يَوْم الْكَفَّارَة,yawm al-kaffāra,יוֹם כִּיפּוּר,yom kipúr,"Yom Kippur, the Jewish Day of Atonement.","Yom Kippur (a particular Jewish holiday, the day of atonement, falling on the tenth day of the Hebrew month of Tishrei)",0
ywmlɣprn,,,,name,,yam kipur,يَوْم الْغُفْرَان,yawm al-ḡufrān,יוֹם כִּיפּוּר,yom kipúr,"Yom Kippur, the Jewish Day of Atonement.","Yom Kippur (a particular Jewish holiday, the day of atonement, falling on the tenth day of the Hebrew month of Tishrei)",0
yšb,,,,noun,n,yašbi,يَشْب,yašb,‮יָשְׁפֵה‬,yošp̄e,jasper,jasper,0
yšm,,,,noun,n,yašmi,يَشْم,yašm,‮יָשְׁפֵה‬,yošp̄e,jade,jasper,0
yšʕ,,,ישׁע,name,,yihašua,يَشُوع,yašūʕ,יְהוֹשֻׁעַ,y'hoshúa,Joshua,"a male given name, equivalent to English Joshua",0
yʔjg,,,גוג,name,,magag,يَأْجُوج,yaʔjūj,מָגוֹג,magóg,Gog (an evil tribe associated with Magog),Magog (the second of the seven sons of Japheth),1
yʔs,,يءس,יאשׁ,noun,n,yaʔis,يَأْس,yaʔs,יֵאֵשׁ,ye'ésh,despair,To despair,1
yḥnn,,,,name,,yaxanan,يُوحَنَّا,yūḥannā,יוֹחָנָן,yokhanán,"a male given name, equivalent to English John","a male given name, equivalent to English John",0
zbl,,زبل,,noun,qitl,zibl,زِبْل,zibl,זֶבֶל,zével,"dung, manure",manure,2
zbl,,زبل,,noun,n,zubal,زُبَالَة,zubāla,זֶבֶל,zével,"refuse, rubbish, garbage, trash",garbage,2
zf,,,אזב,noun,n,ʔizufa,زُوفَا,zūfā,אֵזוֹב,ʾēzṓḇ,hyssop,hyssop,0
zft,,,זפת,noun,qitl,zift,زِفْت,zift,זֶפֶת,zéfet,"pitch, tar, latex, asphalt","pitch, tar",0
zjḫj,,زجج,זכך,noun,n,zxujaj,زَجَّاج,zajjāj,זְכוּכִית,zkhukhít,glassmaker,glass (substance),0
zjḫj,,زجج,זכך,noun,n,zxujaj,زُجَاج,zujāj,זְכוּכִית,zkhukhít,glass (substance),glass (substance),0
zjḫj,,زجج,זכך,noun,n,zxujaj,زُجَاجَة,zujāja,זְכוּכִית,zkhukhít,piece of glass,glass (substance),0
zjḫj,,زجج,זכך,noun,n,zxujaj,زِجَاجَة,zijāja,זְכוּכִית,zkhukhít,glassmaking,glass (substance),0
zkry,,,,name,,zaxarya,زَكَرِيَّا,zakariyyā,זְכַרְיָה,z'kharyá,"Zechariah, Zacharias (Hebrew prophet)",Zechariah (a book of the Old Testament and the Hebrew Tanakh),0
zmr,,زمر,זמר,noun,n,mazmur,مَزْمُور,mazmūr,מִזְמוֹר,mizmór,psalm,a psalm (sacred song) or (hymn collected into one book of the Hebrew Bible),1
zn,,,זנה,verb,G,zana,زَنَى,zanā,זָנָה,zaná,"to commit adultery, to fornicate","to lust, fornicate, commit adultery",0
znbr,,,,noun,n,zunbur,زُنْبُور,zunbūr,דְּבוֹרָה,dvorá,bee,bee,0
znjbl,,,,noun,,zanjabil,زَنْجَبِيل,zanjabīl,זַנְגְּבִיל,zangvíl,ginger,ginger,1
zny,,زني,זנה,noun,n,zanin,زَانٍ,zānin,זָנָה,zaná,"fornicator, adulterer","to lust, fornicate, commit adultery",3
zny,,زني,זנה,noun,n,zinan,زِنًى,zinan,זָנָה,zaná,"adultery, fornication, lust","to lust, fornicate, commit adultery",1
zny,,زني,זנה,noun,n,zinaʔ,زِنَاء,zināʔ,זָנָה,zaná,"adultery, fornication","to lust, fornicate, commit adultery",1
zrzr,,زرزر,זרזר,noun,n,zurzur,زُرْزُور,zurzūr,זַרְזִיר,zarzír,starling,starling (type of bird),0
zrʕ,,زرع,,verb,G,zarʕ,زَرَعَ,zaraʕa,זָרַע,zará',to sow,"to seed, to sow",1
zwg,,زوج,זוג,noun,n,zawg,زَوْجَان,zawjān,זוּג,zúg,husband and wife,"pair, couple, twosome",0
zwg,,زوج,זוג,noun,n,ʔizdiwag,اِزْدِوَاج,izdiwāj,זוּג,zúg,"pairing together, coupling","pair, couple, twosome",0
zwl,,زول,זול,noun,n,zawal,زَوْل,zawl,זוּלָת,zulát,person,"fellowman, other people",1
zwy,,,,noun,n,zawiy,زَاوِيَة,zāwiya,זָוִית,zavít,"angle, corner, edge",angle,0
zʕfrn,,,,noun,,zaʕparan,زَعْفَرَان,zaʕfarān,זְעַפְרָן,ze'afrán,saffron,saffron,0
zʕq,,زعق,זעק,verb,G,zaʕaqa,زَعَقَ,zaʕaqa,זָעַק,za'ák,"to scream, to shout","to shout, to yell",0
zʕq,,زعق,זעק,noun,n,zaʕaq,زَعْقَة,zaʕqa,זָעַק,za'ák,"yell, scream","to shout, to yell",1
zʕr,,زعر,,adj,n,ʔazʕar,أَزْعَر,ʔazʕar,זָעִיר,za'ir,thin-haired,"tiny, little, minute (""very small"").",0
zʕtr,,,,noun,,zaʕtar,زَعْتَر,zaʕtar,זַעְתָּר,zá'tar,"zaatar, wild thyme",zaatar,2
śbʕ,,,,verb,G,sabiʕa,شَبِعَ,šabiʕa,שָׂבַע,savá',"to be full, to be satiated",to be sated.,3
śhd,,شهد,,noun,n,sahid,شَهِيد,šahīd,שָׂהֵד,sahéd,witness,witness,0
śhr,,شهر,סהר/שׂהר,noun,,sahr,شَهْر,šahr,סַהַר,sáhar,month (unit of time),moon,1
śhr,,شهر,סהר/שׂהר,noun,qutl,suhr,شُهْرَة,šuhra,שַׂהַר,sáhar,verbal noun of شَهَرَ (šahara) (form I),alternative form of סַהַר (sáhar),0
śhr,,شهر,סהר/שׂהר,noun,n,tašhir,تَشْهِير,tašhīr,שַׂהַר,sáhar,verbal noun of شَهَّرَ (šahhara) (form II),alternative form of סַהַר (sáhar),0
śml,,شمل,,noun,,simaʔl,شِمَال,šimāl,שְׂמֹאל,s'mól,left side,left (the left side or direction),0
śnʔ,,شنء,,verb,G,sanaʔa,شَنَأَ,šanaʔa,שָׂנֵא,sané,to hate intensely,to hate,2
śph,,,שׂפה,noun,,sapat,شَفَة,šafa,שָׂפָה,safá,lip,lip (fleshy protrusion framing the mouth),0
śry,,شري,שׁיר,verb,G,saraya,شَرَى,šarā,שָׂרָה,sará,to contend; to wrangle,"to contend, struggle, wrestle, overcome",4
śrṭ,,شرط,סרט,noun,n,sariṭ,شَرِيط,šarīṭ,סֶרֶט,séret,"tape, ribbon, band",ribbon,1
śrṭ,,شرط,סרט,noun,n,sariṭ,شَرِيطَة,šarīṭa,סֶרֶט,séret,chevron,ribbon,0
śtw,,شتو,,noun,n,sitaʔ,شِتَاء,šitāʔ,סְתָו,s'táv,winter,winter,0
śyṭ,,شيط,,noun,,satan,شَيْطَان,šayṭān,שָׂטָן,śāṭān,devil,devil,0
śʕr,,شعر,שׂער,adj/noun,n,mašʕar,مَشْعَر,mašʕar,שָׂעִיר,sa'ir,hairy,hairy,1
śʕr,,شعر,שׂער,noun,n,saʕir,شَعِير,šaʕīr,שְׂעוֹרָה,se'orá,barley,barley,0
śʕr,,شعر,שׂער,noun,,saʕr,شَعْر,šaʕr,שֵׂעָר,se'ár,hair,hair,0
šbr,,,שׁפר,noun,n,šabbur,شَبُّور,šabbūr,שׁוֹפָר,shofár,shofar (Jewish ram's horn trumpet),shofar,0
šd,,,,noun,,šadda,شَدَّة,šadda,שַׁדָּה,shadá,shadda,shadda,0
šfn,,,שׁוף,noun,n,šufan,شُوفَان,šūfān,שִׁיפוֹן,shifón,oat,rye,0
škr,,شكر,שׁכר,adj,n,mutašakkir,مُتَشَكِّرْ,mutašakkir,מְשַׁכֵּר,m'shakér,grateful,intoxicating,1
škr,,شكر,שׁכר,adj/name,n,šakir,شاكِر,šākir,שִׁכּוֹר,shikór,"thankful, grateful","drunk, intoxicated, inebriated",1
škšk,,شكشك,,noun,,šakšuka,شَكْشُوكَة,šakšūka,שַׁקְשׁוּקָה,shakshúka,shakshuka (dish of eggs simmered in a mixture of vegetables and spices),shakshuka (dish of eggs simmered in a mixture of vegetables and spices),0
šll,,شلل,שׁלל,noun,qattaːl,šallāl,شَلَّال,šallāl,שְׁלוּלִית,shlulít,waterfall,puddle,0
šll,,شلل,שׁלל,adj,n,ʔašlall,أَشَلّ,ʔašall,שְׁלִילִי,sh'lilí,lame,"Negative: bad, not good.",0
šmr,,,,noun,,šimru,شَمَر,šamar,שֻׁמָּר,šumár,fennel (Foeniculum gen.),fennel,2
šms,,شمس,,noun,,samš,شَمْس,šams,שֶׁמֶשׁ,shémesh,sun,sun,0
šmʕn,,,,name,,šimʔan,شَمْعُون,šamʕūn,שִׁמְעוֹן,shim'ón,"a surname from Hebrew, equivalent to English Simon","a male given name, Shimon, equivalent to English Simon",0
šql,,,שׁקל,noun,,šikil,شَيْقَل,šayqal,שֶׁקֶל,shékel,shekel (currency unit),"sheqel, the name of Israel's currency unit since 24 February 1980.",0
šrb,,,,noun,qattaːl,šarrāb,شُرَّاب,šurrāb,גֶּרֶב,gérev,"sock, stocking",sock,1
šrmṭ,,,,noun,,šarmuṭa,شَرْمُوطَة,šarmūṭa,שַׁרְמוּטָה,sharmúta,"whore, slut","whore, slut (promiscuous woman)",1
šrš,,,,noun,,šurš,شِرْش,širš,שֹׁרֶשׁ,šóreš,"root, wort","root (i.e. source, basis)",1
šwq,,شوق,שׁוק,noun,n,ʔištiyaq,اِشْتِيَاق,ištiyāq,תְּשׁוּקָה,tshuká,"longing, desire","a longing, a desire, a craving, Of one person for another.",0
šyḫ,,شيخ,,noun,,šayx,شَيْخ,šayḵ,שֵׁיךְ,shékh,"sheik, chief, chieftain, patriarch",sheikh,0
šʕr,,شعر,,noun,n,šiʕr,شِعْر,šiʕr,שִׁיר,shir,"poetry, poem, verses",a poem,3
ɣbr,,غبر,עפר,noun,qatal,gabar,غَبَرَة,ḡabara,עָפָר,afár,"dust, gray powder",dust,1
ɣbr,,غبر,עפר,noun,n,gubar,غُبَار,ḡubār,עָפָר,afár,dust,dust,0
ɣbr,,غبر,עפר,noun,qutl,gubr,غُبْرَة,ḡubra,עָפָר,afár,"dust colour, gray",dust,0
ɣlm,,غلم,עלם,noun,n,gulam,غُلَام,ḡulām,עֶלֶם,élem,"a young male human, a boy-child","a young, unmarried man of marriageable age",0
ɣr,,,ערר,noun,n,gar,غَار,ḡār,עָר,'ár,bay laurel (Laurus nobilis); laurel (Laurus gen.),laurel (plant),0
ɣrb,,غرب,ערב,adj/noun,n,garib,غَرِيب,ḡarīb,מְעֹרָב,m'oráv,outlandish,mixed,0
ɣrb,,غرب,ערב,noun,n,gaʔaraba,غَرْب,ḡarb,המערב,hama'aráv,"west, occident","The West, the Western world.",0
ɣrb,,غرب,ערב,noun,,gurayb,غُرَاب,ḡurāb,עוֹרֵב,'orév,"crow, raven",raven,0
ɣrb,,غرب,ערב,noun,n,gurub,غُرُوب,ḡurūb,עֶרֶב,érev,sunset,"evening, night",2
ɣrb,,غرب,ערב,noun,n,magarib,مَغْرِب,maḡrib,מַעֲרָב,ma'aráv,west,west,4
ɣrb,,غرب,ערב,adj,n,mustagrib,مُسْتَغْرِب,mustaḡrib,מְעֹרָב,m'oráv,westernized,mixed,0
ɣrl,,,ערל,noun,n+fem,gurla,غُرْلَة,ḡurla,עָרְלָה,orlá,foreskin; prepuce,foreskin (also metaphorical),0
ɣwr,,غور,עור,noun,n+fem,magara,مَغَارَة,maḡāra,מְעָרָה,m'ará,grotto,cave,0
ɣz,,,,name,n+fem,gazza,غَزَّة,ḡazza,עַזָּה,áza,"Gaza (a city in the Gaza Strip, Palestine in the Levant; in full, Gaza City)",Gaza,0
ɣṭ,,,,verb,G,gaṭa,غَطَا,ḡaṭā,עָטָה,ʿatá,"to cover, to enfold, to envelop, to wrap","to wrap oneself, to cover oneself, that is, to wear something",0
ɣṭlt,,غطل,עלט,noun,n+fem,gayṭala,غَيْطَلَة,ḡayṭala,עֲלָטָה,alatá,darkness,darkness,0
ʔbn,,,,noun,,bin,بْن,bn,אִבְּן,ibn,alternative form of اِبْن (ibn),ibn,6
ʔbr,,,עבר,name,,ʔiwrit,الْعِبْرِيَّة,al-ʕibriyya,עִבְרִית,ivrít,Hebrew (language),Hebrew (language),1
ʔbw,,ءبو,,noun,,ʔabw,أَب,ʔab,אָב,áv,"ancestor, forefather","ancestor, forefather",5
ʔbṯ̣by,,,,name,,ʔabu ṣaby,أَبُو ظَبْي,ʔabū ẓaby,אַבּוּ דַאבִּי,abu dábi,"Abu Dhabi (the capital city of the United Arab Emirates; the capital of Abu Dhabi Emirate, United Arab Emirates)",Abu Dhabi (the capital city of the United Arab Emirates; the capital of Abu Dhabi emirate),0
ʔdm,,ءدم,אדם,adj/name/noun,,ʔadam,آدَم,ʔādam,אָדָם,adám,man,"man, human",1
ʔdrlbyḍʔ,,,,name,,dar albayṣaʔ,الدَّار الْبَيْضَاء,ad-dār al-bayḍāʔ,קָזַבְּלַנְקָה,kazablánka,"Casablanca (the capital city of the region of Casablanca-Settat, Morocco)","Casablanca (the capital city of the region of Casablanca-Settat, Morocco)",0
ʔfq,,ءفق,,noun,,ʔupuq,أُفُق,ʔufuq,אֹפֶק,ófek,horizon,horizon,0
ʔfʕn,,,,noun,,ʔapʕaw,أَفْعًى,ʔafʕan,אֶפְעֶה,ef'é,viper (venomous snake in the family Viperidae),"viper, adder",0
ʔhln,,,,adv/intj,,ʔahlan,أَهْلًا,ʔahlan,אַהְלָן,áhlan,hi,"hi, hello",0
ʔjṣ,,,,noun,,ʔagas,إِجَّاص,ʔijjāṣ,אַגָּס,agás,"pears (the fruits as well as the tree, the whole genus Pyrus)",pear (a type of fruit tree (Pyrus communis)),0
ʔkf,,,אכף,noun,qattaːl,ʔakkāf,أُكَّاف,ʔukkāf,אֻכָּף,ukáf,"a saddle, a packsaddle (typically of an ass)",saddle,0
ʔkl,,ءكل,אכל,verb,G,ʔakal,أَكَلَ,ʔakala,אָכַל,akhál,"to eat, to consume (food)",to eat,11
ʔkl,,ءكل,אכל,noun,n,maʔakal,مَأْكَل,maʔkal,מַאֲכָל,ma'akhál,food,"food, meal, dish (specific type of food)",6
ʔkl,,ءكل,אכל,noun,,ʔakal,أُكُل,ʔukul,אֹֽכֶל,ókhel,food,food,4
ʔkl,,ءكل,אכל,noun,n+fem,ʔukla,أُكْلَة,ʔukla,אׇכְלָה,okhlá,"morsel, bit of food","food, nourishment.",0
ʔkr,,,אכר,noun,,ʔikkara,أَكَّار,ʔakkār,אִכָּר,ikár,"farmer, tiller, cultivator of land","farmer, husbandman",0
ʔl,,,אל/גבר,name,,gawriʔil,جَبْرَائِيل,jabrāʔīl,גַּבְרִיאֵל,gavri'él,the archangel Gabriel,Gabriel (an archangel associated with carrying messages from God.),0
ʔl,,,אל/גבר,article,n,ʔal,اَلْ,al-,הַ־,ha-,the,The.,9
ʔl,,,אל/גבר,noun,,ʔil,إِلّ,ʔill,אֵל,el,"god, deity, God, El","El, the chief deity in Canaanite religion",8
ʔl,,,אל/גבר,conj/prep,n,ʔilla,إِلَّا,ʔillā,אֶלָּא,elá,"no more than; nothing more than; nothing but or no one but; only, but","but, except",0
ʔlf,,ءلف,,noun/num,,ʔalp,أَلْف,ʔalf,אָלֶף,álef,verbal noun of أَلِف (ʔalif) (form I),alternative spelling of אל״ף,0
ʔlh,,ءله,אל,noun,,ʔil,إِلٰه,ʔilāh,אֱלוֹהַּ,elóah,"a god, a deity, a divinity",a god,7
ʔlh,,ءله,אל,name,,ʔil,اللّٰه,allāh,אֱלֹהִים,elohím,God,God,7
ʔlh,,ءله,אל,noun,n+fem,ʔuluhiyya,أُلُوهِيَّة,ʔulūhiyya,אֵלָה,elá,"divinity, godhood; divine power",A goddess.,1
ʔlm,,ءلم,אלם,adj,qatiːl,ʔalīm,أَلِيم,ʔalīm,אַלִּים,alím,"sad, grievous","violent: of, pertaining to, or committing violence",0
ʔlp,,ءلف,אלף,noun/num,,ʔalp,أَلْف,ʔalf,אֶלֶף,élef,thousand,"thousand, one thousand",4
ʔlw,,ءلو,,prep,,ʔila,إِلَى,ʔilā,אֶל,el,"to, towards","to, towards, into",0
ʔly,,ءلو/ءلي,אלה,noun,,ʔalyat,أَلْيَة,ʔalya,אַלְיָה,'alyá,"fat tail, tail fat",tail of a fat-tailed sheep (a type of domestic sheep),0
ʔlʕrq,,,,name,,ʕiraq,الْعِرَاق,al-ʕirāq,עיראק,'irák,Iraq (a country in Asia),Iraq (a country in West Asia in the Middle East; official name: הרפובליקה העיראקית (harepublika ha'irakit)),0
ʔm,,,,noun,,ʔamat,أَمَة,ʔama,אָמָה,amá,female slave,"female servant, slave, handmaid",0
ʔmhm,,ءمم,אמם,noun,n,ʔumahum,أُمُومَة,ʔumūma,אִימָּהוּת,imahút,motherhood,"motherhood, maternity",2
ʔmm,,ءمم,אמם,noun,,ʔimam,إِمَام,ʔimām,אִימָאם,imám,imam,imam (one who leads the salat prayers in a mosque),0
ʔmm,,ءمم,אמם,noun,,ʔimm,أُمّ,ʔumm,אִמָּא,'íma,mother,mother,4
ʔmm,,ءمم,אמם,noun,n+fem,ʔumma,أُمَّة,ʔumma,אֻמָּה,'umá,"community, people, nation","nation, people",1
ʔmr,,ءمر,אמר,adj/noun,n,ʔamir,آمِر,ʔāmir,אָמוּר,amúr,"dictatorial, domineering, imperious","supposed to, meant to, should, believed",0
ʔmr,,ءمر,אמר,adj/noun,n,ʔimmar,إِمَّر,ʔimmar,אָמוּר,amúr,"simple-minded, stupid","supposed to, meant to, should, believed",0
ʔms,,,,noun,,mušy,أَمْس,ʔams,אֶמֶשׁ,émesh,yesterday,yesterday,0
ʔn,,,,conj,,šim,إِن,ʔin,אִם,im,"if (possible, not contrary to fact)","if, whether",0
ʔn,,,,noun/pron,,ʔanaku,أَنَا,ʔana,אֲנִי,aní,ego,ego,2
ʔnbb,,,,noun,,ʔibbubum,أُنْبُوب,ʔunbūb,אַבּוּב,abúv,"tube, pipe","pipe, tube",0
ʔnp,,,אנף,noun,,ʔanp,أَنْف,ʔanf,אַף,af,nose,nose,0
ʔns,,ءنس,אנשׁ,noun,n,ʔanisa,آنِسَة,ʔānisa,אִשָּׁה,ishá,young woman,woman (an adult female human),0
ʔns,,ءنس,אנשׁ,noun,n,ʔinasan,إِنْسَان,ʔinsān,אֱנוֹשׁוּת,enoshút,human,"humanity, humanness, humankind",5
ʔns,,ءنس,אנשׁ,noun,,ʔinaš,أُنَاس,ʔunās,אֱנוֹשׁ,enósh,"persons, people","human, man, person, mortal",1
ʔnt,,,,pron,,ʔanta,أَنْتَ,ʔanta,אַתָּה,atá,"you, thou (masculine singular subject pronoun)","you, thou (second-person singular masculine)",0
ʔnt,,,,pron,,ʔanti,أَنْتِ,ʔanti,אַתְּ,át,"you, thou (feminine singular subject pronoun)","You, thou: (the feminine singular second-person personal pronoun).",0
ʔntfḍ,,,,noun,,ʔintipaṣa,اِنْتِفَاضَة,intifāḍa,אִנְתִּיפָדָה,intifáda,instance noun of اِنْتَفَضَ (intafaḍa),"intifada (an uprising, especially by Palestinians)",0
ʔntm,,,,pron,,ʔantum,أَنْتُمْ,ʔantum,אַתֶּם,atém,"you, ye (masculine plural subject pronoun)","You, y'all, you guys: the second-person masculine plural subject pronoun.",3
ʔntn,,,,pron,,ʔantin,أَنْتُنَّ,ʔantunna,אַתֶּן,atén,"you, ye (feminine plural subject pronoun)","You, y'all, you guys: the second-person feminine plural subject pronoun.",0
ʔnšʔlˤh,,,,intj,,ʔin šaʔa llah,إِنْ شَاءَ ٱللّٰهُ,ʔin šāʔa llāhu,אינשאללה,inshála,"God willing; inshallah, if it is God’s will (literally, “if God has willed [it]”)","God willing, with the help of God",0
ʔnḫ,,,,noun/pron,,ʔanaku,أَنَا,ʔana,אָנֹכִי,anokhí,I (first person singular subject pronoun),I (first-person singular nominative pronoun).,0
ʔnṯ,,ءنث,אנשׁ,adj,n,miʔinasi,مِئْنَاث,miʔnāṯ,אֱנוֹשִׁי,enoshí,giving birth to only females,human: of or relating to human beings or humankind,0
ʔnṯ,,ءنث,אנשׁ,adj/noun,n,muʔannas,مُؤَنَّث,muʔannaṯ,אִשָּׁה,ishá,feminine,a female animal,0
ʔnṯ,,ءنث,אנשׁ,adj/noun,n,muʔannasi,مُؤَنَّث,muʔannaṯ,אֱנוֹשִׁי,enoshí,feminine,humane,0
ʔnṯ,,ءنث,אנשׁ,adj/noun,,ʔans-at,أُنْثَى,ʔunṯā,אִשָּׁה,ishá,a female,a female animal,0
ʔnṯ,,ءنث,אנשׁ,adj/noun,n,ʔunasa,أُنْثَى,ʔunṯā,אֱנוֹשִׁי,enoshí,female,humane,0
ʔqlm,,,,noun,,ʔiqlim,إِقْلِيم,ʔiqlīm,אַקְלִים,aklím,"region, climate (geographical area of the earth, particularly a zone of latitude)","Climate, a climate: long-term atmospheric conditions in a region.",0
ʔrdn,,,,name,n,ʔurdun,الْأُرْدُن,al-ʔurdun,יַרְדֵּן,yardén,Jordan (a country in West Asia in the Middle East),Jordan (a country in West Asia in the Middle East),0
ʔrm,,,,noun,qatal,ʔaram,أَرَم,ʔaram,אֲרַם,arám,Aram (a Biblical region located in modern Syria),Aram,0
ʔrml,,,אלם,noun,n+fem,ʔarmala,أَرْمَلَة,ʔarmala,אַלְמָנָה,almaná,widow,widow (a woman whose spouse (traditionally husband) has died (and who has not remarried); a woman in relation to her late spouse; feminine of widower),0
ʔrmy,,,,name,,yirmya,إِرْمِيَا,ʔirmiyā,יִרְמְיָה,yirm'yá,"Jeremiah, Jeremias, Jeremy (prophet)","Jeremiah (an ancient prophet, the author of the Book of Jeremiah, and of the Lamentations)",0
ʔrnb,,,,noun,,ʔarnab,أَرْنَب,ʔarnab,אַרְנָב,arnáv,rabbit (mammal),"rabbit (a mammal of most genera of the family Leporidae, with long ears, long hind legs and a short, fluffy tail)",1
ʔrsṭ,,,,name,,ʔarisṭu,أَرِسْطُو,ʔarisṭū,אֲרִיסְטוֹ,arísto,Aristotle,Aristotle,0
ʔrz,,,ארז,noun,,ʔarza,أَرْز,ʔarz,אֶרֶז,érez,cedar (Cedrus gen. et spp.),cedar (chiefly Cedrus libani),1
ʔrḍ,,,ארץ,noun,,ʔarṣ,أَرْض,ʔarḍ,אֶרֶץ,érets,"country, land","country, land",0
ʔrḍyšwky,,,,noun,,xaršup,أَرْضِي ّ شَوْكِيّ,ʔarḍiyy šawkiyy,חֻרְשָׁף,khursháf,artichoke,artichoke,1
ʔsd,,,,noun,n,yiʔuss,أُسّ,ʔuss,יְסוֹד,yesód,"foundation, groundwork, basis","base, foundation",1
ʔsmʕl,,,,name,,yišmaʔil,إِسْمَاعِيل,ʔismāʕīl,יִשְׁמָעֵאל,yishma'él,"Ishmael, Ismail",Ishmael,0
ʔsr,,,,verb,G,ʔasar,أَسَرَ,ʔasara,אָסַר,asár,"to bind, to fetter","to bind, tie, join",0
ʔsr,,,,noun,,ʔasir,أَسِير,ʔasīr,אָסִיר,asír,"prisoner of war, captive","A (male) prisoner, inmate, captive, bondsman.",0
ʔsrʔl,,,,name,,yisraʔil,إِسْرَائِيل,ʔisrāʔīl,יִשְׂרָאֵל,yisra'él,Israel (the Hebrew patriarch Jacob),Israel (the alternative name of Jacob),2
ʔsw,,ءسو,,noun,,ʔasum,آس,ʔās,הֲדַס,haḏás,myrtle (Myrtus gen. et spp.),"myrtle: any of a genus of flowering plants in genus Myrtus, as well as a twig of it",0
ʔsḥq,,,,name,,yiṣxak,إِسْحَاق,ʔisḥāq,יִצְחָק,yitskhák,"a male given name, Ishaq or Ishak, equivalent to English Isaac or Yitzchak","a male given name, equivalent to English Isaac",0
ʔtn,,,,noun,,ʔatan,أَتَان,ʔatān,אָתוֹן,atón,"she-ass, female donkey, jenny",jenny (a female donkey),0
ʔw,,,,conj,,ʔaw,أَوْ,ʔaw,אוֹ,'o,indicates an inclusive disjunction,Or.,0
ʔwr,,,אור,noun,n,ʔuwar,أُوَار,ʔuwār,אוֹר,'ór,"heat, blaze (the intense heat of the sun or fire)",fire,0
ʔwz,,,,noun,n,ʔiwazz,إِوَزّ,ʔiwazz,אֲוָז,aváz,goose,goose,0
ʔyb,,,,name,,ʔiyaw,أَيُّوب,ʔayyūb,אִיּוֹב,iyóv,Job (prophet),Job (a book of the Old Testament and the Hebrew Tanakh),0
ʔyl,,,איל,noun,,ʔayyal,أَيَّل,ʔayyal,אַיָּל,ayál,"stag, hart; deer","deer, stag",2
ʔyt,,,אות,noun,,ʔawayat,آيَة,ʔāya,אוֹת,ot,"sign, token","a sign, an omen",0
ʔzr,,,,verb,G,ʔazara,أَزَرَ,ʔazara,עָזַר,'azár,"to strengthen, to support","to help, to assist",0
ʔšr,,,,name,,ʔaššur,آشُور,ʔāšūr,אַשּׁוּר,ashúr,"Assyria (an ancient Semitic Akkadian kingdom and at times an empire, extant from the mid-23rd century BCE to 608 BCE and centred on the Upper Tigris river in northern Mesopotamia (present day northern Iraq, but at its maximum extent including parts of modern Iran, Syria, Israel, Palestine and Egypt))","Assyria (an ancient Semitic Akkadian kingdom and at times an empire, extant from the mid-23rd century BCE to 608 BCE and centred on the Upper Tigris river in northern Mesopotamia (present day northern Iraq, but at its maximum extent including parts of modern Iran, Syria, Israel, Palestine and Egypt))",0
ʔḏn,,ءذن,אזן,noun,n,miʔazan,مِئْذَنَة,miʔḏana,מוּאַזִּין,mu'azín,minaret,muezzin,0
ʔḏn,,ءذن,אזן,noun,,muʔazzin,مُؤَذِّن,muʔaḏḏin,מוּאַזִּין,mu'azín,"muezzin, announcer of the hour of prayer",muezzin,0
ʔḏn,,ءذن,אזן,noun,,ʔuzn,أُذُن,ʔuḏun,אֹזֶן,ózen,ear,ear,0
ʔḏrbyjn,,,,name,,ʔazarbayjan,أَذَرْبَيْجَان,ʔaḏarbayjān,אָזֶרְבַּיְגָ׳ן,azerbayján,[from 20th c.] Azerbaijan (a country in the South Caucasus in Asia and Europe),Azerbaijan (a country in the South Caucasus in Asia and Europe),0
ʔḥd,,ءحد/وحد,אחד/חדד,adj/noun,,ʔaxad,أَحَد,ʔaḥad,אֶחָד,ekhád,one,one,3
ʔḥd,,ءحد/وحد,אחד/חדד,adj/noun,n,ʔaxad,أَحَد,ʔaḥad,אָחִיד,akhíd,one,uniform,2
ʔḥd,,ءحد/وحد,אחד/חדד,adj,,ʔaxad,أَحَدّ,ʔaḥadd,חַד,khad-,with sharp teeth,"strong, sharp, piercing, acute",4
ʔḥd,,ءحد/وحد,אחד/חדד,noun,,ʔaxad,إِحْدَى,ʔiḥdā,אַחַת,akhát,female equivalent of أَحَد (ʔaḥad),feminine of אֶחָד (ekhád),4
ʔḫ,,,,noun,n,ʔaxi,أَخ,ʔaḵ,אָחִי,akhí,brother,"bro, man, dude",1
ʔḫr,,ءخر,אחר,adj/noun,n,mutaʔaxxir,مُتَأَخِّر,mutaʔaḵḵir,מְאֻחָר,m'ukhár,late,"late, belated",1
ʔḫr,,ءخر,אחר,adj/noun,n,ʔaxiran,آخِر,ʔāḵir,אַחֲרוֹן,akharón,"last, ultimate, utmost, extreme",last (final),2
ʔḫr,,ءخر,אחר,adj,n,ʔaxiran,أَخِير,ʔaḵīr,אַחֲרוֹן,akharón,"last, final",last (final),1
ʔḫr,,ءخر,אחר,adj/noun,n,ʔaxirit,آخِر,ʔāḵir,אַחֲרִית,akharít,"end, conclusion","end, close",0
ʔḫr,,ءخر,אחר,adj/noun,n,ʔaxirit,آخِرَة,ʔāḵira,אַחֶרֶת,akhéret,feminine singular of آخِر (ʔāḵir),feminine singular indefinite form of אחר (akhér).,0
ʔḫt,,,,noun,,ʔaxwat,أُخْت,ʔuḵt,אָחוֹת,akhót,sister,sister,0
ʔḫw,,,,noun,n+fem,ʔuxuwwa,أُخُوَّة,ʔuḵuwwa,אַחֲוָה,akhavá,"brotherhood, fraternity","brotherhood, camaraderie, fraternity, guild",0
ʔḫḏ,,ءخذ,,verb,G,ʔaxaza,أَخَذَ,ʔaḵaḏa,אָחַז,akház,"to seize, to grab, to take hold","to grab, grasp",1
ʔṣbʕ,,,,noun,,ʔiṣbaʕ,إِصْبَع,ʔiṣbaʕ,אֶצְבַּע,étsba,"finger, toe",finger,0
ʔṣl,,,,adj/name,qatiːl,ʔaṣīl,أَصِيل,ʔaṣīl,אָצִיל,atsíl,noble,"noble, aristocratic",0
ʔṣṣ,,,עצץ,noun,qatiːl,ʔaṣīṣ,أَصِيص,ʔaṣīṣ,עָצִיץ,atsíts,flowerpot,flowerpot,0
ʔṯl,,ءثل,אשׁל,noun,qatl,ʔasl,أَثْل,ʔaṯl,אֵשֶׁל,éshel,"tamarisk (Tamarix spp., particularly Tamarix aphylla)",tamarisk,0
ʔṯm,,ءثم,,noun,n,ʔism,إِثْم,ʔiṯm,אַשְׁמָה,ashmá,"sin, guilt, wrongdoing, mistake",blame; fault,0
ʕbd,,عبد,עבד,noun,n,maʕabad,مَعْبَد,maʕbad,עוֹבֵד,ovéd,"place of worship, temple",worshipper,0
ʕbd,,عبد,עבד,noun,qatl,ʕabd,عَبْد,ʕabd,עֶבֶד,éved,"a person who is under the ownership of another, a slave, a bondservant","A slave, a serf.",3
ʕbd,,عبد,עבד,noun,n+fem,ʕibada,عِبَادَة,ʕibāda,עֲבוֹדָה,avodá,"worship, religious practice","worship, service",2
ʕbdlˤh,,,,name,G,ʕabdallah,عَبْد اللّٰه,ʕabd allāh,עוֹבַדְיָה,Ovadyá,"a male given name, Abd Allah","a male given name, equivalent to English Obadiah",0
ʕbdy,,,עבד,noun,n,ʕubudiyy,عُبُودِيَّة,ʕubūdiyya,עַבְדוּת,avdút,"slavery, servitude",slavery,0
ʕbr,,عبر,,verb,D,ʕabbara,عَبَّرَ,ʕabbara,עִבֵּר,ibér,"to get across, to make cross, to cause to pass over, to convey across",to cause to cross over or go across,0
ʕbr,,عبر,,verb,G,ʕabar,عَبَرَ,ʕabara,עָבַר,avár,"to cross, to traverse","to pass, to cross",3
ʕbr,,عبر,,adj/noun,,ʕiwri,عِبْرِيّ,ʕibriyy,עִבְרִי,ivrí,"Hebrew, Hebraic",Hebrew,0
ʕdhlmld,,,,noun,n n+def,ʕid hal milad,عِيد الْمِيلَاد,ʕīd al-mīlād,חַג הַמּוֹלָד,khág hamolád,Christmas (Christian holiday),Christmas,0
ʕdn,,عدن/عود,,name/noun,,ʕadan,عَدَن,ʕadan,עַדֶּן,áden,"Aden (a port city, the largest city in Yemen; the former capital of South Yemen)","Aden (a port city, the largest city in Yemen; the former capital of South Yemen)",0
ʕds,,,עדשׁ,noun,n,ʕadasa,عَدَس,ʕadas,עֲדָשָׁה,adashá,lentils,"lentil, lens",0
ʕds,,,עדשׁ,noun,n,ʕadasa,عَدَسَة,ʕadasa,עֲדָשָׁה,adashá,lentil,"lentil, lens",0
ʕgl,,,עגל,noun,,ʕigl,عِجْل,ʕijl,עֵגֶל,égel,calf (young head of cattle),male calf,2
ʕlm,,علم,עלם,adj/noun,n,maʕalum,مَعْلُوم,maʕlūm,עוֹלָמִי,olamí,"noteworthy, celebrated, distinguished",world (adjective); global,0
ʕlm,,علم,עלם,adj,n,mutaʕallim,مُتَعَلِّم,mutaʕallim,עוֹלָמִי,olamí,"learned, educated",world (adjective); global,0
ʕlm,,علم,עלם,adj,n,muʕallam,مُعَلَّم,muʕallam,עוֹלָמִי,olamí,"marked, labeled, represented",world (adjective); global,0
ʕlm,,علم,עלם,noun,,ʔalam,عَالَم,ʕālam,עוֹלָם,'olám,"world, hereunder, worldly life",A world: the entirety of a person's life and experience.,0
ʕlm,,علم,עלם,adj,n+nisba,ʕalami,عَالَمِيّ,ʕālamiyy,עוֹלָמִי,olamí,"world, worldwide, global",world (adjective); global,0
ʕlm,,علم,עלם,adj,n+nisba,ʕalmani,عَلْمَانِيّ,ʕalmāniyy,עוֹלָמִי,olamí,"secular, worldly",world (adjective); global,0
ʕlm,,علم,עלם,adj,n+nisba,ʕilami,عِلْمِيّ,ʕilmiyy,עוֹלָמִי,olamí,related to knowledge,world (adjective); global,0
ʕlq,,,,noun,n,ʕalaqa,عَلَقَة,ʕalaqa,עֲלוּקָה,ʿălūqâ,leech,leech,0
ʕlw,,علو/علي,עלה,adj/name,n,maʕala,عَلِيّ,ʕaliyy,מְעֻלֶּה,m'ulé,"exalted, lofty, excellent","excellent, terrific, wonderful, great, superb",2
ʕlw,,علو/علي,עלה,adj/name,n,ʕali,عَلِيّ,ʕaliyy,עֵלִי,eli,"a male given name, Ali","a male given name, Eli",0
ʕly,,علي,עלה,verb,G,ʕalaya,عَلَا,ʕalā,עָלָה,ʕālā,to rise,To grow.,3
ʕly,,علي,עלה,adj/noun/verb,Š,šaʕalaya,أَعْلَى,ʔaʕlā,הֶעֱלָה,he'elá,"to raise, make higher","to raise, lift",4
ʕly,,علي,עלה,name/noun,n,maʕalaʔ,عَلَاء,ʕalāʔ,מַעֲלָה,ma'alá,"highness, elevation",degree,2
ʕly,,علي,עלה,noun,n+fem,taʕliya,تَعْلِيَة,taʕliya,עֲלִיָּה,aliyá,"elevating, raising","ascent, ascending, going up",1
ʕly,,علي,עלה,name/noun,n,ʕaliyaʔ,عَلْيَاء,ʕalyāʔ,עֲלִיָּה,aliyá,"elevation, highness","ascent, ascending, going up",2
ʕly,,علي,עלה,adj,n,ʕaliyyan,عَلِيُّونَ,ʕaliyyūna,עֶלְיוֹן,'elyón,plural of عَلِيّ (ʕaliyy),"topmost, upper, uppermost (the most high)",0
ʕly,,علي,עלה,adj,n,ʕaliyyan,عِلِّيُّونَ,ʕilliyyūna,עֶלְיוֹן,'elyón,plural of عِلِّيّ (ʕilliyy),"topmost, upper, uppermost (the most high)",0
ʕly,,علي,עלה,adj/noun,n,ʕalyin,عَالٍ,ʕālin,עֶלְיוֹן,'elyón,"exalted, lofty, excellent","topmost, upper, uppermost (the most high)",2
ʕly,,علي,עלה,adj,n,ʕulwan,عُلْوِيّ,ʕulwiyy,עֶלְיוֹן,'elyón,"high, lofty","topmost, upper, uppermost (the most high)",2
ʕly,,علي,עלה,adj/noun,n,ʕāliy,عَالٍ,ʕālin,עֲלִיָּה,aliyá,The upper part of something,"ascent, ascending, going up",0
ʕmd,,عمد,עמד,verb,G,ʕamada,عَمَدَ,ʕamada,עָמַד,amád,"to prop up, to support",to stand (to support oneself on the feet in an erect position),0
ʕmd,,عمد,עמד,noun,n,ʕamud,عَمُود,ʕamūd,עַמּוּד,amúd,"column, shaft, pillar, pole","pillar, column, post",1
ʕmd,,عمد,עמד,name/noun,n,ʕimad,عِمَاد,ʕimād,עַמּוּד,amúd,"column, pillar","pillar, column, post",0
ʕml,,عمل,,verb,G,ʕamila,عَمِلَ,ʕamila,עָמַל,amál,"to work, perform",to work,1
ʕmm,,عمم,עמם,adj,n,ʔaʕamm,عَامّ,ʕāmm,עֲמָמִי,amamí,"common, ordinary","popular, common, folk, people's",2
ʕmm,,عمم,עמם,adj,n+nisba,ʔaʕammi,عَامِّيّ,ʕāmmiyy,עֲמָמִי,amamí,"common, vulgar","popular, common, folk, people's",0
ʕmm,,عمم,עמם,adj,n,ʕamim,عَمِيم,ʕamīm,עֲמָמִי,amamí,"general, comprehensive","popular, common, folk, people's",0
ʕmm,,عمم,עמם,adj,n+nisba,ʕumumi,عُمُومِيّ,ʕumūmiyy,עֲמָמִי,amamí,general,"popular, common, folk, people's",0
ʕmq,,,עמק,noun,qatl,ʕamq,عَمْق,ʕamq,עֹמֶק,ómek,depth,depth,3
ʕnbr,,,,noun,,ʕanbar,عَنْبَر,ʕanbar,עִנְבָּר,inbár,ambergris,amber,1
ʕnkb,,عنكب,,noun,,ʕankab,عَنْكَب,ʕankab,עַכָּבִישׁ,akavísh,a male spider,spider,0
ʕnkbt,,,,noun,,ʕankab,عَنْكَبُوت,ʕankabūt,עַכָּבִישׁ,akavísh,spider,spider,0
ʕnn,,,ענן,noun,n,ʕanan,عَنَان,ʕanān,עָנָן,'anán,"clouds, stratosphere, cloudy sky",cloud,0
ʕnz,,,ענז,noun,,ʕanz,عَنْز,ʕanz,עֵז,éz,"female goat, she-goat, nanny goat","female goat, she-goat",0
ʕnz,,,ענז,noun,n,ʕanz,عَنْزَة,ʕanza,עֵז,éz,goat,"female goat, she-goat",0
ʕpr,,,עפר,noun,,ʕapar,عَفَر,ʕafar,עָפָר,afár,"dust, grime, ash",dust,0
ʕqb,,,עקב,name,,yaʕaqaw,يَعْقُوب,yaʕqūb,יַעֲקֹב,yaʿaqóv,"a male given name, equivalent to English Jacob, James, or Jack or French Jacques","a male given name, equivalent to English Jacob",3
ʕqb,,,עקב,noun,n,ʕaqib,عَقِب,ʕaqib,עָקֵב,akév,heel,heel,0
ʕqd,,,עקד,noun,n,ʕaqid,عَقْد,ʕaqd,עֲקֵדָה,ʿaqedá,"tying together, binding","Binding, an act of tying something's limbs together.",0
ʕqr,,,עקר,verb,G,ʕaqara,عَقَرَ,ʕaqara,עָקַר,akár,to hamstring,to hamstring,0
ʕqrb,,,,noun,,ʕaqrab,عَقْرَب,ʕaqrab,עַקְרָב,akráv,scorpion,scorpion,0
ʕqʕq,,,,noun,n,ʕaqʕaq,عَقْعَق,ʕaqʕaq,עַקְעָק,ak'ák,magpie,magpie,0
ʕrk,,عرك,,noun,n+fem,maʕaraka,مَعْرَكَة,maʕraka,מַעֲרָכָה,ma'arakha,battle,"A battle, a campaign; also used figuratively.",0
ʕrq,,عرق/عقر,,noun,,ʕaraq,عَرَق,ʕaraq,עַרַק,ʿaráq,arrack (a clear raisin liquor that turns cloudy when water is added),"arak (a clear, unsweetened aniseed-flavoured alcoholic drink, produced and consumed primarily in the Levant)",1
ʕrr,,عرر,,name/noun,n,ʕarʕar,عَرْعَر,ʕarʕar,עַרְעָר,ar'ár,juniper (Juniperus gen.),juniper,0
ʕry,,عري/عير,ערם,noun,n,ʕaraʔ,عَرَاء,ʕarāʔ,עֵירֹם,eróm,"bareness, nakedness",nudity,0
ʕry,,عري/عير,ערם,noun,n,ʕuray,عُرْي,ʕury,עֵירֹם,eróm,"bareness, nakedness, nudity",nudity,0
ʕry,,عري/عير,ערם,adj,n,ʕāriy,عَارٍ,ʕārin,עָרֹם,aróm,"bare, naked, nude","naked, nude, unclothed",0
ʕryn,,,ערם,adj,n,ʕuryan,عُرْيَان,ʕuryān,עָרֹם,aróm,"naked, nude","naked, nude, unclothed",1
ʕs,,,ישׁע/ישע,name,n,ʕisua,عِيسَى,ʕīsā,יֵשׁוּעַ,yeshúa,"Jesus (Isa), son of Mary, revered as a major prophet in Islam.",Isa the rasul of Islam,1
ʕtq,,عتق,עתק,adj,,ʕatiyq,عَتِيق,ʕatīq,עַתִּיק,atík,"antique, ancient, archaic, old","antique, old",0
ʕwd,,عود,,noun,,ʕud,عُود,ʕūd,עוּד,'úd,"oud, lute",oud,0
ʕwm,,عوم,עמם,adj,n,ʕaʔim,عَائِم,ʕāʔim,עֲמָמִי,amamí,"afloat, floating","popular, common, folk, people's",0
ʕwr,,عري/عور/عير,עור,verb,D,ʕawwara,عَوَّرَ,ʕawwara,עִוֵּר,ʕiwwer,"to deprive of an eye, to blind in one eye",to blind (to make temporarily or permanently blind).,1
ʕwr,,عري/عور/عير,עור,noun,n+fem,ʕawra,عَوْرَة,ʕawra,עֶרְוָה,'ervá,"nakedness, awrah","nakedness, nudity",2
ʕyn,,عين,עין,noun,n,maʔaʕin,مَعِين,maʕīn,מַעֲיָן,ma'ayán,"well, spring, water source","spring (water source), fountain",1
ʕyn,,عين,עין,noun,,ʕayn,عَيْن,ʕayn,עַיִן,áyin,spring (of water),"spring, fountain",3
ʕyr,,,,noun,,ʕayr,عَيْر,ʕayr,עַיִר,áyir,a donkey; a wild ass; an onager,donkey foal,0
ʕzb,,عزب,עזב,verb,G,ʕazab,عَزَبَ,ʕazaba,עָזַב,azáv,"to escape, to slip out","to leave, leave behind, depart",0
ʕzb,,عزب,עזב,adj/noun,n,ʔaʕzab,أَعْزَب,ʔaʕzab,עָזוּב,azúv,"single, unmarried","abandoned, neglected",0
ʕzr,,,,verb,G,ʕazara,عَزَرَ,ʕazara,עָזַר,'azár,"to aid, to assist, to strengthen","to help, to assist",1
ʕzz,,عزز,עזז/ענז,verb,G,ʕazzaz,عَزَّ,ʕazza,עָזַז,azáz,"to be powerful, to overpower","to become strong, to prevail",2
ʕzz,,عزز,עזז/ענז,noun,n,ʔiʕzaʔaz,إِعْزَاْز,ʔiʕzāz,מָעֹז,ma'óz,"strengthening, fortification","fortress, stronghold, refuge",1
ʕzz,,عزز,עזז/ענז,adj/name/noun,n,ʕaziz,عَزِيز,ʕazīz,עַז,áz,"powerful, mighty","mighty, strong",0
ʕzz,,عزز,עזז/ענז,adj/name/noun,,ʕaziz,عَزِيز,ʕazīz,עָזִיז,,"a male given name, Aziz","a male given name, Aziz, from Arabic",0
ʕzz,,عزز,עזז/ענז,noun,n,ʕizz,عِزَّة,ʕizza,עֹז,óz,honour; power,"might, strength",0
ʕśb,,عشب,עשׂב,noun,qutl,ʕusb,عُشْب,ʕušb,עֵשֶׂב,ésev,"fresh, green, juicy, soft or tender herbs or herbage","herb, plant, grass; a herbaceous plant in contrast to shrubs or trees",0
ʕśr,,عشر,עשׁר/עשׂר,adj,G,xadiyaʕasara,حَادِيَ عَشَرَ,ḥādiya ʕašara,עֲשִׂירִי,asirí,eleventh,tenth,0
ʕśr,,عشر,עשׁר/עשׂר,num,,ʕasar,عَشَرَة,ʕašara,עֲשָׂרָה,asará,ten,ten,2
ʕśr,,عشر,עשׁר/עשׂר,num,n,ʕasara,عَشَرَ,ʕašara,עֶשֶׂר,éser,"-teen (in numerals 11–19, e.g. أَحَدَ عَشَرَ (ʔaḥada ʕašara, “eleven”))","feminine of עֲשָׂרָה (asará, “ten”)",1
ʕśr,,عشر,עשׁר/עשׂר,noun,qattaːl,ʕassār,عَشَّار,ʕaššār,מַעֲשֵׂר,ma'aser,"tither, publican, who collects tithes or other levies",tithe,0
ʕśr,,عشر,עשׁר/עשׂר,adj/num,n,ʕisiruna,عِشْرُونَ,ʕišrūna,עֲשִׂירִי,asirí,twentieth,tenth,0
ʕśr,,عشر,עשׁר/עשׂר,adj/num,,ʕisru,عِشْرُونَ,ʕišrūna,עֶשְׂרִים,'esrím,twenty,twenty,0
ʕśr,,عشر,עשׁר/עשׂר,noun,n,ʕusurit,عُشُر,ʕušur,עֲשֶׂרֶת,aséret,one tenth,group of ten,2
ʕšr,,ثني/عشر,עשׁר/עשׂר/שׁנה,num,G,ʔisnaʕašara,اِثْنَا عَشَرَ,iṯnā ʕašara,שְׁנַייִם,sh'náyim,twelve,two,0
ʕšr,,ثني/عشر,עשׁר/עשׂר/שׁנה,num,,ʕasar,عَشْر,ʕašr,עֶשֶׂר,éser,"masculine of عَشَرَة (ʕašara, “ten”)","feminine of עֲשָׂרָה (asará, “ten”)",3
ʕʔgl,,,,noun,n,ʕaʔagal,عَجَلَة,ʕajala,מַעְגָּל,ma'agál,wheel,a circle,1
ʕʔll,,علل/علي,עלה,adj,n,muʕtalli,مُعْتَلّ,muʕtall,נַעֲלֶה,na'alé,weak,"superior, lofty",1
ʕʔly,,علي,עלה,adj,n,muʕtalin,مُعْتَلٍ,muʕtalin,נַעֲלֶה,na'alé,"mounting, riding","superior, lofty",2
ʕḍ,,,,noun,,ʕiṣ,عُضّ,ʕuḍḍ,עֵץ,ʿēṣ,thick coarse trees or shrubs,tree,0
ʕṣf,,عصف,סוף,noun,n+fem,ʕaṣifa,عَاصِفَة,ʕāṣifa,סוּפָה,sufá,storm,A storm: an extreme weather event.,0
ʕṣpr,,,,noun,n,ʕuṣpur,عُصْفُور,ʕuṣfūr,צִפּוֹר,tsipór,any small bird,"A small bird, a sparrow.",0
ʕṣw,,عصو,,noun,,ʕiṣ,عَصًا,ʕaṣan,עֵץ,ʿēṣ,wooden handle,wood,0
ʕṯ̣m,,,עצם,adj,n,ʕaṣim,عَظِيم,ʕaẓīm,עָצוּם,atsúm,"magnificent, grandiose","enormous, colossal: of very great size or quantity; also used figuratively",0
ʕṯ̣m,,,עצם,noun,,ʕaṣm,عَظْم,ʕaẓm,עֶצֶם,étsem,bone,bone,1
ḍbʕ,,,,noun,,ṣabuʕ,ضَبُع,ḍabuʕ,צָבוֹעַ,tsavóa,hyena,hyena,0
ḍfʁdʕ,,,,noun,n,ṣifardiaʕ,ضِفْدِع,ḍifdiʕ,צְפַרְדֵּעַ,tz'fardéa,frog,frog,0
ḍlʕ,,,צלע,noun,n,ṣilaʕ,ضِلْع,ḍilʕ,צֵלָע,tselá,rib,rib (of the body),2
ḍʔn,,,צאן,noun,,ṣaʔn,ضَأْن,ḍaʔn,צֹאן,tsón,sheep,"sheep, flock of sheep",0
ḍḥk,,ضحك,צחק/שׂחק,verb,G,ṣaxika,ضَحِكَ,ḍaḥika,שָׂחַק,saḥáq,to laugh,to laugh,1
ḍḥk,,ضحك,צחק/שׂחק,adj/noun,n,muṣxik,مُضْحِك,muḍḥik,צְחוֹק,ts'khok,comedian,laughter,2
ḍḥk,,ضحك,צחק/שׂחק,noun,n,ṣaxik,ضَحِك,ḍaḥik,צְחוֹק,ts'khok,laughter,laughter,1
ḏ,,,,noun/pron,,za,ذَا,ḏā,זֶה,ze,this,"this, this one.",0
ḏbb,,ذبب,,noun,,zubab,ذُبَاب,ḏubāb,זְבוּב,zvuv,"flies, fly (insect)",fly (an insect of the order Diptera),0
ḏbḥ,,,זבח,verb,G,zabaxa,ذَبَحَ,ḏabaḥa,זָבַח,zavákh,"to slaughter, to butcher","To slaughter, to kill",0
ḏbḥ,,,זבח,noun,n,zabax,ذَبْح,ḏabḥ,זָבַח,zavákh,"slaughter, slaughtering","To slaughter, to kill",0
ḏbḥ,,,זבח,noun,n,zibax,ذِبْح,ḏibḥ,זָבַח,zavákh,"sacrificial victim, blood sacrifice","To sacrifice, to slaughter (for sacrifice)",0
ḏhb,,ذهب,,noun,qatal,zahab,ذَهَب,ḏahab,זָהָב,zaháv,gold,gold (metal),0
ḏkr,,ذكر,זכר,verb,G,zakara,ذَكَرَ,ḏakara,זָכַר,zakhár,"to remember, to recall",to remember,6
ḏkr,,ذكر,זכר,verb,Š,šazkara,أَذْكَرَ,ʔaḏkara,הִזְכִּיר,hizkír,"to remind, to call to mind",to remind (i.e. to cause to remember),4
ḏkr,,ذكر,זכר,adj,n,mizkar,مِذْكَار,miḏkār,זִכְרִי,zikhrí,arrhenogenic; giving birth to only males,masculine,0
ḏkr,,ذكر,זכר,adj/noun,n,muzakkar,مُذَكَّر,muḏakkar,זִכְרִי,zikhrí,masculine,masculine,0
ḏkr,,ذكر,זכר,adj/noun,n,muzakkar,مُذَكَّر,muḏakkar,זָכָר,zakhár,masculine,masculine,1
ḏkr,,ذكر,זכר,noun,n,muzakkarit,مذكر,,מַזְכֶּרֶת,mazkéret,reminder,memento; (by extension) souvenir,2
ḏkr,,ذكر,זכר,noun,n,muzakkarit,مُذَكَّرَة,muḏakkara,מַזְכֶּרֶת,mazkéret,"note, memo",memento; (by extension) souvenir,1
ḏkr,,ذكر,זכר,noun,n,tazkarit,تَذْكَار,taḏkār,מַזְכֶּרֶת,mazkéret,"remembrance, reminder, memento",memento; (by extension) souvenir,3
ḏkr,,ذكر,זכר,noun,n,tazkirit,تَذْكِرَة,taḏkira,מַזְכֶּרֶת,mazkéret,"memorandum, admonition",memento; (by extension) souvenir,1
ḏkr,,ذكر,זכר,adj,n+nisba,zakari,ذَكَرِيّ,ḏakariyy,זִכְרִי,zikhrí,masculine,masculine,1
ḏkr,,ذكر,זכר,noun,n,zakiran,ذَاكِرَة,ḏākira,זִכָּרוֹן,zikarón,memory,"memory, computer memory",1
ḏkr,,ذكر,זכר,noun,,zikar,ذَكَر,ḏakar,זָכָר,zakhár,male,"man, male",1
ḏkr,,ذكر,זכר,noun,n,zikaran,ذِكْرَى,ḏikrā,זִכָּרוֹן,zikarón,"remembrance, recollection, memory",A memory: a thing remembered.,3
ḏkr,,ذكر,זכר,noun,qitl,zikr,ذِكْر,ḏikr,זֵכֶר,zékher,"recollection, remembrance","remembrance, remain, remnant",0
ḏnb,,ذنب,זנב,noun,,zanab,ذَنَب,ḏanab,זָנָב,zanáv,"tail, end",tail,0
ḏnb,,ذنب,זנב,noun,n,zunaba,ذُنَابَى,ḏunābā,זָנָב,zanáv,tail (the feathers attached to the pygostyle of a bird),tail,0
ḏqn,,ذقن,,noun,,zaqan,ذَقَن,ḏaqan,זָקָן,zakán,"beard on the chin; goatee, beard",beard,2
ḏrb,,,דרב,noun,,ṣariban,ظَرِبَان,ẓaribān,דׇּרְבָּן,dorbán,skunk,porcupine,0
ḏʔb,,,,noun,,ziʔb,ذِئْب,ḏiʔb,זְאֵב,zəʔeḇ,wolf,wolf,0
ḏḫs,,ذخس,תחשׁ,noun,n,duxas,دُخَس,duḵas,תַּחַשׁ,tákhash,whale; dugong,sea cow,0
ḥbb,,حبب,חבב,noun,n+fem,maxabba,مَحَبَّة,maḥabba,חִבָּה,khibá,love,affection,1
ḥbb,,حبب,חבב,adj/noun,n,maxabub,مَحْبُوب,maḥbūb,חָבִיב,khavív,"beloved, dear","beloved, important",0
ḥbb,,حبب,חבב,adj/noun,qatiːl,xabīb,حَبِيب,ḥabīb,חָבִיב,khavív,darling,darling,2
ḥbb,,حبب,חבב,noun,n,xibab,حِبَاب,ḥibāb,חִבָּה,khibá,amity,affection,0
ḥbl,,,,noun,,xabl,حَبْل,ḥabl,חֶבֶל,khével,"a rope, a cable; a hawser; a cord; a string; a thread",rope,0
ḥbqq,,,,name,,xawakuk,حَبَقُّوق,ḥabaqqūq,חֲבַקּוּק,khavakúk,Habakkuk (a Jewish prophet of the Old Testament; author of the book that bears his name),Habakkuk (a Jewish prophet of the Old Testament; author of the book that bears his name),0
ḥdd,,حدد/حدو/وحد,חדד,verb,D,xaddada,حَدَّدَ,ḥaddada,חִדֵּד,khidéd,to sharpen,to sharpen,2
ḥdd,,حدد/حدو/وحد,חדד,adj,n,muxaddad,مُحَدَّد,muḥaddad,חַד,khad-,sharpened,sharp,2
ḥdd,,حدد/حدو/وحد,חדד,adj,n,xadd,حَادّ,ḥādd,חַד,khad-,"sharp, pointed",sharp,3
ḥdd,,حدد/حدو/وحد,חדד,noun,n,xiddut,حِدَّة,ḥidda,חַדּוּת,khadút,sharpness,"sharpness, acuity",4
ḥdn,,,חדד,adj,n,xadin,حَادٍ,ḥādin,חַד,khad-,first (only in composed numbers),sharp,1
ḥdṯ,,حدث,חדשׁ,adj/noun,n,xadis,حَدِيث,ḥadīṯ,חֲדָשׁוֹת,khadashót,"recent event, fresh news",news,2
ḥdṯ,,حدث,חדשׁ,adj/noun,qatiːl,xadīs,حَدِيث,ḥadīṯ,חָדִישׁ,khadísh,modern,modern,2
ḥff,,حفف/حوف,חוף,noun,n,xaf,حَافَة,ḥāfa,חוֹף,khof,"edge, border","beach, shore, coast",0
ḥff,,حفف/حوف,חוף,noun,n,xaff,حَافَّة,ḥāffa,חוֹף,khof,"edge, border, coast","beach, shore, coast",0
ḥfr,,حفر,,verb,G,xapar,حَفَرَ,ḥafara,חָפַר,khafár,"to dig, dig out, hollow",to dig,0
ḥg,,,,noun,,ʔigu,حَاج,ḥāj,הגה,hagé,"camelthorn, manna tree, Alhagi gen. et spp.","camelthorn (Alhagi, a genus of shrubs native to northern Africa and Asia Minor)",0
ḥgl,,,,noun,,xajal,حَجَل,ḥajal,חָגְלָה,khoglá,partridge,rock partridge,0
ḥj,,,,noun,,xajj,حَجّ,ḥajj,חַג׳,kháj,"pilgrimage, hajj (pilgrimage to Mecca according to a specific ritual)",hajj (the pilgrimage to Mecca made by pious Muslims; the fifth of the five pillars of Islam),3
ḥjb,,حجب,,noun,,xijab,حِجَاب,ḥijāb,חִגָ׳אבּ,khijáb,"headscarf, hijab","A hijab, a headscarf: a traditional headscarf worn by Muslim women, covering the hair and neck.",0
ḥkm,,حكم,חכם,adj/noun,n,xakim,حَكِيم,ḥakīm,חָכָם,khakhám,wise,"wise, smart",0
ḥkm,,حكم,חכם,noun,n+fem,xikma,حِكْمَة,ḥikma,חׇכְמָה,khokhmá,wisdom,wisdom,0
ḥl,,,חול/חיל/חלל,verb,G,xalla,حَلَّ,ḥalla,חָל,khal,"to occur, to happen","to fall on, to occur, to take place (of an event)",0
ḥlb,,حلب,,verb,G,xalaba,حَلَبَ,ḥalaba,חָלַב,khaláv,to milk,to milk,4
ḥlb,,حلب,,name/noun,n,xalab,حَلَب,ḥalab,חָלַב,khaláv,fresh milk,to milk,3
ḥlb,,حلب,,name/noun,,xalab,حَلَب,ḥalab,חַאלַבּ,khálab,"Aleppo (the capital city of Aleppo governorate, Syria)","Aleppo (the capital city of Aleppo Governorate, Syria)",0
ḥlb,,حلب,,noun,n,xalib,حَلِيب,ḥalīb,חָלַב,khaláv,milk,to milk,1
ḥlb,,حلب,,noun,qutl+fem,xulba,حُلْبَة,ḥulba,חִלְבָּה,khilbá,fenugreek,fenugreek,0
ḥll,,حلل,חלל/חלן,noun,n,maxallan,مَحَلّ,maḥall,חַלּוֹן,khalón,time and opportunity,a free period,0
ḥll,,حلل,חלל/חלן,adj/noun,n,xalal,حَلَال,ḥalāl,חִלּוֹנִי,khiloní,"lawful, legal, licit, legitimate.","secular, irreligious",0
ḥlm,,حلم,חלם,noun,n,xalim,حَالِم,ḥālim,חֲלוֹם,khalóm,dreamer,dream,1
ḥlm,,حلم,חלם,noun,n,xulam,حُلْم,ḥulm,חָלַם,khalám,a dream (something experienced during sleep); vision,to dream,1
ḥlw,,حلو,,adj,,ʔaxla,أَحْلَى,ʔaḥlā,אַחְלָה,ákhla,better; best,"awesome, the best",0
ḥm,,,,noun,,xamw,حَم,ḥam,חָם,khám,father-in-law,"father-in-law, in relation to the bride",0
ḥmd,,حمد,,adj/name,,muxammad,مُحَمَّد,muḥammad,מֻחַמַּד,mukhamad,The 47th sura (chapter) of the Qur'an.,47th sura (chapter) of Quran,0
ḥmm,,,חמם/יון,adj/noun,n,xamim,حَمِيم,ḥamīm,חֹם,khóm,"hot water, hot bath, fever","Warmth, fever, feverishness.",1
ḥmm,,,חמם/יון,adj/noun,n,xamim,حَمِيم,ḥamīm,חַם,kham,at a fairly or comfortably high temperature,Hot: at a high temperature.,2
ḥmm,,,חמם/יון,noun,,šawman,حَمَام,ḥamām,יוֹנָה,yoná,"doves, pigeons","pigeon, dove",0
ḥmr,,,,noun,,ximar,حِمَار,ḥimār,חְמָאר,khmár,"ass, donkey","idiot, dumbass, jackass, fool",1
ḥms,,حمس,,name/noun,,xamas,حَمَاس,ḥamās,חַמַאס,khamás,Hamas (a Palestinian Islamist militant group and political organization),Hamas (a Palestinian Islamist militant group and political organization),0
ḥmḍ,,حمض,חמץ,adj/noun,,xamiṣ,حَامِض,ḥāmiḍ,חֹמֶץ,khómets,acid,vinegar,1
ḥmḍ,,حمض,חמץ,noun,qattaːl,xammāṣ,حُمَّاض,ḥummāḍ,חֻמְצָה,khumtzá,acidosis,acid,1
ḥmḍ,,حمض,חמץ,adj,n,xamuṣ,حَمْضِيّ,ḥamḍiyy,חָמוּץ,khamútz,"acid, acidic","sour (having an acidic, sharp or tangy taste)",3
ḥmḍ,,حمض,חמץ,noun,n,xamṣ,حَمْض,ḥamḍ,חֻמְצָה,khumtzá,acid,acid,2
ḥmḍ,,حمض,חמץ,noun,n+fem,xumuṣa,حُمُوضَة,ḥumūḍa,חֻמְצָה,khumtzá,acidity,acid,2
ḥmṣ,,,,noun,n,ximmiṣ,حِمِّص,ḥimmiṣ,חִמְצָה,khimtsá,chickpea,chickpea,1
ḥnk,,,חנך,noun,n,xanak,حَنَك,ḥanak,חֵךְ,khékh,"palate, palatum durum","palate, roof of the mouth",0
ḥnn,,حنن,חנן,noun,n,taxanan,حَنَان,ḥanān,תַּחֲנוּן,takhanún,compassion,supplication,1
ḥnn,,حنن,חנן,adj,n,xanun,حَنُون,ḥanūn,חַנּוּן,khanún,"loving, fond, affectionate; compassionate, merciful, gracious","gracious, merciful, compassionate",4
ḥnt,,,חנה,noun,,xanusa,حَانُوت,ḥānūt,חֲנוּת,khanút,"shop, store","shop, store",0
ḥnʔ,,,,noun,,xinnaʔ,حِنَّاء,ḥinnāʔ,חִינָה,khína,henna; dye prepared from (Lawsonia inermis),henna (the dye),0
ḥnṭ,,,,noun,n+fem,xinṭa,حِنْطَة,ḥinṭa,חִטָּה,khitá,wheat,wheat,0
ḥqq,,حقق,חקק,adj/noun,n,mxakaqq,حَقّ,ḥaqq,מְחוֹקֵק,m'khokék,"right, fair and reasonable",legislative,0
ḥqq,,حقق,חקק,adj,n,mxaqiq,حَقِيق,ḥaqīq,מְחוֹקֵק,m'khokék,entitled,legislative,0
ḥqq,,حقق,חקק,adj/noun,n,xaqq,حَقّ,ḥaqq,חֹק,khók,right,rule,1
ḥqq,,حقق,חקק,noun,n,xiqaq,حِقَاق,ḥiqāq,חֻקָּה,khuká,"litigation, lawsuit","statute, law",1
ḥrb,,حرب,חרב,noun,n,muxarab,مُحَارَبَة,muḥāraba,חֶרֶב,khérev,fighting,sword,0
ḥrb,,حرب,חרב,noun,,xarb,حَرْب,ḥarb,חֶרֶב,khérev,war,sword,0
ḥrb,,حرب,חרב,noun,,xarb,حَرْبَة,ḥarba,חֶרֶב,khérev,"dart, spearhead, bayonet, spike",sword,0
ḥrb,,حرب,חרב,noun,n,xirab,حِرَاب,ḥirāb,חֶרֶב,khérev,warfare,sword,0
ḥrdy,,,,adj/noun,,xaridi,حَرِيدِيّ,ḥarīdiyy,חֲרֵדִי,kharedí,"Haredi, Charedi, ultra-Orthodox Jew","A Haredi, an ultra-Orthodox Jew.",0
ḥrf,,حرف,חרף,adj/noun,qatl,xarf,حَرْف,ḥarf,חֹרֶף,khóref,word,winter,0
ḥrf,,حرف,חרף,adj/noun,n,xarif,حَرْف,ḥarf,חָרִיף,kharíf,"hardy, strong and/or lean and/or swift","sharp, harsh, sharply critical (of criticism, or of text)",0
ḥrf,,حرف,חרף,adj/noun,n,xirrif,حِرِّيف,ḥirrīf,חָרִיף,kharíf,"pungent, acrid (taste)",spicy (of food),0
ḥrm,,,,noun,qitl,xirm,حِرْم,ḥirm,חֵרֶם,khérem,excommunication,"excommunication (act of excommunicating or ejecting), anathema, taboo, dedication, consecration",0
ḥrr,,حرر/حور,חרף,noun,n,xarar,حَرَارَة,ḥarāra,חֹרֶף,khóref,temperature,winter,0
ḥrr,,حرر/حور,חרף,adj,n,xarrif,حَارّ,ḥārr,חָרִיף,kharíf,"hot, burning",spicy (of food),0
ḥrr,,حرر/حور,חרף,noun,n,xurrif,حَرّ,ḥarr,חֹרֶף,khóref,heat,winter,0
ḥrṣr,,حرص/حصر,,noun,n,xiṣrim,حِصْرِم,ḥiṣrim,חַרְצָן,ḥarṣā́n,"unripe grapes, sour grapes, grapes green and acid due to lacking maturity","sour grape, vine fruit green and acid due to lacking maturity",1
ḥrṯ,,,חרשׁ,verb,G,xaras,حَرَثَ,ḥaraṯa,חָרַשׁ,kharásh,"to plow, to till, to cultivate","To plow, plough",5
ḥrṯ,,,חרשׁ,noun,n,xaras,حَرْث,ḥarṯ,חָרַשׁ,kharásh,"plowing, tilling, cultivation, plantation, culture","To plow, plough",5
ḥsb,,حسب,חשׁב,noun,n,muxasab,مُحَاسَبَة,muḥāsaba,חַשָּׁב,khasháv,accounting,an accountant,4
ḥsb,,حسب,חשׁב,noun,n,muxasib,مُحَاسِب,muḥāsib,חַשָּׁב,khasháv,"accountant, bookkeeper",an accountant,2
ḥsb,,حسب,חשׁב,noun,n,xasub,حَاسُوب,ḥāsūb,חִשּׁוּב,khishúv,computer,calculation,0
ḥsb,,حسب,חשׁב,noun,n,xisab,حِسَاب,ḥisāb,חִשּׁוּב,khishúv,calculation,calculation,5
ḥsbn,,,חשׁב,noun,n,xasaban,حَسَب,ḥasab,חֶשְׁבּוֹן,kheshbón,value,an account,0
ḥsbn,,,חשׁב,noun,n,xasban,حَسْب,ḥasb,חֶשְׁבּוֹן,kheshbón,"reckoning, calculation, computing","arithmetic, mathematics",0
ḥsbn,,,חשׁב,noun,n,xusban,حُسْبَان,ḥusbān,חֶשְׁבּוֹן,kheshbón,"calculation, computation","arithmetic, mathematics",0
ḥsn,,حسن,חסן,adj/noun,n,xasan,حَسَنَة,ḥasana,חֹסֶן,khósen,"advantage, merit","riches, treasure",0
ḥsn,,حسن,חסן,adj/noun,n,xasunaʔ,حَسْنَاء,ḥasnāʔ,חָסוּן,khasún,extremely beautiful,"protected, sturdy",0
ḥss,,حسس,חושׁ,verb,G,xasasa,حَسَّ,ḥassa,חָשׁ,khásh,"to have sensation, perceive by the senses","to sense, to feel: to have a sense, to experience a sensation",2
ḥss,,حسس,חושׁ,noun,n,xaissan,حَاسَّة,ḥāssa,חַיְשָׁן,khaishán,sense organ,sensor,3
ḥss,,حسس,חושׁ,noun,n,xasasiyy,حَسَاسِيَّة,ḥasāsiyya,תְּחוּשָׁה,t'khushá,psychological sensitivity; fragility; tenderness,"feeling, sensation (physical, not cognitive/emotional)",0
ḥt,,,עוד,adv/conj/prep,n,xatta,حَتَّى,ḥattā,עַד,ad,"until, as far as, to the point of, even up to","Until, till, up until (a time).",0
ḥvr,,,חור,adj,n,xuwirr,حُرّ,ḥurr,חִוֵּר,khivér,free,pale,2
ḥwl,,,,noun,n,xawil,حَوْل,ḥawl,חַיִל,kháyil,strength,army,2
ḥwr,,حور,חרף,adj,n,ʔaxwar,أَحْوَر,ʔaḥwar,חָרִיף,kharíf,having large round limpid dark eyes; doe-eyed,"sharp, harsh, sharply critical (of criticism, or of text)",0
ḥwy,,حوي,חיה,adj/noun,n+fem,xayya,حَيَّة,ḥayya,חַיָּה,khayá,feminine singular of حَيّ (ḥayy),feminine singular indefinite form of חַי (kháy),0
ḥwʔ,,,,name,,xawa,حَوَّاء,ḥawwāʔ,חַוָּה,khavá,"Eve, the first woman in Abrahamic religions",Eve (the first woman and mother of the human race; Adam's wife),2
ḥy,,,חיה,adj/noun,n,xayy,حَيّ,ḥayy,חַי,kháy,alive,alive,0
ḥy,,,חיה,adj/noun,n,xayy,حَيّ,ḥayy,חַיָּה,khayá,"organism, living being",animal (organism other than man),0
ḥyh,,,,noun,n,xayah,حَيَاة,ḥayāh,חַיִּים,khayím,life,life (state of being alive),1
ḥyl,,,,noun,n,xayil,حَيْل,ḥayl,חַיִל,kháyil,"strength, force",army,2
ḥyw,,حيو,חיה,verb,G,xayawa,حَيِيَ,ḥayiya,חַי,kháy,to live,"to live (to be alive, to have life)",5
ḥyw,,حيو,חיה,adj/verb,Š,šaxayawa,أَحْيَا,ʔaḥyā,הֶחֱיָה,hekheyá,"to restore to life, to revive; to restore, to reinstitute","To revive, to resuscitate, to revitalize, to quicken",3
ḥyw,,حيو,חיה,noun,n,maxiyan,مَحْيًا,maḥyan,חִיּוּת,khiyút,life,"life, lifespan",1
ḥyw,,حيو,חיה,adj/name,n,muxay,المُحْيِي,al-muḥyī,חַיָּה,khayá,definite masculine singular of مُحْيٍ (muḥyin),feminine singular indefinite form of חַי (kháy),0
ḥyw,,حيو,חיה,noun,n,taxiyyut,تَحِيَّة,taḥiyya,חִיּוּת,khiyút,a greeting,pleasure,0
ḥyw,,حيو,חיה,noun,n,xayawan,حَيَوَان,ḥayawān,חַיָּה,khayá,"animals, living creatures",animal (organism other than man),2
ḥyw,,حيو,חיה,adj/noun,n,xayūw,مُحَيًّا,muḥayyan,חַיָּה,khayá,passive participle of حَيَّا (ḥayyā),feminine singular indefinite form of חַי (kháy),1
ḥyw,,حيو,חיה,adj,n,xayūw,مُحْيًا,muḥyan,חַיָּה,khayá,passive participle of أَحْيَا (ʔaḥyā),feminine singular indefinite form of חַי (kháy),0
ḥyw,,حيو,חיה,adj,n,xāyiw,مُحْيٍ,muḥyin,חַיָּה,khayá,active participle of أَحْيَا (ʔaḥyā),feminine singular indefinite form of חַי (kháy),0
ḥzm,,حزم,,noun,n,xiziam,حِزَام,ḥizām,מְזִיחַ,mezíakh,girdle,"girdle, belt",1
ḥzqyl,,,,name,,yixiskil,حِزْقِيَال,ḥizqiyāl,יְחֶזְקֵאל,Y'khezkél,Ezekiel (a prophet mentioned in the Bible and in the Quran),Ezekiel (a prophet mentioned in the Bible and in the Quran),0
ḥšš,,حشش,,noun,,xašiš,حَشِيش,ḥašīš,חֲשִׁישׁ,khashísh,"hemp, cannabis, hashish",hashish (dried leaves of the Indian hemp plant),0
ḥḫm,,,חכם,noun,,xaxam,حَاخَام,ḥāḵām,חָכָם,khakhám,rabbi,rabbi,0
ḥṣbt,,,,noun,n,xaṣibit,حَصْبَة,ḥaṣba,חַצֶּבֶת,khatsévet,measles,measles,0
ḥṣl,,حصل,,noun,,xayṣal,حَيْصَل,ḥayṣal,חָצִיל,khatsíl,"eggplant, aubergine","eggplant, aubergine (the fruit)",0
ḫby,,,,noun,,xabu,خَابِيَة,ḵābiya,חָבִית,khavít,"jug, amphora, cask, barrel","A barrel, a cask.",0
ḫdjl,,,,name,,ʔidiqlat,دِجْلَة,dijla,חִדֶּקֶל,khidékel,"the Tigris (so called because it covers or floods the land with water, like a lake)","Tigris (a river in West Asia flowing 1,150 miles east-southeast from the Armenian Highland in Turkey through Iraq)",0
ḫfr,,خفر,,verb,G,xapar,خَفِرَ,ḵafira,חָפֵר,khafér,to be shy,to be ashamed,0
ḫkn,,,כלל,noun,n+fem,xakanna,كَنَّة,kanna,כַּלָּה,kalá,female relative through marriage; sister-in-law or daughter-in-law,daughter-in-law,0
ḫld,,,חלד,noun,qutl,xuld,خُلْد,ḵuld,חֹלֶד,khóled,"blind mole-rat., mole-rat",mole-rat,2
ḫll,,خلل/خلو,חלל,adj,n,muxillan,مُخِلّ,muḵill,חִלּוֹנִי,khiloní,"transgressive, in violation (of), improper","secular, irreligious",0
ḫll,,خلل/خلو,חלל,adj,n,xalin,خَالٍ,ḵālin,חִלּוֹנִי,khiloní,celibate,"secular, irreligious",2
ḫlṣ,,,,intj/noun,,xalaṣ,خَلَاص,ḵalāṣ,חָלָס,ḥálas,cut it out! stop it!,stop it! enough!,0
ḫmr,,خمر,חמר,adj/noun,n,maximmir,خَمِير,ḵamīr,מַחְמִיר,makhmír,"fermented, leavened","strict, stringent",0
ḫmr,,خمر,חמר,noun,n,xamir,خَمِيرَة,ḵamīra,חֶמֶר,khémer,yeast,wine,0
ḫmr,,خمر,חמר,noun,qattaːl,xammār,خَمَّار,ḵammār,חֶמֶר,khémer,"a producer of wine or other alcoholic drinks, a winemaker",wine,0
ḫmr,,خمر,חמר,noun,qatl,xamr,خَمْر,ḵamr,חֶמֶר,khémer,wine,wine,2
ḫms,,خمس/عشر,חמשׁ,adj,n,mxamis,خَامِس,ḵāmis,מְחֻמָּשׁ,m'khumásh,fifth,quintuple,1
ḫms,,خمس/عشر,חמשׁ,num,G,xamsataʕašara,خَمْسَةَ عَشَرَ,ḵamsata ʕašara,חֲמִישָּׁה,khamishá,fifteen,five,0
ḫms,,خمس/عشر,חמשׁ,num,,xamš,خَمْس,ḵams,חָמֵשׁ,khamésh,"masculine of خَمْسَة (ḵamsa, “five”)","feminine of חֲמִישָּׁה (khamishá, “five”)",3
ḫms,,خمس/عشر,חמשׁ,num,,xamš,خَمْسَة,ḵamsa,חֲמִישָּׁה,khamishá,five,five,3
ḫnq,,خنق,,verb,G,xanaqa,خَنَقَ,ḵanaqa,חָנַק,khanák,"to strangle, to choke, to suffocate","to suffocate or asphyxiate (a person or animal); to choke, drown, or smother",0
ḫnzr,,,,noun,n,xinzir,خِنْزِير,ḵinzīr,חֲזִיר,khazír,"pig, swine, hog",pig,0
ḫrb,,خرب,חרב,verb,G,xaraba,خَرَبَ,ḵaraba,חָרַב,kharáv,"to demolish, devastate","to be destroyed, collapse, fall to destruction",0
ḫrb,,خرب,חרב,adj/noun,n,muxarribah,مُخَرِّب,muḵarrib,חָרְבָּה,khorbáh,"wrecker, destroyer, saboteur","desolation, destruction, waste, ruin",0
ḫrb,,خرب,חרב,noun,n,taxribah,تَخْرِيب,taḵrīb,חָרְבָּה,khorbáh,"ruining, destroying","desolation, destruction, waste, ruin",0
ḫrb,,خرب,חרב,adj/noun,n,xarabah,خَرَاب,ḵarāb,חָרְבָּה,khorbáh,"ruination, wreckage, desolation","desolation, destruction, waste, ruin",1
ḫrb,,خرب,חרב,noun,n,xarrub,خَرُّوب,ḵarrūb,חָרוּב,kharúv,carob (fruit and tree of Ceratonia siliqua L.),carob (Ceratonia siliqua),0
ḫrb,,خرب,חרב,noun,n,xirbah,خِرْبَة,ḵirba,חָרְבָּה,khorbáh,"ruined site, wasteland","desolation, destruction, waste, ruin",0
ḫrdl,,,,noun,n,xardal,خَرْدَل,ḵardal,חַרְדָּל,khardál,mustard (plant and condiment),mustard,2
ḫrf,,خرف,חרף,noun,n,xarif,خَرِيف,ḵarīf,חֹרֶף,khóref,"autumn, fall",winter,0
ḫrs,,,חרשׁ,verb,G,xarisa,خَرِسَ,ḵarisa,חָרַשׁ,kharásh,"to become silent, keep silent, hold one's tongue","To be silent, not to speak, not to respond.",2
ḫršf,,,,noun,,xaršup,خُرْشُوف,ḵuršūf,חֻרְשָׁף,khursháf,artichoke,artichoke,1
ḫrṭm,,خرطم,,noun,n,xurṭum,خُرْطُوم,ḵurṭūm,חַרְטוֹם,khartóm,"trunk (of an elephant), snout, muzzle, nose","nose (of an animal), beak (of a bird)",0
ḫs,,,,noun,,xasa,خَسّ,ḵass,חַסָּה,khása,lettuce (Lactuca gen. and Lactuca sativa in particular),"lettuce (an edible plant, Lactuca sativa and its close relatives, having a head of green or purple leaves)",0
ḫsr,,خسر,,noun,n,xasaran,خَسَارَة,ḵasāra,חִסָּרוֹן,khisarón,"loss, damage","disadvantage, shortcoming, drawback",0
ḫtm,,ختم,חתם,verb,G,xatama,خَتَمَ,ḵatama,חָתַם,ḥɔṯam,to seal,"to sign, to affix a seal",0
ḫtm,,ختم,חתם,noun,n,xatam,خَتْم,ḵatm,חָתַם,ḥɔṯam,"stamp, seal","to sign, to affix a seal",0
ḫtn,,,חתן,noun,,xatan,خَتَن,ḵatan,חָתָן,khatán,a man being related through marriage (son-in-law or brother-in-law or father-in-law or bridegroom),son-in-law,2
ḫwḫ,,,חוח,noun,n,xawx,خَوْخَة,ḵawḵa,חוֹחַ,khóakh,"wicket, aperture, sluice gate, canal lock (in a passage)","aperture, cleft",0
ḫzf,,,,noun,n,xazaf,خَزَف,ḵazaf,חֶרֶס,khéres,"earthenware, ceramic, pottery","pottery, earthenware; clay, ceramics",0
ḫzn,,خزن,חסן,noun,maqtal,maxzan,مَخْزَن,maḵzan,מַחְסָן,makhsán,"depot, warehouse",warehouse,3
ḫzn,,خزن,חסן,noun,qatl,xazn,خَزْن,ḵazn,חֹסֶן,khósen,"storing, accumulation, hoarding, amassing","riches, treasure",0
ḫzn,,خزن,חסן,noun,qatl,xazn,خَزْنَة,ḵazna,חֹסֶן,khósen,treasure house,"riches, treasure",0
ḫšn,,خشن,,adj,n,xašin,خَشِن,ḵašin,אָשׁוּן,ashún,tough (life),"hard, tough",0
ḫṭb,,خطب,כתב,adj/noun,n,xaṭib,خَاطِب,ḵāṭib,כָּתוּב,katúv,"betrothed, engaged",written,0
ḫṭf,,خطف,,verb,G,xaṭifa,خَطِفَ,ḵaṭifa,חָטַף,chatáf,"to abduct, to kidnap",to kidnap,1
ḫṭf,,خطف,,noun,n,xaṭaf,خَطْف,ḵaṭf,חָטַף,chatáf,"abduction, robbery",to kidnap,1
ḫṭmy,,,חלם,noun,n,xiṭmiyy,خِطْمِيّ,ḵiṭmiyy,חֶלְמִית,khelmít,a confectionery marshmallow,mallow,0
ḫṭʔ,,خطء,חטא,verb,G,xaṭiʔa,خَطِئَ,ḵaṭiʔa,חָטָא,khatá,to sin,to sin,3
ḫṭʔ,,خطء,חטא,verb,Š,šaxṭaʔa,أَخْطَأَ,ʔaḵṭaʔa,הֶחְטִיא,hekhtí',to miss (to fail to hit),"to miss, be off target",3
ḫṭʔ,,خطء,חטא,adj/noun,n,xaṭiʔ,خَاطِئَة,ḵāṭiʔa,חַטָּאת,khatát,"sin, sinfulness",A sin.,2
ḫṭʔ,,خطء,חטא,noun,n,xaṭiʔ,خَطِيئَة,ḵaṭīʔa,חַטָּאת,khatát,sin as a continuing state,A sin.,2
ḫṭʔ,,خطء,חטא,adj,n,xaṭṭaʔ,خَطَّاء,ḵaṭṭāʔ,חוֹטֵא,khoté,sinner,sinner,0
ḫṭʔ,,خطء,חטא,noun,n,xiṭʔ,خِطْء,ḵiṭʔ,חֵטְא,khet,sin,sin,2
ṣbr,,صبر/صنبر,צבר,adj/noun,,ṣabbar,صَبَّار,ṣabbār,צַבָּר,tsabár,cactus,prickly pear cactus,0
ṣbr,,صبر/صنبر,צבר,adj/noun,qattaːl,ṣabbār,صَبَّار,ṣabbār,צוֹבֵר,tsovér,frequently patient,cumulative,0
ṣbr,,صبر/صنبر,צבר,adj/name,n,ṣabir,صَابِر,ṣābir,צוֹבֵר,tsovér,"suffering, enduring, forbearing",cumulative,0
ṣbr,,صبر/صنبر,צבר,adj,n,ṣabur,صَبُور,ṣabūr,צוֹבֵר,tsovér,habitually patient,cumulative,0
ṣbr,,صبر/صنبر,צבר,noun,,ṣanawbar,صَنَوْبَر,ṣanawbar,צְנוֹבָּר,tsnobár,pine nut,"pine nut (the edible seed of any of several species of evergreen pine, especially Pinus pinea, Pinus cembra, and Pinus cembroides)",0
ṣbɣ,,صبغ,,verb,G,ṣabaga,صَبَغَ,ṣabaḡa,צָבַע,tsavá',"to dye, to pigmentate, to paint, to tincture","painted; (he) colored, (he) dyed",2
ṣbɣ,,صبغ,,noun,qitl,ṣibg,صِبْغ,ṣibḡ,צֶבַע,tséva',"dye, pigment, paint, tincture","dye, colourant",2
ṣbɣ,,صبغ,,noun,qitl,ṣibg,صِبْغَة,ṣibḡa,צֶבַע,tséva',"dye, colorant","dye, colourant",2
ṣd,,,ציד,verb,G,ṣada,صَادَ,ṣāda,צָד,tsad,"to hunt, to chase (game, fish), to fowl, to fish",to hunt,2
ṣdf,,,,noun,,ṣadap,صَدَف,ṣadaf,צֶדֶף,tsédef,"shell(s), seashell(s)",seashell,0
ṣdq,,صدق,צדק,noun,n+fem,miṣdaqiyya,مِصْدَاقِيَّة,miṣdāqiyya,צְדָקָה,ts'daká,credibility,righteousness,0
ṣdq,,صدق,צדק,adj,n,muṣaddaq,مُصَدَّق,muṣaddaq,צַדִּיק,tsadík,approved,righteous,1
ṣdq,,صدق,צדק,noun,n+fem,ṣadaqa,صَدَاقَة,ṣadāqa,צְדָקָה,ts'daká,friendship,charity,0
ṣdq,,صدق,צדק,noun,n+fem,ṣadaqa,صَدَقَة,ṣadaqa,צְדָקָה,ts'daká,alms; charitable gift; charity,charity,0
ṣdq,,صدق,צדק,noun,n+fem,ṣadaqa,صَدُقَة,ṣaduqa,צְדָקָה,ts'daká,dowry,charity,0
ṣdq,,صدق,צדק,adj/name,n,ṣadiq,صَادِق,ṣādiq,צַדִּיק,tsadík,"genuine, faithful, authentic","just, moral",0
ṣdq,,صدق,צדק,adj,n,ṣaduq,صَدُوق,ṣadūq,צַדִּיק,tsadík,"always truthful, veracious","just, moral",1
ṣdq,,صدق,צדק,adj,n,ṣiddiq,صِدِّيق,ṣiddīq,צַדִּיק,tsadík,"always truthful, veracious","just, moral",0
ṣff,,صفف,צפצף,noun,n,ṣafṣaf,صَفْصَاف,ṣafṣāf,צַפְצָפָה,tsaftsafá,willow (Salix gen. et spp.),willow,0
ṣfr,,صفر,ספר,verb,G,ṣafara,صَفَرَ,ṣafara,צָפַר,tsafár,to whistle,to honk,1
ṣfr,,صفر,ספר,name/noun,n,ṣafara,صَفَر,ṣafar,סְפָרוֹת,s'farót,verbal noun of صَفِرَ (ṣafira) (form I),plural indefinite form of סִפְרָה (sifrá),1
ṣhb,,,,adj,n,ʔaṣhab,أَصْهَب,ʔaṣhab,צָהֹב,tsahóv,of a color that is a mix of yellow and red; yellow-red or brownish-red; rufous,yellow (color),0
ṣlb,,صلب,צלב,verb,G,ṣalaba,صَلَبَ,ṣalaba,צָלַב,tzaláv,to crucify,to crucify,1
ṣlb,,صلب,צלב,adj/noun,n,ṣalib,صَلِيب,ṣalīb,צְלָב,tzlav,cross (geometrical figure),cross,1
ṣlfḥ,,صفح,,noun,n,ṣalaxan,صَحْن,ṣaḥn,צַלַּחַת,tsalákhat,"dish, plate, meal",plate (a slightly curved but almost flat dish from which food is served or eaten),0
ṣly,,صلي,,verb,G,ṣalaya,صَلَى,ṣalā,צָלָה,tsalá,"to roast, to broil, to fry","to roast, to grill",0
ṣn,,,,name,,ṣin,الصِّين,aṣ-ṣīn,סִין,sin,China (a region and country in East Asia),China (a country in Asia),0
ṣnj,,,כנר,noun,,kinnar,صَنْج,ṣanj,כִּנּוֹר,kinór,harp,harp,2
ṣnʕʔ,,,,name,,ṣanʕaʔ,صَنْعَاء,ṣanʕāʔ,צַנְעָא,tsan'a,Sanaa (the capital and largest city of Yemen),Sanaa (the capital and largest city of Yemen),0
ṣpp,,,ספף,noun,,ṣuppa,صُفَّة,ṣuffa,סַפָּה,sapá,"sofa, sill, shelf, console",a sofa,1
ṣpr,,صفر,ספר,adj,n,ʔaṣpar,أَصْفَر,ʔaṣfar,מִסְפָּרִי,misparí,yellow (“having yellow as its color”),"Numeric: of, pertaining to, or being a number.",1
ṣpr,,صفر,ספר,adj,n+nisba,ṣifpari,صِفْرِيّ,ṣifriyy,מִסְפָּרִי,misparí,zeroth,"Numeric: of, pertaining to, or being a number.",0
ṣry,,صري/صور/صير,צור,verb,G,ṣaraya,صَارَ,ṣāra,צָר,tsar,"to make, to incline or bend towards a shape",to shape,0
ṣrḥ,,صرح,צרח,noun,n,ṣariax,صَرْح,ṣarḥ,צְרִיחַ,ts'ríakh,skyscraper,"spire, tower",0
ṣrḫ,,صرخ,,verb,G,ṣaraxa,صَرَخَ,ṣaraḵa,צָרַח,tsarákh,"to scream, to shout, to shriek",to scream,0
ṣtm,,,,adj,n,ṣatam,صَتَم,ṣatam,סְתָם,stám,"strong, robust, mature","unspecial, ordinary",2
ṣwm,,صوم,צום,verb,G,ṣawama,صَامَ,ṣāma,צָם,tsám,"to fast (to abstain, usually from food and drink)",to fast (to abstain from food and drink),1
ṣwr,,صور,צור,noun,qatl,ṣawr,صَوْر,ṣawr,צַוָּאר,tsavár,side of the neck,neck,1
ṣwr,,صور,צור,noun,n+fem,ṣura,صُورَة,ṣūra,צוּרָה,tsurá,"form, shape, figure","shape (appearance or outline), form, figure",2
ṣyd,,صيد,ציד,noun,n,ṣayid,صَيْد,ṣayd,צַיִד,tsáyid,"hunt, hunting, fishing","a hunt (the act of hunting, shooting)",2
ṣyd,,صيد,ציד,noun,qattaːl,ṣayyād,صَيَّاد,ṣayyād,צַיָּד,tsayád,hunter,hunter,2
ṣyr,,,,noun,n,ṣayyara,صِير,ṣīr,צִיר,tsír,brine,"broth, sauce",0
ṣɣr,,صغر,צער,adj,n,ʔaṣgar,أَصْغَر,ʔaṣḡar,צָעִיר,tsa'ír,"junior (age, rank, etc.)",Young (in the early part of life or growth).,1
ṣɣr,,صغر,צער,adj,n,ṣagir,صَاغِر,ṣāḡir,צָעִיר,tsa'ír,recessive,Young (in the early part of life or growth).,0
ṣɣr,,صغر,צער,adj,,ṣagir,صَغِير,ṣaḡīr,צָעִיר,tsa'ír,young (for a person),Young (in the early part of life or growth).,0
ṣɣr,,صغر,צער,adj/noun,qatiːl+fem,ṣagīra,صَغِيرَة,ṣaḡīra,צְעִירָה,ts'irá,feminine singular of صَغِير (ṣaḡīr),feminine singular indefinite form of צָעִיר (tza'ír),0
ṣʕd,,صعد,צעד,noun,n,miṣʕad,مِصْعَد,miṣʕad,צַעַד,tsá'ad,"step, stairs, ladder","step, pace",0
ṣḥp,,صحف,צחף,noun,,muṣxap,مُصْحَف,muṣḥaf,מִצְחָף,mitskháf,"manuscript, codex, text",A codex of the Bible (as a book rather than a scroll).,0
ṣḥḥ,,صحح,צחח,adj,n,ṣaxiax,صَحِيح,ṣaḥīḥ,צָחִיחַ,tsakhíakh,"complete, perfect, whole","dry, arid",1
ṣḥḥ,,صحح,צחח,adj,n,ṣaxiaxx,صِحِّيّ,ṣiḥḥiyy,צָחִיחַ,tsakhíakh,sanitary,"dry, arid",1
ṭbʕ,,,,noun,n,ṭabaʕ,طَبْع,ṭabʕ,טֶבַע,téva,nature,nature (essential characteristics),0
ṭbḫ,,طبخ,טבח,noun,maqtal,maṭbax,مَطْبَخ,maṭbaḵ,מִטְבָּח,mitbákh,kitchen,kitchen,1
ṭbḫ,,طبخ,טבח,noun,qattaːl,ṭabbāx,طَبَّاخ,ṭabbāḵ,טַבָּח,tabákh,cook,"cook, chef",1
ṭfw,,طفو,צוף,verb,G,ṭafawa,طَفَا,ṭafā,צָף,tsaf,to float,to float,2
ṭhr,,طهر,טהר,verb,D,ṭahhara,طَهَّرَ,ṭahhara,טִהֵר,tihér,to purify,to purify,2
ṭhr,,طهر,טהר,verb,tD,taṭahhara,تَطَهَّرَ,taṭahhara,הִטַּהֵר,hitahér,"to cause oneself to be clean, to make oneself purified, to remove impurities from oneself",to purify oneself,1
ṭhr,,طهر,טהר,noun,n,maṭihar,مَطْهَر,maṭhar,טִהֵר,tihér,Purgatory,to purify,2
ṭhr,,طهر,טהר,noun,n,taṭhir,تَطْهِير,taṭhīr,טִהֵר,tihér,"purification, purgation, sanctification",to purify,2
ṭhr,,طهر,טהר,adj/name,n,ṭahir,طَاهِر,ṭāhir,טָהוֹר,tahór,pure; clean,pure; clean; innocent,0
ṭll,,طلل,טלל,noun,n,ṭalla,طَلّ,ṭall,טַל,tal,dew; drizzle,dew,0
ṭnṭ,,,טוט,noun,,ṭin,طِين,ṭīn,טִיט,tít,"wet or sticky soil, clay, loam; mud","mud, silt, mire",1
ṭpyl,,,,noun,,ṭupayl,طُفَيْل,ṭufayl,טַפִּיל,tapil,parasite,parasite,0
ṭqs,,,טקס,noun,,ṭaqs,طَقْس,ṭaqs,טֶקֶס,tékes,"ritual, rite, any ceremonized practice","ritual, ceremony",0
ṭr,,,,adj,n+nisba,ṭari,طَرِيّ,ṭariyy,טָרִי,tarí,fresh,fresh,0
ṭrq,,طرق,,noun,n,ṭariq,طَرِيق,ṭarīq,דֶּרֶךְ,dérekh,"way, road, path, track, street","a road, a path, a way",3
ṭwr,,,צור,noun,,ṣurr,طُور,ṭūr,צוּר,tsúr,mountain,"cliff, rock",4
ṭyb,,,טוב,adj/name,,ṭab,طَيِّب,ṭayyib,טוֹב,tov,"charming, pleasant, agreeable","good, fair, fine",0
ṭʕm,,طعم,טעם,verb,G,ṭaʕima,طَعِمَ,ṭaʕima,טָעַם,ta'ám,"to degust, to taste",to taste,1
ṭʕm,,طعم,טעם,adj,n,miṭaʕam,مِطْعَام,miṭʕām,טָעִים,ta'ím,having the tendency to feed,tasty (having a pleasant taste),0
ṭʕm,,طعم,טעם,noun,n,ṭaʕam,طَعَام,ṭaʕām,טַעַם,tá'am,food,taste (sense),0
ṭʕm,,طعم,טעם,noun,n,ṭaʕam,طَعْم,ṭaʕm,טָעַם,ta'ám,"taste, flavor",to taste,1
ṭḥl,,,,noun,,ṭixal,طِحَال,ṭiḥāl,טְחוֹל,təḥṓl,"spleen, milt",spleen,0
ṭḥn,,طحن,טחן,verb,G,ṭaxan,طَحَنَ,ṭaḥana,טָחַן,takhán,"to grind, to mill","to grind, to crush",0
ṭḥn,,طحن,טחן,noun,n+fem,miṭaxana,مِطْحَنَة,miṭḥana,טַחֲנָה,takhaná,"mill, grinder (the contrivance whereby milling is accomplished)",mill,1
ṭḥn,,طحن,טחן,adj/noun,n,ṭaxin,طَحِين,ṭaḥīn,טְחִינָה,t'khiná,flour,grinding grain into flour,0
ṭḥn,,طحن,טחן,adj/noun,n,ṭaxin,طَحِين,ṭaḥīn,טָחוּן,takhún,"ground, crushed","ground, shredded, milled, pulverised, scrunched",0
ṭḥn,,طحن,טחן,noun,,ṭaxina,طَحِينَة,ṭaḥīna,טְחִינָה,t'khiná,"tahini, paste made from ground sesame seeds",tahini,0
ṭḥn,,طحن,טחן,noun,n+fem,ṭaxuna,طَاحُونَة,ṭāḥūna,טַחֲנָה,takhaná,mill,mill,0
ṭḥn,,طحن,טחן,noun,qattaːl,ṭaxxān,طَحَّان,ṭaḥḥān,טַחֲנָה,takhaná,miller,mill,1
ṯd,,,שׁד,noun,,sadaʔa,ثَدْي,ṯady,שָׁד,shad,breast,breast,0
ṯlj,,,,noun,,salg,ثَلْج,ṯalj,שֶׁלֶג,shéleg,snow,snow,0
ṯlm,,ثلم,,noun,qatl,salm,ثَلْم,ṯalm,תֶּלֶם,télem,"notch, furrow, gap","a furrow, a ridge (a bank or terrace)",0
ṯlṯ,,ثلث/عشر,עשׂר/שׁלשׁ,num,,salas,ثَلَاثَة,ṯalāṯa,שְׁלוֹשָׁה,sh'loshá,three,three,3
ṯlṯ,,ثلث/عشر,עשׂר/שׁלשׁ,adj,G,salisaʕasara,ثَالِثَ عَشَرَ,ṯāliṯa ʕašara,עֲשִׂירִי,asirí,thirteenth,tenth,0
ṯm,,,,noun,,sum,ثُوم,ṯūm,שׁוּם,shúm,garlic,garlic (a preparation from Allium sativum used as a food ingredient or the flavor or other characteristics of such an ingredient),0
ṯml,,,,verb,G,samar,ثَمَلَ,ṯamala,שָׁמַר,shamár,"to stay, remain staying",to keep,2
ṯmm,,ثمم,,adv/verb,G,samama,ثَمَّ,ṯamma,שָׁם,sham,there,there (somewhere at some distance from the speaker),1
ṯmn,,ثمن/عشر,עשׂר/שׁמן,num,,samaniy,ثَمَانِيَة,ṯamāniya,שְׁמוֹנָה,sh'moná,eight,eight,0
ṯmn,,ثمن/عشر,עשׂר/שׁמן,adj,G,saminaʕasara,ثَامِنَ عَشَرَ,ṯāmina ʕašara,עֲשִׂירִי,asirí,eighteenth,tenth,0
ṯn,,,שׁנה,verb,G,sana,ثَنَى,ṯanā,שָׁנָה,shaná,"to repeat, do a second time",to repeat (to do something an additional time),0
ṯnn,,,שׁנה,num,,sin,اِثْنَان,iṯnān,שְׁנַייִם,sh'náyim,two,two,3
ṯny,,ثني/عشر,עשׂר/שׁנה,noun,,mišni,اَلْمِشْنَاه,al-mišnāh,מִשְׁנָה,mishná,"Mishna, Mishnah",Mishnah (part of the Talmud),0
ṯny,,ثني/عشر,עשׂר/שׁנה,adj/noun,n,musannan,مُثَنَّاة,muṯannāh,מְשֻׁנֶּה,m'shuné,feminine singular of مُثَنًّى (muṯannan),feminine singular indefinite form of משונה.,0
ṯny,,ثني/عشر,עשׂר/שׁנה,adj,n,sanin,ثَانٍ,ṯānin,שֵׁנִי,shení,second,second,6
ṯny,,ثني/عشر,עשׂר/שׁנה,adj/noun,n+fem,sanina,ثَانِيَة,ṯāniya,שְׁנִיָּה,sh'niyá,feminine singular of ثَانٍ (ṯānin),feminine singular indefinite form of שֵׁנִי (shení),3
ṯny,,ثني/عشر,עשׂר/שׁנה,adj,G,saniyaʕasara,ثَانِيَ عَشَرَ,ṯāniya ʕašara,עֲשִׂירִי,asirí,twelfth,tenth,0
ṯql,,ثقل,שׁקל,verb,G,saqala,ثَقَلَ,ṯaqala,שָׁקַל,shakál,to weigh; to determine the weight of an object,"to weigh, weigh in",1
ṯql,,ثقل,שׁקל,verb,G,saqala,ثَقُلَ,ṯaqula,שָׁקַל,shakál,to be heavy,"to weigh, weigh in",1
ṯql,,ثقل,שׁקל,noun,maqtal,masqal,مِثْقَال,miṯqāl,מִשְׁקָל,mishkál,weight,weight,2
ṯql,,ثقل,שׁקל,adj,n,saqil,ثَقِيل,ṯaqīl,שָׁקוּל,shakúl,weighty,weighed,2
ṯql,,ثقل,שׁקל,noun,n,sišqalun,ثِقَل,ṯiqal,מִשְׁקָל,mishkál,heaviness,weight,3
ṯql,,ثقل,שׁקל,adj,n,ʔasqal,أَثْقَل,ʔaṯqal,שָׁקוּל,shakúl,elative degree of ثَقِيل (ṯaqīl),"measured, reasonable, level-headed",0
ṯqln,,,שׁקל,noun,n,siqalun,ثِقْل,ṯiql,שָׁקַל,shakál,weight,"to weigh, weigh in",1
ṯwb,,ثوب,שׁוב,verb,G,sawaba,ثَابَ,ṯāba,שָׁב,sháv,"to return, to come back",to return (to go back to a place or person),3
ṯwr,,ثور,,noun,,sawr,ثَوْر,ṯawr,שׁוֹר,shor,"bull, steer, ox",ox,0
ṯʕl,,,שׁעל,noun,,saʕlab,ثَعْلَب,ṯaʕlab,שׁוּעָל,shu'ál,fox (Vulpes vulpes),"fox (the red fox, a small carnivore (Vulpes vulpes) with red or silver fur)",0
ṯ̣by,,,צבה,noun,n,ṣabiy,ظَبْي,ẓaby,צְבִי,tsví,"gazelle, mountain goat, antelope",gazelle,0
ṯ̣fr,,,,noun,,ṣupr,ظُفْر,ẓufr,טֹפֶר,tofer,claw,claw,1
ṯ̣hr,,,צהר,noun,n,ṣuhar,ظُهْر,ẓuhr,צׇהֳרַיִם,tsohoráyim,"noon, midday","Noon, midday.",0
ṯ̣ll,,,צלל,noun,,ṣill,ظِلّ,ẓill,צֵל,tsél,"shadow, shade","Shade, a shaded area.",0
ṯ̣mʔ,,,צמא,verb,G,ṣamiʔ,ظَمِئَ,ẓamiʔa,צָמֵא,tsamé,"to thirst, be thirsty","to thirst, be thirsty",1
ṯ̣mʔ,,,צמא,adj,,ṣamiʔ,ظَمِئ,ẓamiʔ,צָמֵא,tsamé,thirsty,thirsty,1
,,,,name,,daʕiš,دَاعِش,dāʕiš,דָאעֵ״ש,"dá'e""sh","ISIS, ISIL, IS","ISIS, ISIL",0
